timestamp,open,high,low,close
2018-09-07,110.669,111.248,110.36,110.988
2018-09-06,111.463,111.513,110.5,110.667
2018-09-05,111.46,111.758,111.37,111.464
2018-09-04,111.089,111.533,110.87,111.461
2018-09-03,111.183,111.189,110.837,111.089
2018-09-02,111.044,111.186,110.998,111.169
2018-08-31,111.018,111.135,110.66,111.02
2018-08-30,111.724,111.755,110.93,111.018
2018-08-29,111.165,111.829,111.09,111.725
2018-08-28,111.072,111.358,110.93,111.181
2018-08-27,111.244,111.348,110.9,111.074
2018-08-26,111.24,111.359,111.2,111.247
2018-08-24,111.352,111.487,111.07,111.216
2018-08-23,110.549,111.395,110.51,111.352
2018-08-22,110.073,110.617,110,110.549
2018-08-21,109.931,110.547,109.74,110.078
2018-08-20,110.508,110.685,109.89,109.93
2018-08-19,110.475,110.608,110.46,110.499
2018-08-17,110.943,111.052,110.28,110.49
2018-08-16,110.629,111.124,110.44,110.945
2018-08-15,111.179,111.432,110.41,110.63
2018-08-14,110.722,111.315,110.56,111.18
2018-08-13,110.595,110.939,110.08,110.722
2018-08-12,110.57,110.747,110.3,110.595
2018-08-10,111.157,111.17,110.49,110.797
2018-08-09,110.882,111.185,110.68,111.158
2018-08-08,111.364,111.439,110.81,110.882
2018-08-07,111.363,111.479,110.96,111.364
2018-08-06,111.246,111.527,111.14,111.362
2018-08-05,111.24,111.263,111.12,111.246
2018-08-03,111.626,111.875,111.07,111.205
2018-08-02,111.67,111.737,111.305,111.619
2018-08-01,111.767,112.152,111.37,111.67
2018-07-31,111.022,111.958,110.738,111.767
2018-07-30,110.964,111.165,110.86,111.021
2018-07-29,110.938,111.026,110.87,110.964
2018-07-27,111.201,111.256,110.77,111.021
2018-07-26,110.915,111.25,110.57,111.201
2018-07-25,111.242,111.384,110.64,110.915
2018-07-24,111.377,111.514,110.93,111.24
2018-07-23,111.333,111.544,110.74,111.376
2018-07-22,111.397,111.508,111.16,111.334
2018-07-20,112.446,112.623,111.35,111.416
2018-07-19,112.858,113.176,112.043,112.443
2018-07-18,112.924,113.138,112.69,112.858
2018-07-17,112.313,112.949,112.2,112.924
2018-07-16,112.397,112.564,112.2,112.308
2018-07-15,112.3,112.429,112.09,112.395
2018-07-13,112.607,112.8,112.24,112.33
2018-07-12,111.941,112.661,111.89,112.607
2018-07-11,110.842,112.176,110.74,111.942
2018-07-10,110.87,111.354,110.77,110.841
2018-07-09,110.409,110.903,110.33,110.87
2018-07-08,110.444,110.479,110.28,110.408
2018-07-06,110.659,110.786,110.35,110.464
2018-07-05,110.472,110.732,110.27,110.659
2018-07-04,110.5,110.557,110.25,110.471
2018-07-03,110.839,111.135,110.45,110.5
2018-07-02,110.702,111.063,110.57,110.838
2018-07-01,110.72,110.84,110.48,110.702
2018-06-29,110.488,110.943,110.35,110.67
2018-06-28,110.231,110.649,109.94,110.49
2018-06-27,110.057,110.49,109.65,110.231
2018-06-26,109.676,110.216,109.35,110.058
2018-06-25,109.921,110.042,109.35,109.677
2018-06-24,109.89,110.02,109.72,109.921
2018-06-22,109.902,110.218,109.78,109.855
2018-06-21,110.37,110.76,109.81,109.899
2018-06-20,110.034,110.451,109.82,110.376
2018-06-19,110.542,110.548,109.53,110.034
2018-06-18,110.611,110.669,110.27,110.542
2018-06-17,110.641,110.737,110.56,110.614
2018-06-15,110.573,110.904,110.36,110.635
2018-06-14,110.195,110.694,109.89,110.571
2018-06-13,110.445,110.848,110.06,110.19
2018-06-12,110.165,110.543,110.07,110.443
2018-06-11,109.414,110.173,109.34,110.165
2018-06-10,109.477,109.504,109.2,109.418
2018-06-08,109.691,109.853,109.17,109.515
2018-06-07,110.16,110.222,109.47,109.692
2018-06-06,109.827,110.267,109.76,110.16
2018-06-05,109.9,110.005,109.45,109.826
2018-06-04,109.552,109.907,109.35,109.891
2018-06-03,109.462,109.556,109.41,109.552
2018-06-01,108.773,109.736,108.7,109.518
2018-05-31,108.824,109.003,108.37,108.773
2018-05-30,108.627,109.075,108.32,108.824
2018-05-29,109.45,109.459,108.08,108.629
2018-05-28,109.644,109.748,109.22,109.45
2018-05-27,109.463,109.832,109.373,109.641
2018-05-26,109.425,109.425,109.425,109.425
2018-05-25,109.257,109.744,109.09,109.425
2018-05-24,109.985,110.044,108.93,109.259
2018-05-23,110.824,110.879,109.54,109.989
2018-05-22,110.956,111.186,110.75,110.824
2018-05-21,110.866,111.396,110.8,110.957
2018-05-20,110.835,111.012,110.72,110.866
2018-05-18,110.783,111.082,110.58,110.776
2018-05-17,110.294,110.86,110.06,110.783
2018-05-16,110.286,110.408,110.01,110.294
2018-05-15,109.708,110.456,109.63,110.285
2018-05-14,109.36,109.717,109.18,109.705
2018-05-13,109.361,109.404,109.24,109.364
2018-05-11,109.407,109.568,109.12,109.38
2018-05-10,109.746,110.019,109.29,109.406
2018-05-09,109.1,109.833,108.97,109.745
2018-05-08,109.137,109.352,108.81,109.1
2018-05-07,109.087,109.398,108.73,109.135
2018-05-06,109.11,109.19,109,109.077
2018-05-04,109.155,109.274,108.62,109.101
2018-05-03,109.831,109.856,108.9,109.157
2018-05-02,109.908,110.037,109.56,109.829
2018-05-01,109.271,109.911,109.22,109.908
2018-04-30,109.142,109.452,108.99,109.267
2018-04-29,109.105,109.164,108.965,109.144
2018-04-27,109.348,109.539,108.96,109.033
2018-04-26,109.409,109.457,109.03,109.35
2018-04-25,108.857,109.469,108.76,109.409
2018-04-24,108.672,109.202,108.52,108.856
2018-04-23,107.78,108.754,107.7,108.672
2018-04-22,107.61,107.83,107.599,107.78
2018-04-20,107.425,107.856,107.34,107.647
2018-04-19,107.215,107.517,107.18,107.423
2018-04-18,107.033,107.386,106.98,107.213
2018-04-17,107.115,107.213,106.85,107.033
2018-04-16,107.542,107.586,107.01,107.114
2018-04-15,107.341,107.609,107.263,107.541
2018-04-13,107.249,107.78,107.18,107.32
2018-04-12,106.792,107.43,106.67,107.249
2018-04-11,107.208,107.226,106.62,106.8
2018-04-10,106.728,107.399,106.59,107.207
2018-04-09,106.898,107.203,106.59,106.734
2018-04-08,106.817,107.04,106.76,106.894
2018-04-06,107.15,107.46,106.75,106.892
2018-04-05,106.781,107.493,106.68,107.15
2018-04-04,106.507,106.848,105.97,106.78
2018-04-03,105.835,106.662,105.66,106.504
2018-04-02,106.302,106.45,105.63,105.833
2018-04-01,106.237,106.405,106.167,106.292
2018-03-30,106.481,106.515,106.09,106.248
2018-03-29,106.818,106.934,106.23,106.481
2018-03-28,105.401,107.012,105.34,106.82
2018-03-27,105.452,105.903,105.29,105.398
2018-03-26,104.727,105.549,104.69,105.452
2018-03-25,104.695,104.821,104.54,104.727
2018-03-23,104.85,105.286,104.62,104.729
2018-03-22,105.958,105.984,104.61,104.848
2018-03-21,106.537,106.64,105.85,105.963
2018-03-20,106.042,106.608,105.9,106.538
2018-03-19,105.975,106.307,105.65,106.04
2018-03-18,105.928,106.069,105.78,105.977
2018-03-16,106.288,106.367,105.57,105.976
2018-03-15,106.318,106.415,105.76,106.288
2018-03-14,106.497,106.749,106.04,106.319
2018-03-13,106.405,107.292,106.22,106.487
2018-03-12,106.942,106.972,106.29,106.404
2018-03-11,106.78,106.961,106.56,106.942
2018-03-10,106.79,106.79,106.77,106.77
2018-03-09,106.287,107.052,106.249,106.806
2018-03-08,106.126,106.315,105.88,106.286
2018-03-07,105.658,106.225,105.43,106.125
2018-03-06,106.211,106.464,105.54,105.66
2018-03-05,105.609,106.238,105.32,106.214
2018-03-04,105.63,105.712,105.398,105.609
2018-03-02,106.095,106.298,105.23,105.716
2018-03-01,106.651,107.205,106.05,106.095
2018-02-28,107.347,107.528,106.54,106.654
2018-02-27,107.005,107.675,106.76,107.348
2018-02-26,107.046,107.116,106.35,107.003
2018-02-25,106.755,107.257,106.695,107.054
2018-02-23,106.724,107.133,106.48,106.796
2018-02-22,107.749,107.763,106.57,106.723
2018-02-21,107.315,107.903,107.26,107.748
2018-02-20,106.607,107.377,106.57,107.316
2018-02-19,106.306,106.728,106.07,106.605
2018-02-18,106.297,106.403,106.179,106.309
2018-02-16,106.152,106.399,105.52,106.126
2018-02-15,106.967,106.984,106.009,106.15
2018-02-14,107.829,107.903,106.7,106.971
2018-02-13,108.719,108.781,107.4,107.828
2018-02-12,108.828,108.893,108.41,108.717
2018-02-11,108.777,108.935,108.669,108.849
2018-02-09,108.756,109.31,108.02,108.777
2018-02-08,109.368,109.784,108.56,108.745
2018-02-07,109.7,109.704,108.889,109.372
2018-02-06,109.129,109.712,108.44,109.699
2018-02-05,110.267,110.281,108.983,109.13
2018-02-04,110.1,110.29,109.872,110.269
2018-02-02,109.454,110.482,109.26,110.03
2018-02-01,109.191,109.751,109.07,109.452
2018-01-31,108.761,109.446,108.57,109.193
2018-01-30,108.993,109.205,108.389,108.758
2018-01-29,108.65,109.203,108.48,108.992
2018-01-28,108.56,108.787,108.56,108.654
2018-01-26,109.654,109.771,108.26,108.516
2018-01-25,109.184,109.703,108.47,109.653
2018-01-24,110.281,110.338,108.94,109.185
2018-01-23,110.931,111.179,110.207,110.276
2018-01-22,110.614,111.224,110.53,110.931
2018-01-21,110.613,110.676,110.484,110.616
2018-01-19,111.047,111.129,110.469,110.615
2018-01-18,111.353,111.482,110.67,111.047
2018-01-17,110.434,111.362,110.16,111.348
2018-01-16,110.544,110.983,110.22,110.437
2018-01-15,111.095,111.185,110.3,110.545
2018-01-14,111.006,111.167,110.942,111.093
2018-01-12,111.228,111.698,110.88,110.941
2018-01-11,111.398,111.876,111.01,111.228
2018-01-10,112.622,112.785,111.25,111.39
2018-01-09,113.158,113.18,112.33,112.623
2018-01-08,113.116,113.387,112.85,113.146
2018-01-07,113.043,113.158,112.964,113.112
2018-01-05,112.774,113.32,112.699,112.985
2018-01-04,112.542,112.864,112.46,112.775
2018-01-03,112.224,112.608,112.14,112.543
2018-01-02,112.593,112.791,112.03,112.227
2018-01-01,112.67,112.701,112.555,112.586
2017-12-31,112.666,112.669,112.666,112.669
2017-12-29,112.881,112.969,112.44,112.614
2017-12-28,113.234,113.266,112.64,112.882
2017-12-27,113.188,113.384,113.108,113.233
2017-12-26,113.296,113.36,113.1,113.19
2017-12-25,113.235,113.35,113.114,113.294
2017-12-24,113.247,113.346,113.179,113.224
2017-12-22,113.351,113.448,113.22,113.256
2017-12-21,113.344,113.638,113.19,113.349
2017-12-20,112.851,113.466,112.835,113.346
2017-12-19,112.56,113.079,112.48,112.853
2017-12-18,112.618,112.831,112.29,112.553
2017-12-17,112.621,112.743,112.407,112.623
2017-12-15,112.379,112.744,112.01,112.577
2017-12-14,112.684,112.883,112.04,112.375
2017-12-13,113.54,113.575,112.44,112.684
2017-12-12,113.537,113.751,113.34,113.541
2017-12-11,113.581,113.69,113.21,113.538
2017-12-10,113.377,113.588,113.354,113.576
2017-12-08,113.079,113.59,113.05,113.386
2017-12-07,112.238,113.159,112.18,113.082
2017-12-06,112.592,112.623,111.97,112.238
2017-12-05,112.491,112.867,112.34,112.588
2017-12-04,112.743,113.09,112.33,112.494
2017-12-03,112.346,112.978,112.341,112.743
2017-12-01,112.669,112.875,111.401,112.129
2017-11-30,112.002,112.695,111.71,112.667
2017-11-29,111.492,112.151,111.35,112.004
2017-11-28,111.063,111.641,110.9,111.494
2017-11-27,111.597,111.692,110.82,111.063
2017-11-26,111.52,111.648,111.34,111.6
2017-11-24,111.227,111.623,111.16,111.488
2017-11-23,111.24,111.381,111.04,111.222
2017-11-22,112.467,112.476,111.11,111.25
2017-11-21,112.577,112.704,112.15,112.466
2017-11-20,112.184,112.719,111.86,112.578
2017-11-19,112.115,112.197,111.986,112.181
2017-11-17,113.11,113.144,111.91,111.996
2017-11-16,112.884,113.333,112.72,113.113
2017-11-15,113.465,113.496,112.46,112.883
2017-11-14,113.604,113.912,113.28,113.468
2017-11-13,113.593,113.714,113.21,113.605
2017-11-12,113.455,113.609,113.371,113.59
2017-11-10,113.45,113.635,113.19,113.51
2017-11-09,113.858,114.069,113.07,113.462
2017-11-08,113.818,113.924,113.37,113.858
2017-11-07,113.782,114.342,113.68,113.835
2017-11-06,114.133,114.735,113.658,113.782
2017-11-05,113.94,114.14,113.872,114.134
2017-11-03,114.033,114.428,113.624,113.986
2017-11-02,114.159,114.217,113.52,114.033
2017-11-01,113.641,114.282,113.6,114.155
2017-10-31,113.137,113.732,112.93,113.641
2017-10-30,113.729,113.836,113,113.136
2017-10-29,113.695,113.805,113.56,113.74
2017-10-28,113.64,113.64,113.64,113.64
2017-10-27,114.098,114.452,113.603,113.658
2017-10-26,113.627,114.101,113.32,114.098
2017-10-25,113.971,114.245,113.46,113.621
2017-10-24,113.36,114.022,113.23,113.971
2017-10-23,113.883,114.1,113.22,113.365
2017-10-22,113.66,113.949,113.62,113.883
2017-10-20,112.589,113.57,112.53,113.479
2017-10-19,113.085,113.147,112.28,112.589
2017-10-18,112.174,113.092,112.11,113.085
2017-10-17,112.173,112.48,112.01,112.168
2017-10-16,111.933,112.289,111.63,112.173
2017-10-15,111.79,111.978,111.641,111.93
2017-10-13,112.258,112.305,111.67,111.791
2017-10-12,112.486,112.506,112.1,112.259
2017-10-11,112.37,112.586,112.05,112.486
2017-10-10,112.679,112.828,111.96,112.374
2017-10-09,112.494,112.747,112.45,112.679
2017-10-08,112.657,112.751,112.29,112.494
2017-10-06,112.808,113.44,112.519,112.545
2017-10-05,112.765,112.92,112.39,112.808
2017-10-04,112.824,112.938,112.3,112.765
2017-10-03,112.669,113.196,112.64,112.819
2017-10-02,112.631,113.059,112.51,112.669
2017-10-01,112.476,112.7,112.35,112.628
2017-09-29,112.405,112.737,112.19,112.428
2017-09-28,112.888,113.21,112.23,112.409
2017-09-27,112.265,113.257,112.23,112.888
2017-09-26,111.724,112.476,111.47,112.26
2017-09-25,112.331,112.531,111.45,111.722
2017-09-24,111.93,112.388,111.86,112.332
2017-09-22,112.46,112.556,111.63,111.958
2017-09-21,112.368,112.716,112.11,112.461
2017-09-20,111.556,112.533,111.094,112.36
2017-09-19,111.488,111.881,111.19,111.558
2017-09-18,111.031,111.663,110.99,111.482
2017-09-17,110.87,111.172,110.752,111.034
2017-09-15,109.939,111.334,109.87,110.731
2017-09-14,110.491,111.04,109.53,109.943
2017-09-13,110.221,110.692,109.88,110.497
2017-09-12,109.27,110.254,109.24,110.22
2017-09-11,108.345,109.507,108.15,109.267
2017-09-10,107.87,108.492,107.836,108.345
2017-09-08,108.431,108.486,107.29,107.83
2017-09-07,109.18,109.249,108.04,108.428
2017-09-06,108.584,109.398,108.43,109.174
2017-09-05,109.669,109.835,108.49,108.584
2017-09-04,109.829,109.934,109.35,109.664
2017-09-03,109.31,109.897,109.181,109.825
2017-09-01,110.05,110.482,109.53,110.247
2017-08-31,110.292,110.671,109.85,110.054
2017-08-30,109.57,110.441,109.527,110.291
2017-08-29,108.638,109.902,108.26,109.571
2017-08-28,109.265,109.413,108.31,108.637
2017-08-27,109.29,109.329,109.077,109.265
2017-08-25,109.57,109.844,109.075,109.36
2017-08-24,108.931,109.608,108.816,109.572
2017-08-23,109.683,109.827,108.82,108.931
2017-08-22,109.039,109.76,108.851,109.676
2017-08-21,109.397,109.423,108.609,109.036
2017-08-20,109.3,109.41,109.109,109.398
2017-08-18,109.482,109.6,108.569,109.14
2017-08-17,110.093,110.369,109.322,109.482
2017-08-16,110.632,110.949,109.987,110.093
2017-08-15,109.743,110.848,109.666,110.63
2017-08-14,109.141,109.802,109.071,109.738
2017-08-13,109.05,109.221,108.92,109.14
2017-08-11,109.157,109.406,108.718,109.05
2017-08-10,109.938,110.179,109.071,109.157
2017-08-09,110.11,110.167,109.52,109.942
2017-08-08,110.75,110.83,110.034,110.112
2017-08-07,110.775,110.92,110.598,110.752
2017-08-06,110.6,110.81,110.589,110.782
2017-08-04,109.964,111.051,109.808,110.64
2017-08-03,110.709,110.829,109.815,109.958
2017-08-02,110.367,110.984,110.255,110.712
2017-08-01,110.301,110.591,109.906,110.374
2017-07-31,110.53,110.774,110.177,110.306
2017-07-30,110.658,110.715,110.478,110.538
2017-07-28,111.236,111.289,110.532,110.654
2017-07-27,111.119,111.712,110.738,111.23
2017-07-26,111.876,112.202,111.011,111.119
2017-07-25,111.197,111.958,110.792,111.876
2017-07-24,111.122,111.319,110.587,111.201
2017-07-23,111.018,111.2,110.988,111.122
2017-07-21,111.882,112.08,110.977,111.153
2017-07-20,111.884,112.419,111.46,111.882
2017-07-19,112.076,112.234,111.52,111.892
2017-07-18,112.604,112.661,111.644,112.076
2017-07-17,112.572,112.868,112.298,112.603
2017-07-16,112.5,112.62,112.358,112.568
2017-07-14,113.359,113.579,112.24,112.48
2017-07-13,113.3,113.53,112.828,113.364
2017-07-12,113.894,113.906,112.9,113.302
2017-07-11,114.06,114.496,113.686,113.901
2017-07-10,114.011,114.302,113.874,114.061
2017-07-09,113.96,114.066,113.783,114.014
2017-07-07,113.116,114.181,113.067,113.869
2017-07-06,113.119,113.471,112.857,113.122
2017-07-05,113.048,113.686,112.786,113.113
2017-07-04,113.324,113.404,112.73,113.052
2017-07-03,112.277,113.472,112.164,113.324
2017-07-02,112.15,112.345,111.88,112.273
2017-06-30,111.965,112.606,111.709,112.36
2017-06-29,112.329,112.928,111.8,111.965
2017-06-28,112.238,112.479,111.8,112.324
2017-06-27,111.864,112.467,111.424,112.237
2017-06-26,111.222,111.945,111.17,111.86
2017-06-25,111.1,111.322,111.1,111.222
2017-06-23,111.285,111.431,111.128,111.26
2017-06-22,111.365,111.449,110.914,111.284
2017-06-21,111.377,111.74,111.03,111.365
2017-06-20,111.639,111.788,111.279,111.381
2017-06-19,110.845,111.693,110.804,111.636
2017-06-18,110.858,110.92,110.704,110.85
2017-06-16,110.865,111.419,110.619,110.67
2017-06-15,109.339,110.981,109.23,110.86
2017-06-14,110.061,110.343,108.811,109.346
2017-06-13,109.834,110.272,109.802,110.057
2017-06-12,110.375,110.382,109.6,109.835
2017-06-11,110.31,110.441,110.172,110.375
2017-06-09,110.017,110.813,109.778,110.327
2017-06-08,109.735,110.386,109.359,110.01
2017-06-07,109.409,109.883,109.08,109.741
2017-06-06,110.465,110.48,109.186,109.409
2017-06-05,110.476,110.74,110.28,110.469
2017-06-04,110.34,110.57,110.205,110.477
2017-06-02,111.388,111.711,110.3,110.357
2017-06-01,110.829,111.483,110.674,111.388
2017-05-31,110.86,111.226,110.462,110.833
2017-05-30,111.229,111.29,110.635,110.859
2017-05-29,111.211,111.469,111.159,111.229
2017-05-28,111.3,111.324,111.125,111.216
2017-05-26,111.766,111.808,110.838,111.31
2017-05-25,111.624,111.952,111.48,111.766
2017-05-24,111.778,112.129,111.439,111.631
2017-05-23,111.1,111.859,110.825,111.781
2017-05-22,111.266,111.608,110.923,111.093
2017-05-21,111.237,111.35,110.809,111.266
2017-05-19,111.495,111.702,111.01,111.16
2017-05-18,110.94,111.738,110.211,111.495
2017-05-17,112.81,112.849,110.51,110.942
2017-05-16,113.642,113.773,112.74,112.814
2017-05-15,113.302,113.855,113.191,113.637
2017-05-14,113.16,113.31,113.04,113.306
2017-05-12,113.757,113.953,113.168,113.28
2017-05-11,114.311,114.37,113.438,113.756
2017-05-10,113.715,114.373,113.599,114.312
2017-05-09,113.268,114.33,113.09,113.716
2017-05-08,112.825,113.296,112.357,113.262
2017-05-07,112.95,113.119,112.688,112.821
2017-05-05,112.518,112.804,112.053,112.7
2017-05-04,112.702,113.05,112.28,112.519
2017-05-03,111.968,112.824,111.922,112.705
2017-05-02,111.868,112.306,111.749,111.968
2017-05-01,111.292,111.948,111.175,111.868
2017-04-30,111.31,111.459,111.153,111.288
2017-04-28,111.255,111.717,111.034,111.495
2017-04-27,111.198,111.6,111.016,111.258
2017-04-26,110.984,111.779,110.839,111.201
2017-04-25,109.822,111.189,109.569,110.987
2017-04-24,110.043,110.348,109.619,109.822
2017-04-23,109.888,110.593,109.888,110.043
2017-04-21,109.385,109.424,108.847,109.08
2017-04-20,108.911,109.488,108.69,109.386
2017-04-19,108.435,109.181,108.354,108.91
2017-04-18,109.035,109.221,108.279,108.434
2017-04-17,108.595,109.083,108.099,109.032
2017-04-16,108.69,108.908,108.52,108.601
2017-04-14,109.139,109.226,108.48,108.48
2017-04-13,109.057,109.394,108.7,109.139
2017-04-12,109.669,109.868,108.88,109.057
2017-04-11,110.753,110.85,109.428,109.665
2017-04-10,111.299,111.582,110.621,110.755
2017-04-09,111.09,111.333,110.965,111.298
2017-04-08,111.14,111.14,111.14,111.14
2017-04-07,110.846,111.367,110.091,111.044
2017-04-06,110.5,111.142,110.26,110.85
2017-04-05,110.818,111.456,110.359,110.495
2017-04-04,110.872,110.88,110.231,110.824
2017-04-03,111.332,111.589,110.8,110.872
2017-04-02,111.39,111.51,111.254,111.327
2017-03-31,111.817,112.198,111.209,111.383
2017-03-30,111.095,111.945,110.91,111.817
2017-03-29,111.122,111.316,110.69,111.09
2017-03-28,110.621,111.202,110.15,111.117
2017-03-27,110.565,110.7,110.077,110.616
2017-03-26,111.28,111.308,110.507,110.562
2017-03-24,111.033,111.482,110.591,111.329
2017-03-23,111.292,111.59,110.589,111.028
2017-03-22,111.498,111.77,110.714,111.295
2017-03-21,112.529,112.87,111.395,111.498
2017-03-20,112.721,112.898,112.43,112.53
2017-03-19,112.78,112.78,112.55,112.724
2017-03-17,113.346,113.51,112.526,112.69
2017-03-16,113.443,113.56,112.88,113.346
2017-03-15,114.694,114.885,113.14,113.439
2017-03-14,114.933,115.195,114.492,114.696
2017-03-13,114.879,114.958,114.459,114.941
2017-03-12,114.8,114.882,114.574,114.869
2017-03-10,115.091,115.505,114.616,114.77
2017-03-09,114.436,115.094,114.33,115.093
2017-03-08,113.99,114.759,113.573,114.444
2017-03-07,113.939,114.155,113.693,113.991
2017-03-06,114.085,114.112,113.529,113.936
2017-03-05,114,114.133,113.71,114.085
2017-03-03,114.38,114.75,113.765,114.005
2017-03-02,113.768,114.596,113.734,114.377
2017-03-01,112.844,114.048,112.73,113.763
2017-02-28,112.741,112.898,111.664,112.84
2017-02-27,112.222,112.841,111.894,112.733
2017-02-26,112,112.29,111.99,112.222
2017-02-24,112.755,112.97,111.917,112.134
2017-02-23,113.308,113.46,112.529,112.734
2017-02-22,113.705,113.733,112.875,113.311
2017-02-21,113.136,113.778,113.099,113.7
2017-02-20,112.938,113.238,112.756,113.14
2017-02-19,112.8,112.986,112.75,112.932
2017-02-17,113.299,113.51,112.58,112.836
2017-02-16,114.273,114.32,113.053,113.299
2017-02-15,114.315,114.958,113.852,114.276
2017-02-14,113.754,114.501,113.213,114.317
2017-02-13,113.647,114.169,113.419,113.756
2017-02-12,113.203,113.68,113.203,113.642
2017-02-10,113.295,113.86,112.83,113.205
2017-02-09,111.843,113.351,111.799,113.282
2017-02-08,112.307,112.545,111.61,111.841
2017-02-07,111.796,112.579,111.57,112.31
2017-02-06,112.568,112.777,111.584,111.793
2017-02-05,112.42,112.618,112.28,112.575
2017-02-03,112.86,113.494,112.275,112.584
2017-02-02,113.28,113.363,112.028,112.86
2017-02-01,112.666,113.952,112.618,113.282
2017-01-31,113.737,113.965,112.046,112.666
2017-01-30,114.889,114.952,113.43,113.737
2017-01-29,115.07,115.11,114.59,114.89
2017-01-27,114.536,115.376,114.36,115.08
2017-01-26,113.327,114.859,113.03,114.544
2017-01-25,113.864,113.989,113.02,113.327
2017-01-24,112.545,113.894,112.492,113.864
2017-01-23,114.391,114.393,112.485,112.539
2017-01-22,114.563,114.563,114.05,114.391
2017-01-20,115.044,115.387,114.2,114.6
2017-01-19,114.548,115.624,114.39,115.055
2017-01-18,112.789,114.762,112.61,114.551
2017-01-17,114.073,114.29,112.53,112.786
2017-01-16,114.414,114.47,113.617,114.09
2017-01-15,114.52,114.7,114.08,114.414
2017-01-13,114.739,115.446,114.145,114.467
2017-01-12,115.407,115.413,113.731,114.74
2017-01-11,115.824,116.873,114.237,115.401
2017-01-10,115.915,116.344,115.17,115.83
2017-01-09,117.178,117.55,115.633,115.913
2017-01-08,116.89,117.185,116.87,117.161
2017-01-06,115.44,117.181,115.033,117.02
2017-01-05,117.273,117.43,115.189,115.44
2017-01-04,117.685,118.188,117.029,117.263
2017-01-03,117.3,118.611,117.169,117.698
2017-01-02,116.935,117.665,116.71,117.302
2017-01-01,117.03,117.03,116.858,116.929
2016-12-30,116.55,117.2,116.035,116.95
2016-12-29,117.054,117.155,116.208,116.547
2016-12-28,117.447,117.814,116.807,117.054
2016-12-27,117.105,117.618,117.075,117.44
2016-12-26,117.22,117.382,116.96,117.105
2016-12-25,117.343,117.382,117.09,117.232
2016-12-23,117.542,117.65,117.133,117.32
2016-12-22,117.469,117.876,117.25,117.541
2016-12-21,117.88,118.069,117.076,117.472
2016-12-20,117.081,118.242,116.95,117.877
2016-12-19,117.859,117.884,116.512,117.078
2016-12-18,117.857,118.002,117.813,117.859
2016-12-16,118.246,118.428,117.466,117.84
2016-12-15,117.227,118.665,117.073,118.219
2016-12-14,115.244,117.396,114.737,117.209
2016-12-13,114.844,115.477,114.745,115.249
2016-12-12,115.448,116.124,114.716,114.841
2016-12-11,115.24,115.455,115.15,115.451
2016-12-09,114.124,115.369,113.97,115.274
2016-12-08,113.631,114.375,113.117,114.123
2016-12-07,114.02,114.406,113.39,113.627
2016-12-06,113.811,114.187,113.467,114.025
2016-12-05,113.036,114.777,112.942,113.806
2016-12-04,113.51,113.558,112.835,113.029
2016-12-02,114.169,114.21,113.303,113.503
2016-12-01,114.373,114.827,113.801,114.177
2016-11-30,112.498,114.541,112.03,114.37
2016-11-29,111.823,113.339,111.595,112.506
2016-11-28,112.869,112.971,111.32,111.83
2016-11-27,113.03,113.14,112.638,112.861
2016-11-25,113.302,113.9,112.53,113.229
2016-11-24,112.468,113.533,112.37,113.303
2016-11-23,111.114,112.974,110.81,112.465
2016-11-22,110.798,111.357,110.23,111.107
2016-11-21,110.921,111.364,110.42,110.8
2016-11-20,110.863,111.12,110.74,110.917
2016-11-18,110.209,110.951,109.76,110.874
2016-11-17,108.869,110.343,108.51,110.194
2016-11-16,109.042,109.757,108.75,108.875
2016-11-15,108.279,109.335,107.73,109.042
2016-11-14,106.792,108.543,106.69,108.274
2016-11-13,106.52,106.902,106.51,106.791
2016-11-11,106.777,106.934,105.99,106.635
2016-11-10,105.65,106.949,104.926,106.78
2016-11-09,105.109,105.891,101.157,105.637
2016-11-08,104.54,105.241,104.26,105.11
2016-11-07,103.845,104.632,103.799,104.532
2016-11-06,103.12,104.447,103.08,103.849
2016-11-04,102.917,103.354,102.805,103.089
2016-11-03,103.345,103.47,102.539,102.922
2016-11-02,103.993,104.168,102.99,103.341
2016-11-01,104.849,105.117,103.768,103.993
2016-10-31,104.615,105.233,104.486,104.849
2016-10-30,104.682,104.745,104.225,104.617
2016-10-28,105.251,105.532,104.44,104.694
2016-10-27,104.548,105.349,104.268,105.254
2016-10-26,104.16,104.62,103.987,104.55
2016-10-25,104.321,104.877,104.085,104.158
2016-10-24,103.964,104.376,103.685,104.322
2016-10-23,103.771,104.01,103.77,103.968
2016-10-21,103.998,104.207,103.489,103.8
2016-10-20,103.371,104.105,103.303,103.997
2016-10-19,103.874,103.96,103.14,103.373
2016-10-18,103.85,104.202,103.642,103.878
2016-10-17,104.249,104.372,103.733,103.853
2016-10-16,103.96,104.371,103.96,104.244
2016-10-14,103.625,104.479,103.57,104.146
2016-10-13,104.262,104.636,103.31,103.624
2016-10-12,103.451,104.484,103.245,104.264
2016-10-11,103.661,104.072,103.14,103.457
2016-10-10,103.073,103.788,102.778,103.661
2016-10-09,103.04,103.334,103.01,103.075
2016-10-07,103.953,104,102.825,102.893
2016-10-06,103.481,104.163,103.31,103.953
2016-10-05,102.828,103.669,102.639,103.477
2016-10-04,101.671,102.967,101.618,102.826
2016-10-03,101.454,101.686,101.173,101.671
2016-10-02,101.296,101.477,101.147,101.449
2016-09-30,101.186,101.781,100.72,101.32
2016-09-29,100.797,101.842,100.72,101.188
2016-09-28,100.366,100.818,100.223,100.795
2016-09-27,100.324,100.988,100.06,100.369
2016-09-26,100.985,101.11,100.209,100.325
2016-09-25,101,101.133,100.9,100.986
2016-09-23,100.824,101.245,100.64,101.05
2016-09-22,100.342,100.931,100.068,100.824
2016-09-21,101.724,102.79,100.256,100.3
2016-09-20,101.838,102.064,101.517,101.718
2016-09-19,102.247,102.415,101.546,101.837
2016-09-18,102.31,102.312,102.1,102.24
2016-09-16,101.858,102.463,101.74,102.27
2016-09-15,102.463,102.755,101.727,101.836
2016-09-14,102.51,103.359,102.21,102.461
2016-09-13,101.859,102.748,101.4,102.5
2016-09-12,102.369,102.668,101.55,101.857
2016-09-11,102.68,102.793,102.269,102.358
2016-09-09,102.383,103.056,101.949,102.67
2016-09-08,101.7,102.6,101.39,102.376
2016-09-07,102.1,102.109,101.19,101.701
2016-09-06,103.437,103.808,101.899,102.101
2016-09-05,104.056,104.074,103.12,103.436
2016-09-04,104.01,104.133,103.847,104.056
2016-09-02,103.19,104.32,102.794,103.975
2016-09-01,103.325,103.998,103.029,103.184
2016-08-31,102.945,103.532,102.825,103.324
2016-08-30,101.997,103.136,101.717,102.944
2016-08-29,101.934,102.393,101.8,101.999
2016-08-28,101.81,102.119,101.79,101.929
2016-08-26,100.557,101.944,100.052,101.81
2016-08-25,100.452,100.616,100.262,100.554
2016-08-24,100.291,100.609,100.065,100.448
2016-08-23,100.361,100.4,99.91,100.291
2016-08-22,100.462,100.934,100.185,100.347
2016-08-21,100.13,100.889,100.13,100.455
2016-08-19,100.087,100.46,99.979,100.21
2016-08-18,99.984,100.506,99.61,100.082
2016-08-17,100.28,101.164,99.915,99.986
2016-08-16,101.198,101.291,99.516,100.28
2016-08-15,101.251,101.46,100.846,101.2
2016-08-14,101.23,101.29,101.06,101.249
2016-08-12,101.893,102.272,100.82,101.25
2016-08-11,101.184,102.054,100.983,101.891
2016-08-10,101.896,101.97,100.933,101.175
2016-08-09,102.44,102.529,101.757,101.896
2016-08-08,102.228,102.655,101.87,102.45
2016-08-07,101.75,102.26,101.703,102.225
2016-08-05,101.184,102.062,100.834,101.821
2016-08-04,101.289,101.67,100.827,101.185
2016-08-03,101.037,101.571,100.709,101.289
2016-08-02,102.399,102.86,100.642,101.034
2016-08-01,102.471,102.71,102.074,102.4
2016-07-31,102.03,102.58,101.974,102.462
2016-07-29,104.804,105.623,101.938,102.047
2016-07-28,105.153,105.503,103.338,104.806
2016-07-27,104.702,106.546,104.65,105.152
2016-07-26,105.775,105.788,103.955,104.706
2016-07-25,106.346,106.726,105.7,105.777
2016-07-24,106.13,106.415,106.056,106.348
2016-07-22,105.913,106.4,105.56,106.149
2016-07-21,107.154,107.494,105.386,105.913
2016-07-20,106.183,107.447,105.798,107.153
2016-07-19,106.245,106.533,105.618,106.183
2016-07-18,105.54,106.33,105.25,106.247
2016-07-17,105.06,106.012,105.06,105.536
2016-07-15,105.25,106.317,104.62,104.651
2016-07-14,104.09,105.937,103.961,105.25
2016-07-13,104.7,104.878,103.897,104.09
2016-07-12,102.671,104.987,102.417,104.678
2016-07-11,100.652,102.894,100.53,102.674
2016-07-10,100.46,100.799,100.392,100.656
2016-07-08,100.684,101.267,99.996,100.5
2016-07-07,101.126,101.254,100.558,100.683
2016-07-06,101.635,101.643,100.17,101.123
2016-07-05,102.549,102.586,101.43,101.632
2016-07-04,102.619,102.804,102.41,102.545
2016-07-03,102.55,102.69,102.434,102.612
2016-07-01,103.183,103.262,102.412,102.518
2016-06-30,102.885,103.395,102.328,103.183
2016-06-29,102.611,103.021,102.133,102.818
2016-06-28,102.025,102.841,101.54,102.609
2016-06-27,102.246,102.478,101.394,102.025
2016-06-26,102.179,102.313,101.469,102.27
2016-06-24,106.062,106.133,98.989,102.19
2016-06-23,104.707,106.84,104.131,106.062
2016-06-22,104.682,104.976,104.29,104.7
2016-06-21,103.893,105.08,103.567,104.68
2016-06-20,104.781,104.845,103.73,103.897
2016-06-19,104.21,104.805,104.21,104.792
2016-06-17,104.355,104.83,104.035,104.11
2016-06-16,105.877,105.96,103.545,104.355
2016-06-15,106.035,106.397,105.429,105.877
2016-06-14,106.03,106.422,105.6,106.036
2016-06-13,106.726,106.764,105.711,106.022
2016-06-12,106.92,106.92,106.604,106.732
2016-06-10,107.028,107.261,106.535,106.91
2016-06-09,106.906,107.2,106.24,107.024
2016-06-08,107.283,107.385,106.565,106.91
2016-06-07,107.538,107.904,107.13,107.279
2016-06-06,106.678,107.656,106.403,107.529
2016-06-05,106.63,106.793,106.33,106.681
2016-06-03,108.842,109.137,106.46,106.532
2016-06-02,109.545,109.554,108.49,108.842
2016-06-01,110.741,110.832,109.01,109.545
2016-05-31,110.946,111.352,110.473,110.736
2016-05-30,110.72,111.45,110.608,110.946
2016-05-29,110.399,110.805,110.275,110.731
2016-05-27,109.681,110.447,109.444,110.214
2016-05-26,110.18,110.231,109.381,109.681
2016-05-25,110.026,110.449,109.833,110.18
2016-05-24,109.272,110.129,109.131,110.026
2016-05-23,110.203,110.23,109.07,109.272
2016-05-22,110.15,110.27,110.06,110.206
2016-05-20,109.931,110.59,109.815,110.097
2016-05-19,110.12,110.385,109.664,109.931
2016-05-18,109.111,110.257,108.7,110.119
2016-05-17,109.058,109.67,108.808,109.116
2016-05-16,108.553,109.103,108.479,109.059
2016-05-15,108.64,108.7,108.429,108.546
2016-05-13,108.943,109.493,108.491,108.633
2016-05-12,108.441,109.43,108.199,108.94
2016-05-11,109.279,109.29,108.332,108.437
2016-05-10,108.388,109.373,108.24,109.273
2016-05-09,107.252,108.601,107.178,108.382
2016-05-08,107.14,107.299,106.981,107.248
2016-05-06,107.253,107.421,106.42,107.094
2016-05-05,106.96,107.498,106.768,107.256
2016-05-04,106.854,107.363,106.223,106.963
2016-05-03,106.419,107.458,105.51,106.848
2016-05-02,106.685,106.819,106.12,106.416
2016-05-01,106.38,106.723,106.175,106.68
2016-04-29,108.149,108.15,106.248,106.282
2016-04-28,111.511,111.884,107.84,108.145
2016-04-27,111.273,111.752,110.997,111.507
2016-04-26,111.191,111.477,110.638,111.272
2016-04-25,111.571,111.58,110.812,111.191
2016-04-24,111.57,111.896,111.408,111.564
2016-04-22,109.423,111.808,109.225,111.793
2016-04-21,109.755,109.897,109.285,109.415
2016-04-20,109.249,109.879,108.738,109.76
2016-04-19,108.854,109.487,108.76,109.249
2016-04-18,107.951,108.988,107.857,108.854
2016-04-16,108.71,108.71,108.71,108.71
2016-04-15,109.34,109.736,108.581,108.762
2016-04-14,109.33,109.547,108.87,109.202
2016-04-13,108.58,109.405,108.494,109.211
2016-04-12,107.917,108.787,107.834,108.579
2016-04-11,108.257,108.441,107.603,107.917
2016-04-10,108.12,108.298,107.78,108.257
2016-04-08,108.33,109.098,108,108.079
2016-04-07,109.732,109.903,107.663,108.329
2016-04-06,110.285,110.641,109.333,109.725
2016-04-05,111.292,111.294,109.944,110.284
2016-04-04,111.753,111.83,111.06,111.289
2016-04-03,111.64,111.798,111.522,111.758
2016-04-01,112.532,112.581,111.553,111.64
2016-03-31,112.454,112.663,112.078,112.532
2016-03-30,112.784,112.791,111.981,112.454
2016-03-29,113.435,113.803,112.569,112.787
2016-03-28,113.371,113.687,113.108,113.44
2016-03-27,113.12,113.393,113.07,113.365
2016-03-25,112.774,113.323,112.716,113.049
2016-03-24,112.385,113.007,112.259,112.782
2016-03-23,112.313,112.907,112.107,112.378
2016-03-22,112.12,112.492,111.37,112.318
2016-03-21,111.519,112.158,111.197,112.12
2016-03-20,111.66,111.66,111.295,111.481
2016-03-18,111.404,111.758,110.78,111.543
2016-03-17,112.757,112.959,110.632,111.407
2016-03-16,113.195,113.819,112.299,112.756
2016-03-15,113.785,114.143,112.62,113.198
2016-03-14,113.699,114.007,113.469,113.78
2016-03-13,113.81,113.979,113.631,113.7
2016-03-11,113.148,113.96,112.749,113.96
2016-03-10,113.304,114.445,112.6,113.153
2016-03-09,112.672,113.454,112.2,113.303
2016-03-08,113.361,113.52,112.404,112.675
2016-03-07,113.848,113.885,113.191,113.36
2016-03-06,113.79,114.057,113.734,113.854
2016-03-04,113.72,114.257,113.126,113.735
2016-03-03,113.603,114.268,113.27,113.715
2016-03-02,114.043,114.553,113.183,113.6
2016-03-01,112.329,114.184,112.134,114.045
2016-02-29,113.69,113.856,112.16,112.326
2016-02-28,113.93,113.986,113.645,113.689
2016-02-26,112.904,114,112.527,113.975
2016-02-25,112.042,113.023,111.856,112.905
2016-02-24,111.983,112.264,111.03,112.043
2016-02-23,112.917,113.052,111.743,111.983
2016-02-22,112.582,113.387,112.389,112.916
2016-02-21,112.64,112.644,112.31,112.585
2016-02-19,113.321,113.377,112.269,112.603
2016-02-18,114.086,114.324,113.105,113.316
2016-02-17,114.212,114.503,113.35,114.099
2016-02-16,114.451,114.876,113.574,114.219
2016-02-15,113.531,114.731,113.24,114.448
2016-02-14,113.29,113.597,113.027,113.52
2016-02-12,112.541,113.54,111.638,113.236
2016-02-11,113.515,113.556,110.963,112.549
2016-02-10,115.106,115.26,113.111,113.486
2016-02-09,115.479,115.737,114.202,115.106
2016-02-08,116.926,117.525,115.147,115.483
2016-02-07,116.89,117.01,116.779,116.919
2016-02-05,116.868,117.429,116.295,116.808
2016-02-04,118.058,118.241,116.495,116.867
2016-02-03,119.744,120.045,117.012,118.054
2016-02-02,121.015,121.019,119.66,119.743
2016-02-01,121.388,121.51,120.642,121.014
2016-01-31,121.06,121.394,121.037,121.38
2016-01-29,118.782,121.689,118.48,121.14
2016-01-28,118.59,118.991,118.379,118.786
2016-01-27,118.445,119.07,118.006,118.585
2016-01-26,118.341,118.621,117.627,118.443
2016-01-25,118.739,118.855,118.149,118.335
2016-01-24,118.83,118.83,118.491,118.741
2016-01-22,117.778,118.879,117.512,118.71
2016-01-21,116.978,117.854,116.433,117.777
2016-01-20,117.615,117.677,115.966,116.976
2016-01-19,117.396,118.114,117.218,117.616
2016-01-18,116.906,117.46,116.83,117.396
2016-01-17,116.96,116.99,116.54,116.906
2016-01-15,118.14,118.27,116.48,116.98
2016-01-14,117.628,118.28,117.27,118.145
2016-01-13,117.729,118.38,117.567,117.63
2016-01-12,117.705,118.071,117.2,117.727
2016-01-11,116.817,118.025,116.78,117.702
2016-01-10,117.43,117.43,116.66,116.81
2016-01-08,117.599,118.839,117.19,117.234
2016-01-07,118.461,118.756,117.296,117.593
2016-01-06,119.111,119.169,118.218,118.464
2016-01-05,119.312,119.7,118.76,119.116
2016-01-04,120.286,120.465,118.671,119.308
2016-01-03,120.19,120.324,119.99,120.277
2016-01-01,120.203,120.3,120.203,120.203
2015-12-31,120.51,120.582,119.959,120.209
2015-12-30,120.492,120.654,120.311,120.51
2015-12-29,120.363,120.512,120.196,120.49
2015-12-28,120.256,120.63,120.139,120.364
2015-12-27,120.26,120.333,120.103,120.256
2015-12-25,120.28,120.43,120.001,120.289
2015-12-24,120.917,120.983,120.212,120.28
2015-12-23,121.028,121.136,120.775,120.916
2015-12-22,121.235,121.31,120.693,121.029
2015-12-21,121.309,121.505,120.821,121.226
2015-12-20,121.25,121.359,121.08,121.31
2015-12-18,122.521,123.574,121.037,121.146
2015-12-17,122.327,122.876,122.186,122.521
2015-12-16,121.668,122.431,121.377,122.324
2015-12-15,120.903,121.793,120.543,121.665
2015-12-14,121.072,121.353,120.309,120.907
2015-12-13,121,121.169,120.892,121.073
2015-12-11,121.656,122.229,120.552,120.954
2015-12-10,121.631,121.867,121.21,121.648
2015-12-09,122.894,123.046,121.039,121.628
2015-12-08,123.365,123.393,122.684,122.89
2015-12-07,123.2,123.476,123.113,123.364
2015-12-06,123.17,123.247,123.11,123.198
2015-12-04,122.653,123.375,122.44,123.056
2015-12-03,123.284,123.562,122.264,122.65
2015-12-02,122.9,123.67,122.785,123.283
2015-12-01,123.145,123.275,122.615,122.905
2015-11-30,122.765,123.341,122.647,123.146
2015-11-29,122.746,122.864,122.697,122.762
2015-11-27,122.629,122.88,122.267,122.741
2015-11-26,122.698,122.719,122.461,122.625
2015-11-25,122.518,122.935,122.221,122.698
2015-11-24,122.885,122.961,122.273,122.516
2015-11-23,122.866,123.26,122.748,122.88
2015-11-22,122.89,122.913,122.68,122.863
2015-11-20,122.943,123.052,122.689,122.755
2015-11-19,123.571,123.585,122.599,122.946
2015-11-18,123.414,123.755,123.18,123.573
2015-11-17,123.265,123.489,123.151,123.413
2015-11-16,122.376,123.279,122.193,123.261
2015-11-15,122.65,122.65,122.18,122.374
2015-11-13,122.64,122.988,122.409,122.579
2015-11-12,122.79,123.073,122.519,122.64
2015-11-11,123.21,123.224,122.706,122.79
2015-11-10,123.072,123.437,122.99,123.207
2015-11-09,123.316,123.605,122.95,123.07
2015-11-08,123.2,123.333,123.11,123.31
2015-11-06,121.698,123.267,121.593,123.136
2015-11-05,121.514,122.003,121.349,121.698
2015-11-04,121.077,121.718,120.976,121.51
2015-11-03,120.742,121.231,120.558,121.074
2015-11-02,120.474,120.812,120.222,120.745
2015-11-01,120.66,120.66,120.259,120.472
2015-10-30,120.952,121.487,120.253,120.608
2015-10-29,121.087,121.186,120.555,120.949
2015-10-28,120.436,121.258,119.989,121.085
2015-10-27,121.031,121.075,120.127,120.436
2015-10-26,121.379,121.436,120.58,121.027
2015-10-25,121.42,121.538,121.303,121.383
2015-10-23,120.683,121.484,120.199,121.452
2015-10-22,119.901,120.771,119.583,120.68
2015-10-21,119.8,120.092,119.75,119.9
2015-10-20,119.498,119.964,119.376,119.802
2015-10-19,119.375,119.611,119.102,119.498
2015-10-18,119.424,119.47,119.263,119.38
2015-10-16,118.946,119.661,118.881,119.442
2015-10-15,118.861,119.168,118.035,118.946
2015-10-14,119.745,119.779,118.607,118.862
2015-10-13,120.046,120.079,119.516,119.745
2015-10-12,120.22,120.247,119.855,120.044
2015-10-11,120.23,120.261,120.118,120.2
2015-10-09,119.911,120.347,119.81,120.246
2015-10-08,119.981,120.109,119.592,119.908
2015-10-07,120.223,120.361,119.72,119.983
2015-10-06,120.45,120.568,120.069,120.219
2015-10-05,119.982,120.551,119.831,120.451
2015-10-04,119.97,120.051,119.847,119.982
2015-10-02,119.84,120.404,118.667,119.898
2015-10-01,119.928,120.276,119.47,119.841
2015-09-30,119.786,120.35,119.53,119.932
2015-09-29,119.919,120.16,119.21,119.784
2015-09-28,120.53,120.577,119.66,119.916
2015-09-27,120.56,120.6,120.42,120.529
2015-09-25,120.288,121.236,119.983,120.584
2015-09-24,120.221,120.392,119.2,120.288
2015-09-23,120.01,120.544,119.598,120.221
2015-09-22,120.499,120.542,119.669,120.01
2015-09-21,119.993,120.659,119.695,120.496
2015-09-20,119.96,120.227,119.7,119.995
2015-09-18,120.138,120.418,119.017,119.92
2015-09-17,120.558,120.992,119.755,120.132
2015-09-16,120.358,120.728,120.073,120.56
2015-09-15,120.332,120.652,119.36,120.358
2015-09-14,120.62,120.843,119.82,120.331
2015-09-13,120.56,120.648,120.408,120.621
2015-09-11,120.769,120.967,120.338,120.567
2015-09-10,120.324,121.329,119.94,120.77
2015-09-09,119.973,121.197,119.905,120.32
2015-09-08,119.239,120.227,118.83,119.971
2015-09-07,119.18,119.589,118.771,119.239
2015-09-06,119.03,119.213,118.71,119.18
2015-09-04,120.179,120.186,118.57,119.017
2015-09-03,120.49,120.699,119.62,120.179
2015-09-02,119.609,120.616,119.529,120.489
2015-09-01,121.204,121.239,119.18,119.608
2015-08-31,121.266,121.417,120.854,121.205
2015-08-30,121.691,121.74,121.166,121.267
2015-08-28,121.058,121.75,120.623,121.703
2015-08-27,120.262,121.399,119.767,121.059
2015-08-26,118.919,120.365,118.43,120.265
2015-08-25,118.397,120.397,118.361,118.91
2015-08-24,121.527,121.948,116.148,118.395
2015-08-23,122.09,122.09,121.49,121.527
2015-08-21,123.441,123.496,121.79,122.002
2015-08-20,123.927,124.157,123.296,123.443
2015-08-19,124.383,124.47,123.651,123.926
2015-08-18,124.406,124.519,124.16,124.383
2015-08-17,124.315,124.574,124.19,124.398
2015-08-16,124.28,124.338,124.19,124.32
2015-08-14,124.41,124.533,124,124.276
2015-08-13,124.188,124.627,124.04,124.404
2015-08-12,125.074,125.28,123.76,124.187
2015-08-11,124.538,125.208,124.49,125.074
2015-08-10,124.281,124.783,124.23,124.541
2015-08-09,124.22,124.318,124.099,124.276
2015-08-07,124.705,125.072,124.07,124.197
2015-08-06,124.808,124.963,124.5,124.707
2015-08-05,124.337,125.012,123.97,124.808
2015-08-04,123.978,124.403,123.76,124.337
2015-08-03,123.941,124.272,123.8,123.978
2015-08-02,123.93,124,123.83,123.94
2015-07-31,124.187,124.375,123.48,123.85
2015-07-30,123.913,124.582,123.84,124.186
2015-07-29,123.595,124.023,123.3,123.913
2015-07-28,123.26,123.794,123.04,123.58
2015-07-27,123.832,123.832,122.98,123.257
2015-07-26,123.79,123.837,123.59,123.83
2015-07-24,123.903,124.096,123.56,123.79
2015-07-23,123.961,124.186,123.65,123.9
2015-07-22,123.86,124.151,123.54,123.965
2015-07-21,124.283,124.477,123.73,123.862
2015-07-20,124.093,124.438,124.04,124.286
2015-07-19,124.06,124.159,123.928,124.086
2015-07-17,124.155,124.232,123.88,124.05
2015-07-16,123.949,124.179,123.7,124.154
2015-07-15,123.339,123.97,123.23,123.95
2015-07-14,123.574,123.731,122.9,123.34
2015-07-13,122.482,123.581,122.39,123.578
2015-07-12,122.83,122.83,121.91,122.46
2015-07-10,121.787,122.879,121.48,122.83
2015-07-09,120.67,121.792,120.56,121.79
2015-07-08,122.491,122.558,120.39,120.673
2015-07-07,122.595,122.882,121.98,122.489
2015-07-06,122.368,122.93,122.16,122.595
2015-07-05,122.06,122.444,121.66,122.37
2015-07-03,123.055,123.184,122.57,122.851
2015-07-02,123.227,123.721,122.92,123.04
2015-07-01,122.421,123.248,122.337,123.229
2015-06-30,122.546,122.726,121.92,122.421
2015-06-29,122.565,123.193,122.31,122.546
2015-06-28,123.79,123.79,122.09,122.557
2015-06-26,123.572,123.988,123.2,123.861
2015-06-25,123.864,123.957,123.3,123.573
2015-06-24,123.912,124.377,123.69,123.864
2015-06-23,123.378,124.186,123.33,123.912
2015-06-22,122.773,123.419,122.53,123.377
2015-06-21,122.73,123.067,122.73,122.791
2015-06-19,122.931,123.217,122.53,122.681
2015-06-18,123.481,123.608,122.43,122.932
2015-06-17,123.38,124.445,123.19,123.48
2015-06-16,123.411,123.802,123.27,123.383
2015-06-15,123.289,123.66,123.25,123.411
2015-06-14,123.39,123.39,123.083,123.291
2015-06-12,123.538,123.817,123.11,123.408
2015-06-11,122.777,124.148,122.75,123.534
2015-06-10,124.418,124.621,122.44,122.773
2015-06-09,124.614,124.738,123.838,124.414
2015-06-08,125.654,125.668,124.27,124.611
2015-06-07,125.64,125.681,125.45,125.652
2015-06-05,124.453,125.855,124.33,125.58
2015-06-04,124.296,124.681,123.75,124.455
2015-06-03,124.053,124.682,123.76,124.291
2015-06-02,124.808,125.055,123.737,124.053
2015-06-01,124.177,124.917,123.847,124.81
2015-05-31,124.11,124.214,124.015,124.173
2015-05-29,123.778,124.185,123.58,124.1
2015-05-28,123.72,124.459,123.47,123.74
2015-05-27,123.02,124.071,122.76,123.721
2015-05-26,121.56,123.323,121.51,123.015
2015-05-25,121.506,121.777,121.41,121.573
2015-05-24,121.54,121.602,121.439,121.48
2015-05-22,121.06,121.571,120.61,121.5
2015-05-21,121.221,121.28,120.82,121.059
2015-05-20,120.673,121.479,120.56,121.218
2015-05-19,119.985,120.739,119.8,120.677
2015-05-18,119.408,120.114,119.3,119.985
2015-05-17,119.33,119.43,119.191,119.414
2015-05-15,119.19,119.927,119.14,119.25
2015-05-14,119.121,119.339,118.86,119.188
2015-05-13,119.87,119.972,119.01,119.12
2015-05-12,120.137,120.278,119.737,119.875
2015-05-11,119.816,120.154,119.68,120.132
2015-05-10,119.72,119.825,119.42,119.814
2015-05-08,119.713,120.235,119.56,119.866
2015-05-07,119.425,119.862,119.02,119.717
2015-05-06,119.926,120.047,119.18,119.427
2015-05-05,120.125,120.506,119.7,119.89
2015-05-04,120.197,120.276,119.97,120.121
2015-05-03,120.14,120.249,120.112,120.18
2015-05-01,119.472,120.288,119.38,120.166
2015-04-30,119.042,119.896,118.47,119.472
2015-04-29,118.839,119.361,118.58,119.038
2015-04-28,119.099,119.199,118.75,118.839
2015-04-27,118.871,119.434,118.74,119.105
2015-04-26,118.99,118.99,118.8,118.866
2015-04-24,119.624,119.642,118.79,118.964
2015-04-23,119.989,120.094,119.4,119.62
2015-04-22,119.647,120.004,119.33,119.987
2015-04-21,119.26,119.834,119.15,119.647
2015-04-20,118.946,119.436,118.5,119.26
2015-04-19,118.84,119.02,118.72,118.948
2015-04-17,119.024,119.265,118.54,118.897
2015-04-16,119.158,119.472,118.77,119.024
2015-04-15,119.389,119.747,118.76,119.158
2015-04-14,120.077,120.119,119.04,119.391
2015-04-13,120.211,120.845,119.69,120.078
2015-04-12,120.18,120.347,120.154,120.211
2015-04-10,120.531,120.626,120.03,120.185
2015-04-09,120.16,120.738,119.83,120.533
2015-04-08,120.248,120.343,119.63,120.162
2015-04-07,119.512,120.447,119.42,120.248
2015-04-06,118.87,119.682,118.76,119.507
2015-04-05,118.96,118.96,118.76,118.874
2015-04-03,119.758,119.984,118.68,118.963
2015-04-02,119.654,119.897,119.42,119.758
2015-04-01,119.993,120.33,119.39,119.657
2015-03-31,120.088,120.365,119.75,119.993
2015-03-30,119.226,120.229,119.09,120.088
2015-03-29,119.13,119.27,119.085,119.229
2015-03-27,119.217,119.493,118.91,119.12
2015-03-26,119.464,119.574,118.3,119.215
2015-03-25,119.727,119.827,119.21,119.469
2015-03-24,119.623,119.984,119.21,119.729
2015-03-23,120.02,120.166,119.55,119.618
2015-03-22,120.02,120.087,119.79,120.021
2015-03-20,120.825,121.201,119.87,120.02
2015-03-19,120.289,121.033,119.65,120.82
2015-03-18,121.343,121.409,119.277,120.288
2015-03-17,121.353,121.519,121.09,121.343
2015-03-16,121.369,121.457,121.06,121.353
2015-03-15,121.41,121.46,121.3,121.364
2015-03-13,121.333,121.573,121.1,121.33
2015-03-12,121.41,121.686,120.64,121.33
2015-03-11,121.113,121.626,120.82,121.412
2015-03-10,121.253,122.023,120.9,121.112
2015-03-09,120.694,121.415,120.58,121.253
2015-03-08,120.68,120.88,120.665,120.693
2015-03-06,120.078,121.282,119.854,120.798
2015-03-05,119.712,120.421,119.6,120.078
2015-03-04,119.672,119.825,119.45,119.704
2015-03-03,120.187,120.266,119.35,119.669
2015-03-02,119.691,120.194,119.64,120.189
2015-03-01,119.63,119.785,119.43,119.679
2015-02-27,119.364,119.799,119.09,119.56
2015-02-26,118.827,119.504,118.64,119.36
2015-02-25,118.957,119.066,118.59,118.829
2015-02-24,118.818,119.838,118.73,118.969
2015-02-23,119.065,119.353,118.71,118.824
2015-02-22,119.07,119.247,118.989,119.06
2015-02-20,119.025,119.189,118.27,119.017
2015-02-19,118.71,119.18,118.409,119.028
2015-02-18,119.188,119.418,118.52,118.717
2015-02-17,118.486,119.417,118.21,119.192
2015-02-16,118.633,118.785,118.25,118.498
2015-02-15,118.78,118.86,118.09,118.618
2015-02-13,119.147,119.198,118.39,118.73
2015-02-12,120.296,120.373,118.48,119.143
2015-02-11,119.424,120.482,119.26,120.296
2015-02-10,118.623,119.62,118.36,119.427
2015-02-09,119.053,119.074,118.3,118.639
2015-02-08,119.14,119.18,118.94,119.046
2015-02-06,117.498,119.221,117.137,119.123
2015-02-05,117.322,117.597,116.99,117.5
2015-02-04,117.549,117.998,117.04,117.32
2015-02-03,117.68,117.743,116.85,117.556
2015-02-02,117.117,117.878,117,117.681
2015-02-01,117.4,117.56,116.62,117.109
2015-01-30,118.333,118.461,117.27,117.45
2015-01-29,117.485,118.493,117.34,118.339
2015-01-28,117.746,118.263,117.245,117.485
2015-01-27,118.411,118.66,117.29,117.739
2015-01-26,117.636,118.502,117.24,118.409
2015-01-25,117.81,117.81,117.439,117.628
2015-01-23,118.634,118.815,117.528,117.78
2015-01-22,117.916,118.706,117.23,118.634
2015-01-21,118.671,118.761,117.14,117.913
2015-01-20,117.65,118.867,117.61,118.671
2015-01-19,117.427,117.785,116.9,117.654
2015-01-18,117.6,117.63,117.339,117.422
2015-01-16,116.184,117.77,115.83,117.62
2015-01-15,117.252,117.943,115.88,116.18
2015-01-14,117.891,117.94,116.03,117.25
2015-01-13,118.366,118.85,117.52,117.887
2015-01-12,118.306,119.32,118.07,118.359
2015-01-11,118.55,118.55,118.19,118.313
2015-01-09,119.729,119.877,118.4,118.52
2015-01-08,119.307,119.963,119.13,119.724
2015-01-07,118.584,119.648,118.47,119.322
2015-01-06,119.28,119.511,118.03,118.588
2015-01-05,120.528,120.646,119.24,119.286
2015-01-04,120.47,120.62,120.29,120.527
2015-01-03,120.43,120.43,120.43,120.43
2015-01-02,119.822,120.741,119.77,120.49
2015-01-01,119.77,119.91,119.64,119.823
2014-12-31,119.424,119.941,119.21,119.66
2014-12-30,120.527,120.578,118.84,119.433
2014-12-27,120.35,120.45,120.35,120.45
2014-12-26,120.245,120.49,120.12,120.49
2014-12-25,120.339,120.442,119.91,120.246
2014-12-24,120.734,120.8,120.25,120.342
2014-12-23,120.063,120.826,120.01,120.735
2014-12-22,119.523,120.088,119.29,120.063
2014-12-21,119.53,119.654,119.34,119.523
2014-12-20,119.49,119.49,119.49,119.49
2014-12-19,118.938,119.623,118.79,119.49
2014-12-18,118.871,119.31,118.21,118.938
2014-12-17,116.5,118.903,116.42,118.869
2014-12-16,117.827,117.964,115.55,116.499
2014-12-15,118.219,119.06,117.52,117.831
2014-12-14,118.65,119.09,118.14,118.223
2014-12-12,118.845,119.206,118.03,118.8
2014-12-11,117.932,119.556,117.42,118.835
2014-12-10,119.571,119.917,117.69,117.938
2014-12-09,120.547,121.002,117.929,119.543
2014-12-08,121.831,121.841,120.18,120.538
2014-12-07,121.43,121.847,121.4,121.836
2014-12-05,119.822,121.688,119.66,121.41
2014-12-04,119.821,120.252,119.31,119.814
2014-12-03,119.22,119.865,119.1,119.829
2014-12-02,118.27,119.287,118.19,119.21
2014-12-01,118.834,119.144,117.84,118.261
2014-11-30,118.66,118.902,118.57,118.843
2014-11-29,118.67,118.67,118.67,118.67
2014-11-28,117.877,118.773,117.79,118.63
2014-11-27,117.586,117.991,117.2,117.88
2014-11-26,117.911,117.929,117.41,117.595
2014-11-25,118.309,118.579,117.66,117.903
2014-11-24,118.384,118.446,118.19,118.31
2014-11-23,117.71,118.02,117.64,117.859
2014-11-22,117.76,117.76,117.76,117.76
2014-11-21,118.256,118.368,117.33,117.83
2014-11-20,118.161,118.977,117.72,118.257
2014-11-19,116.911,118.248,116.79,118.165
2014-11-18,116.657,117.048,116.32,116.91
2014-11-17,116.591,117.052,115.43,116.661
2014-11-16,116.28,116.692,116.23,116.605
2014-11-15,116.26,116.26,116.26,116.26
2014-11-14,115.756,116.825,115.69,116.264
2014-11-13,115.58,115.882,115.298,115.755
2014-11-12,115.82,115.92,114.87,115.59
2014-11-11,115.813,116.009,115.015,115.826
2014-11-10,114.492,114.908,113.83,114.827
2014-11-09,114.56,114.61,114.24,114.495
2014-11-08,114.56,114.56,114.56,114.56
2014-11-07,114.964,114.976,114.22,114.53
2014-11-06,114.66,115.48,114.14,115.2
2014-11-05,113.6,114.81,113.41,114.64
2014-11-04,113.97,113.99,113.19,113.6
2014-11-03,112.71,114.2,112.58,114.04
2014-10-31,109.26,112.46,109.18,112.3
2014-10-30,108.83,109.44,108.75,109.25
2014-10-29,108.12,108.96,107.94,108.84
2014-10-28,107.85,108.18,107.71,108.14
2014-10-27,108.23,108.25,107.6,107.84
2014-10-24,108.27,108.27,107.77,108.1
2014-10-23,107.19,108.34,107.11,108.3
2014-10-22,107.06,107.37,106.81,107.2
2014-10-21,106.94,107.1,106.25,107.08
2014-10-20,107.02,107.37,106.78,106.96
2014-10-17,106.29,106.93,106.13,106.87
2014-10-16,106,106.45,105.52,106.28
2014-10-15,107.12,107.48,105.31,106.05
2014-10-14,106.98,107.29,106.69,107.13
2014-10-13,107.47,107.55,106.76,106.97
2014-10-10,107.81,108.12,107.62,107.63
2014-10-09,108.13,108.3,107.52,107.8
2014-10-08,108.14,108.73,107.77,108.13
2014-10-07,108.72,109.2,107.83,108.14
2014-10-06,109.71,109.85,108.68,108.73
2014-10-03,108.39,109.89,108.36,109.76
2014-10-02,108.98,109.11,108.05,108.38
2014-10-01,109.6,110.06,108.87,108.97
2014-09-30,109.46,109.83,109.19,109.6
2014-09-29,109.32,109.73,109.15,109.45
2014-09-26,108.74,109.47,108.5,109.27
2014-09-25,109.07,109.36,108.54,108.74
2014-09-24,108.87,109.14,108.46,109.07
2014-09-23,108.83,108.99,108.28,108.86
2014-09-22,109.01,109.18,108.67,108.81
2014-09-19,108.75,109.4,108.61,109.01
2014-09-18,108.44,108.95,108.39,108.76
2014-09-17,107.16,108.51,107.1,108.47
2014-09-16,107.18,107.33,106.8,107.14
2014-09-15,107.27,107.36,107.02,107.19
2014-09-12,107.03,107.39,107.02,107.32
2014-09-11,106.82,107.17,106.66,107
2014-09-10,106.2,106.87,106.04,106.84
2014-09-09,105.97,106.46,105.94,106.18
2014-09-08,105.13,106.08,105,105.97
2014-09-05,105.27,105.68,104.69,105.06
2014-09-04,104.84,105.35,104.77,105.29
2014-09-03,105.08,105.29,104.74,104.85
2014-09-02,104.32,105.19,104.3,105.09
2014-09-01,104.16,104.35,104.1,104.32
2014-08-29,103.71,104.1,103.65,104.07
2014-08-28,103.88,103.92,103.57,103.7
2014-08-27,104.05,104.15,103.79,103.87
2014-08-26,104.04,104.16,103.76,104.1
2014-08-25,104.2,104.26,103.87,104.04
2014-08-22,103.83,104.18,103.51,103.92
2014-08-21,103.72,103.95,103.62,103.82
2014-08-20,102.91,103.83,102.9,103.69
2014-08-19,102.56,102.93,102.52,102.92
2014-08-18,102.37,102.59,102.24,102.57
2014-08-15,102.48,102.71,102.16,102.36
2014-08-14,102.42,102.65,102.3,102.47
2014-08-13,102.25,102.52,102.22,102.42
2014-08-12,102.19,102.36,102.09,102.25
2014-08-11,102.1,102.22,102.02,102.18
2014-08-08,102.09,102.14,101.52,102
2014-08-07,102.12,102.45,101.98,102.1
2014-08-06,102.6,102.63,101.87,102.12
2014-08-05,102.55,102.92,102.46,102.61
2014-08-04,102.61,102.72,102.41,102.55
2014-08-01,102.8,102.99,102.37,102.57
2014-07-31,102.81,103,102.72,102.8
2014-07-30,102.12,103,102.03,102.81
2014-07-29,101.84,102.15,101.81,102.11
2014-07-28,101.78,101.9,101.74,101.83
2014-07-25,101.8,101.93,101.71,101.82
2014-07-24,101.54,101.85,101.41,101.8
2014-07-23,101.46,101.55,101.31,101.54
2014-07-22,101.41,101.59,101.33,101.47
2014-07-21,101.35,101.41,101.19,101.41
2014-07-18,101.15,101.44,101.11,101.32
2014-07-17,101.66,101.67,101.12,101.15
2014-07-16,101.68,101.79,101.64,101.66
2014-07-15,101.55,101.73,101.47,101.68
2014-07-14,101.34,101.61,101.31,101.54
2014-07-11,101.32,101.39,101.21,101.24
2014-07-10,101.63,101.64,101.06,101.31
2014-07-09,101.56,101.8,101.45,101.62
2014-07-08,101.87,101.88,101.48,101.53
2014-07-07,102.07,102.2,101.78,101.87
2014-07-04,102.2,102.22,101.97,102.07
2014-07-03,101.77,102.25,101.76,102.19
2014-07-02,101.55,101.84,101.4,101.77
2014-07-01,101.29,101.59,101.28,101.55
2014-06-30,101.43,101.47,101.23,101.3
2014-06-27,101.7,101.7,101.32,101.36
2014-06-26,101.82,101.84,101.51,101.67
2014-06-25,101.96,101.96,101.63,101.83
2014-06-24,101.9,102.16,101.81,101.95
2014-06-23,102.07,102.12,101.82,101.9
2014-06-20,101.93,102.19,101.81,102.06
2014-06-19,101.93,101.99,101.74,101.93
2014-06-18,102.15,102.3,101.89,101.93
2014-06-17,101.81,102.24,101.81,102.16
2014-06-16,101.98,102.03,101.72,101.82
2014-06-13,101.74,102.12,101.66,102.04
2014-06-12,101.98,102.14,101.6,101.74
2014-06-11,102.35,102.39,101.88,101.98
2014-06-10,102.55,102.56,102.21,102.34
2014-06-09,102.56,102.64,102.38,102.54
2014-06-06,102.41,102.61,102.13,102.5
2014-06-05,102.72,102.72,102.34,102.41
2014-06-04,102.53,102.79,102.44,102.73
2014-06-03,102.37,102.55,102.27,102.52
2014-06-02,101.8,102.48,101.75,102.37
2014-05-30,101.74,101.83,101.5,101.77
2014-05-29,101.8,101.83,101.43,101.7
2014-05-28,102.01,102.02,101.66,101.81
2014-05-27,101.93,102.13,101.72,102.01
2014-05-26,101.96,102.04,101.82,101.93
2014-05-23,101.75,102,101.6,101.95
2014-05-22,101.41,101.81,101.35,101.75
2014-05-21,101.3,101.59,100.84,101.43
2014-05-20,101.46,101.59,101.17,101.31
2014-05-19,101.51,101.59,101.1,101.47
2014-05-16,101.56,101.66,101.37,101.52
2014-05-15,101.84,102.1,101.34,101.57
2014-05-14,102.26,102.27,101.72,101.84
2014-05-13,102.14,102.36,102.06,102.25
2014-05-12,101.83,102.18,101.81,102.14
2014-05-09,101.64,101.86,101.54,101.86
2014-05-08,101.87,101.94,101.46,101.65
2014-05-07,101.73,101.97,101.42,101.86
2014-05-06,102.15,102.18,101.5,101.73
2014-05-05,102.23,102.24,101.85,102.14
2014-05-02,102.32,102.99,102.15,102.16
2014-05-01,102.21,102.34,102.13,102.32
2014-04-30,102.64,102.64,102.05,102.22
2014-04-29,102.47,102.77,102.44,102.62
2014-04-28,102.11,102.61,102.04,102.48
2014-04-25,102.27,102.48,101.95,102.18
2014-04-24,102.51,102.63,102.1,102.27
2014-04-23,102.6,102.68,102.18,102.54
2014-04-22,102.61,102.72,102.42,102.59
2014-04-21,102.43,102.69,102.39,102.6
2014-04-18,102.39,102.55,102.35,102.42
2014-04-17,102.22,102.46,101.88,102.4
2014-04-16,101.85,102.35,101.81,102.22
2014-04-15,101.84,101.97,101.51,101.84
2014-04-14,101.6,101.99,101.42,101.86
2014-04-11,101.43,101.84,101.34,101.59
2014-04-10,101.98,102.12,101.35,101.45
2014-04-09,101.85,102.14,101.73,101.99
2014-04-08,103.06,103.11,101.55,101.86
2014-04-07,103.34,103.38,103,103.06
2014-04-04,103.9,104.09,103.19,103.31
2014-04-03,103.86,104.11,103.8,103.92
2014-04-02,103.67,103.92,103.59,103.86
2014-04-01,103.2,103.71,103.08,103.69
2014-03-31,102.89,103.42,102.78,103.21
2014-03-28,102.22,102.97,102.04,102.8
2014-03-27,102.05,102.41,101.73,102.22
2014-03-26,102.27,102.46,101.88,102.05
2014-03-25,102.22,102.47,102.11,102.27
2014-03-24,102.23,102.63,102.15,102.23
2014-03-21,102.38,102.42,102.04,102.27
2014-03-20,102.37,102.54,102.21,102.41
2014-03-19,101.42,102.65,101.29,102.39
2014-03-18,101.78,101.93,101.28,101.36
2014-03-17,101.39,101.85,101.27,101.8
2014-03-14,101.86,101.86,101.21,101.35
2014-03-13,102.75,102.85,101.55,101.86
2014-03-12,102.98,103.08,102.56,102.77
2014-03-11,103.27,103.4,102.85,102.99
2014-03-10,103.13,103.39,102.95,103.28
2014-03-07,103.06,103.73,102.84,103.28
2014-03-06,102.28,103.15,102.23,103.06
2014-03-05,102.19,102.54,102.08,102.29
2014-03-04,101.43,102.27,101.38,102.2
2014-03-03,101.47,101.65,101.19,101.44
2014-02-28,102.13,102.24,101.57,101.77
2014-02-27,102.36,102.44,101.74,102.12
2014-02-26,102.21,102.6,102.1,102.35
2014-02-25,102.49,102.61,102.02,102.23
2014-02-24,102.44,102.67,102.16,102.49
2014-02-21,102.27,102.8,102.24,102.49
2014-02-20,102.29,102.41,101.66,102.27
2014-02-19,102.35,102.45,101.85,102.3
2014-02-18,101.9,102.73,101.82,102.35
2014-02-17,101.62,101.97,101.38,101.89
2014-02-14,102.15,102.38,101.59,101.77
2014-02-13,102.51,102.56,101.71,102.15
2014-02-12,102.61,102.66,102.22,102.51
2014-02-11,102.25,102.69,102.07,102.62
2014-02-10,102.53,102.63,102,102.25
2014-02-07,102.09,102.55,101.53,102.36
2014-02-06,101.43,102.13,101.26,102.1
2014-02-05,101.64,101.76,100.84,101.45
2014-02-04,100.97,101.67,100.78,101.63
2014-02-03,101.99,102.39,100.79,100.95
2014-01-31,102.71,102.9,101.96,102.05
2014-01-30,102.3,102.87,102.09,102.71
2014-01-29,102.91,103.42,101.87,102.27
2014-01-28,102.53,103.23,102.48,102.92
2014-01-27,102.23,102.9,101.77,102.54
2014-01-24,103.23,103.57,102.02,102.27
2014-01-23,104.52,104.81,102.98,103.26
2014-01-22,104.28,104.56,103.99,104.49
2014-01-21,104.16,104.74,104.05,104.29
2014-01-20,104.19,104.31,103.87,104.16
2014-01-17,104.35,104.46,104.19,104.3
2014-01-16,104.57,104.91,104.14,104.32
2014-01-15,104.18,104.69,104.09,104.54
2014-01-14,103,104.27,102.99,104.2
2014-01-13,103.97,104.12,102.85,102.99
2014-01-10,104.82,105.06,103.85,104.15
2014-01-09,104.85,105.05,104.6,104.81
2014-01-08,104.59,105.1,104.57,104.86
2014-01-07,104.21,104.72,104.16,104.58
2014-01-06,104.81,104.92,103.93,104.21
2014-01-03,104.77,104.87,104.07,104.81
2014-01-02,105.23,105.43,104.57,104.79
2014-01-01,105.26,105.39,105.16,105.19
2013-12-31,105.13,105.33,104.84,105.29
2013-12-30,105.18,105.41,104.98,105.14
2013-12-27,104.77,105.17,104.63,105.16
2013-12-26,104.38,104.83,104.36,104.8
2013-12-25,104.25,104.48,104.19,104.36
2013-12-24,104.09,104.41,104.07,104.2
2013-12-23,103.98,104.11,103.77,104.11
2013-12-20,104.24,104.63,103.89,104.07
2013-12-19,104.27,104.35,103.83,104.23
2013-12-18,102.67,104.34,102.56,104.27
2013-12-17,103.01,103.09,102.5,102.67
2013-12-16,103.28,103.28,102.65,102.98
2013-12-13,103.36,103.91,102.99,103.21
2013-12-12,102.41,103.41,102.37,103.35
2013-12-11,102.84,102.93,102.23,102.42
2013-12-10,103.26,103.38,102.59,102.85
2013-12-09,103,103.32,102.89,103.26
2013-12-06,101.78,102.96,101.64,102.9
2013-12-05,102.38,102.43,101.65,101.77
2013-12-04,102.55,102.81,101.84,102.34
2013-12-03,102.94,103.37,102.03,102.5
2013-12-02,102.5,103.13,102.22,102.93
2013-11-29,102.29,102.58,102.11,102.39
2013-11-28,102.15,102.36,101.93,102.3
2013-11-27,101.28,102.19,101.2,102.15
2013-11-26,101.68,101.71,101.16,101.27
2013-11-25,101.29,101.9,101.14,101.67
2013-11-22,101.15,101.35,100.96,101.27
2013-11-21,100.04,101.16,100,101.15
2013-11-20,100.12,100.23,99.8,100.02
2013-11-19,99.96,100.24,99.56,100.12
2013-11-18,100.25,100.38,99.8,99.98
2013-11-15,100.01,100.42,99.96,100.17
2013-11-14,99.23,100.12,99.13,100
2013-11-13,99.63,99.67,99.11,99.22
2013-11-12,99.15,99.78,99.1,99.63
2013-11-11,99.18,99.29,98.92,99.14
2013-11-08,98.06,99.2,97.99,99.05
2013-11-07,98.65,99.4,97.67,98.07
2013-11-06,98.49,98.75,98.41,98.65
2013-11-05,98.62,98.66,98.18,98.5
2013-11-04,98.8,98.83,98.53,98.6
2013-11-01,98.36,98.83,97.83,98.69
2013-10-31,98.44,98.56,98.1,98.36
2013-10-30,98.19,98.67,98.07,98.41
2013-10-29,97.69,98.25,97.46,98.21
2013-10-28,97.69,97.78,97.46,97.7
2013-10-25,97.32,97.48,96.96,97.4
2013-10-24,97.36,97.6,97.15,97.32
2013-10-23,98.11,98.18,97.16,97.32
2013-10-22,98.19,98.47,97.89,98.1
2013-10-21,97.94,98.24,97.82,98.17
2013-10-18,97.92,98.14,97.55,97.72
2013-10-17,98.79,99,97.74,97.88
2013-10-16,98.2,98.96,98.14,98.76
2013-10-15,98.65,98.69,98.03,98.2
2013-10-14,98.23,98.67,98.09,98.65
2013-10-11,98.3,98.58,97.93,98.58
2013-10-10,97.37,98.3,97.35,98.28
2013-10-09,96.89,97.6,96.82,97.37
2013-10-08,96.7,97.23,96.6,96.88
2013-10-07,97.29,97.31,96.59,96.69
2013-10-04,97.23,97.47,96.95,97.43
2013-10-03,97.35,97.85,96.93,97.21
2013-10-02,97.99,98.07,97.15,97.38
2013-10-01,98.24,98.69,97.67,98.03
2013-09-30,97.78,98.45,97.51,98.23
2013-09-27,98.95,99.03,98.08,98.24
2013-09-26,98.45,99.11,98.25,98.97
2013-09-25,98.72,98.79,98.39,98.42
2013-09-24,98.83,99.15,98.47,98.72
2013-09-23,99.27,99.35,98.67,98.77
2013-09-20,99.4,99.65,99.16,99.3
2013-09-19,98.17,99.57,98,99.4
2013-09-18,99.13,99.32,97.79,98.13
2013-09-17,99.06,99.37,99.01,99.12
2013-09-16,98.82,99.17,98.64,99.08
2013-09-13,99.49,99.97,99.19,99.36
2013-09-12,99.84,99.98,99.04,99.49
2013-09-11,100.38,100.59,99.8,99.97
2013-09-10,99.61,100.44,99.48,100.38
2013-09-09,99.77,100.09,99.34,99.61
2013-09-06,100.16,100.21,98.58,99.08
2013-09-05,99.73,100.19,99.57,100.16
2013-09-04,99.56,99.81,99.32,99.75
2013-09-03,99.36,99.84,99.2,99.55
2013-09-02,98.34,99.41,98.27,99.36
2013-08-30,98.33,98.46,97.9,98.17
2013-08-29,97.71,98.49,97.46,98.33
2013-08-28,97.04,97.8,96.85,97.71
2013-08-27,98.46,98.53,96.98,97.01
2013-08-26,98.61,98.83,98.27,98.44
2013-08-23,98.72,99.13,98.41,98.71
2013-08-22,97.72,98.79,97.69,98.76
2013-08-21,97.3,97.95,97.09,97.69
2013-08-20,97.62,97.84,96.9,97.3
2013-08-19,97.61,98.11,97.36,97.62
2013-08-16,97.28,97.76,97.07,97.53
2013-08-15,98.01,98.59,97.15,97.25
2013-08-14,98.24,98.41,97.87,98.01
2013-08-13,97.07,98.34,97.05,98.23
2013-08-12,96.29,97.12,95.94,97.08
2013-08-09,96.6,96.94,96.16,96.18
2013-08-08,96.37,96.92,95.82,96.61
2013-08-07,97.76,97.78,96.32,96.33
2013-08-06,98.26,98.57,97.55,97.76
2013-08-05,98.97,99.13,98.19,98.25
2013-08-02,99.5,99.85,98.68,98.9
2013-08-01,97.81,99.56,97.66,99.5
2013-07-31,98.04,98.49,97.59,97.79
2013-07-30,97.92,98.44,97.77,98.04
2013-07-29,98.29,98.29,97.64,97.92
2013-07-26,99.27,99.37,97.95,98.2
2013-07-25,100.27,100.43,98.92,99.25
2013-07-24,99.47,100.43,99.38,100.25
2013-07-23,99.61,100.16,99.18,99.47
2013-07-22,100.39,100.62,99.28,99.61
2013-07-19,100.5,100.86,99.86,100.35
2013-07-18,99.58,100.64,99.47,100.5
2013-07-17,99.14,99.9,99.07,99.57
2013-07-16,99.91,100.06,98.92,99.15
2013-07-15,99.29,100.46,99.12,99.93
2013-07-12,99,99.68,98.71,99.21
2013-07-11,99.5,99.62,98.29,98.99
2013-07-10,101.1,101.19,99.48,99.52
2013-07-09,101.13,101.28,100.86,101.07
2013-07-08,101.28,101.37,100.95,101.34
2013-07-05,100.1,101.22,99.87,101.17
2013-07-04,99.96,100.16,99.48,100.11
2013-07-03,100.63,100.85,99.25,99.96
2013-07-02,99.61,100.72,99.49,100.62
2013-07-01,99.22,99.84,99.17,99.62
2013-06-28,98.41,99.45,98.35,99.12
2013-06-27,97.78,98.57,97.55,98.43
2013-06-26,97.96,98.23,97.23,97.76
2013-06-25,97.72,98.05,96.96,97.94
2013-06-24,97.97,98.69,97.22,97.71
2013-06-21,97.32,98.13,96.85,97.8
2013-06-20,96.33,98.28,96.2,97.32
2013-06-19,95.39,97.02,94.82,96.3
2013-06-18,94.66,95.76,94.43,95.38
2013-06-17,94.18,95.21,94.15,94.67
2013-06-14,95.6,95.72,93.92,94.06
2013-06-13,95.85,95.95,93.78,95.61
2013-06-12,96.04,97.02,95.13,95.86
2013-06-11,96.85,97.29,95.58,96.04
2013-06-10,97.76,99.28,97.69,98.72
2013-06-07,97.42,97.78,94.99,97.55
2013-06-06,99.14,99.46,95.92,97.43
2013-06-05,100.03,100.45,98.94,99.14
2013-06-04,99.45,100.41,99.32,100.03
2013-06-03,100.56,100.9,98.85,99.44
2013-05-31,100.75,101.28,100.22,100.47
2013-05-30,101.13,101.8,100.46,100.77
2013-05-29,102.28,102.52,100.7,101.13
2013-05-28,101.06,102.5,101.03,102.26
2013-05-27,101.23,101.24,101.09,101.15
2013-05-24,101.98,102.59,100.66,101.12
2013-05-23,103.11,103.57,100.82,101.99
2013-05-22,102.51,103.73,102.33,103.11
2013-05-21,102.26,102.88,102.06,102.5
2013-05-20,102.59,102.91,102.15,102.25
2013-05-17,102.22,103.3,102.05,103.13
2013-05-16,102.25,102.68,101.82,102.22
2013-05-15,102.28,102.76,101.85,102.25
2013-05-14,101.76,102.43,101.25,102.27
2013-05-13,101.77,102.15,101.5,101.76
2013-05-10,100.61,101.98,100.51,101.59
2013-05-09,98.93,100.78,98.62,100.63
2013-05-08,98.97,99.14,98.56,98.93
2013-05-07,99.33,99.43,98.82,98.96
2013-05-06,99.13,99.45,99.02,99.33
2013-05-03,97.91,99.26,97.86,99
2013-05-02,97.27,98.39,97.06,97.92
2013-05-01,97.39,97.67,97.02,97.29
2013-04-30,97.82,98.12,96.99,97.37
2013-04-29,97.94,98.2,97.32,97.82
2013-04-26,99.32,99.41,97.54,98.04
2013-04-25,99.52,99.56,98.98,99.32
2013-04-24,99.39,99.75,99.18,99.52
2013-04-23,99.29,99.52,98.46,99.37
2013-04-22,99.81,99.88,98.98,99.3
2013-04-19,98.21,99.68,98.1,99.51
2013-04-18,98.26,98.52,97.61,98.2
2013-04-17,97.74,98.43,97.2,98.26
2013-04-16,96.59,98.15,96.51,97.75
2013-04-15,98.34,98.71,95.93,96.59
2013-04-12,99.76,99.78,98.1,98.35
2013-04-11,99.79,99.94,99.1,99.77
2013-04-10,99.16,99.87,98.89,99.79
2013-04-09,99.47,99.66,98.59,99.15
2013-04-08,98.26,99.5,98.06,99.47
2013-04-05,96.34,97.82,95.78,97.51
2013-04-04,93.08,96.41,92.7,96.35
2013-04-03,93.36,93.69,92.69,93.06
2013-04-02,93.19,93.56,92.54,93.36
2013-04-01,94.26,94.37,93.03,93.18
2013-03-29,94.21,94.29,93.95,94.2
2013-03-28,94.37,94.43,93.85,94.19
2013-03-27,94.53,94.9,94.02,94.37
2013-03-26,94.16,94.62,93.85,94.51
2013-03-25,94.5,94.96,93.52,94.17
2013-03-22,95,95.13,94.18,94.45
2013-03-21,96,96.1,94.54,95.04
2013-03-20,95.12,96.13,94.81,96.02
2013-03-19,95.27,95.75,94.28,95.09
2013-03-18,94.93,95.59,94.28,95.25
2013-03-15,96.11,96.27,95.07,95.29
2013-03-14,96.07,96.59,95.66,96.09
2013-03-13,95.99,96.26,95.43,96.07
2013-03-12,96.32,96.71,95.62,95.96
2013-03-11,95.97,96.36,95.93,96.32
2013-03-08,94.81,96.54,94.74,96.01
2013-03-07,94.06,95.09,93.77,94.81
2013-03-06,93.28,94.11,92.98,94.06
2013-03-05,93.47,93.54,92.89,93.28
2013-03-04,93.62,93.72,93.15,93.45
2013-03-01,92.55,93.68,92.41,93.57
2013-02-28,92.21,92.84,91.99,92.56
2013-02-27,91.97,92.44,91.12,92.21
2013-02-26,91.8,92.75,91.12,91.97
2013-02-25,94.5,94.61,90.88,91.83
2013-02-22,93.08,93.51,92.91,93.39
2013-02-21,93.55,93.86,92.76,93.11
2013-02-20,93.55,94.04,93.11,93.56
2013-02-19,93.93,93.96,93.26,93.56
2013-02-18,93.67,94.21,93.65,93.96
2013-02-15,92.86,93.84,92.2,93.49
2013-02-14,93.38,93.71,92.66,92.84
2013-02-13,93.46,93.78,92.8,93.43
2013-02-12,94.31,94.4,92.93,93.46
2013-02-11,92.72,94.46,92.34,94.31
2013-02-08,93.61,93.73,92.15,92.69
2013-02-07,93.61,93.91,93.06,93.62
2013-02-06,93.61,94.05,93.25,93.62
2013-02-05,92.37,93.65,91.97,93.64
2013-02-04,92.76,93.18,92.18,92.37
2013-02-01,91.69,92.96,91.58,92.83
2013-01-31,91.06,91.77,90.73,91.72
2013-01-30,90.7,91.4,90.62,91.08
2013-01-29,90.83,91.01,90.3,90.72
2013-01-28,91.02,91.25,90.54,90.8
2013-01-25,90.31,91.19,90.26,90.82
2013-01-24,88.61,90.55,88.41,90.32
2013-01-23,88.7,88.79,88.03,88.61
2013-01-22,89.58,90.11,88.35,88.69
2013-01-21,90.09,90.25,89.32,89.63
2013-01-18,89.85,90.2,89.62,90.08
2013-01-17,88.37,90.13,88.12,89.85
2013-01-16,88.75,88.87,87.78,88.37
2013-01-15,89.46,89.63,88.28,88.76
2013-01-14,89.28,89.66,89.06,89.47
2013-01-11,88.77,89.45,88.64,89.17
2013-01-10,88.12,88.78,87.85,88.74
2013-01-09,87.04,88.01,86.81,87.87
2013-01-08,87.78,87.82,86.88,87.03
2013-01-07,88.07,88.37,87.6,87.78
2013-01-04,87.22,88.41,87.19,88.14
2013-01-03,87.33,87.36,86.74,87.22
2013-01-02,86.67,87.34,86.51,87.33
2013-01-01,86.73,86.85,86.49,86.66
2012-12-31,85.8,86.78,85.64,86.72
2012-12-28,86.09,86.64,85.93,85.97
2012-12-27,85.6,86.15,85.44,86.09
2012-12-26,84.75,85.72,84.71,85.61
2012-12-25,84.91,84.95,84.57,84.81
2012-12-24,84.36,84.93,84.29,84.93
2012-12-21,84.36,84.44,83.83,84.22
2012-12-20,84.39,84.45,83.84,84.38
2012-12-19,84.19,84.61,84.1,84.36
2012-12-18,83.87,84.26,83.79,84.19
2012-12-17,84.32,84.33,83.59,83.85
2012-12-14,83.64,83.96,83.3,83.5
2012-12-13,83.25,83.67,83.1,83.64
2012-12-12,82.51,83.29,82.45,83.27
2012-12-11,82.36,82.57,82.27,82.49
2012-12-10,82.51,82.64,82.09,82.36
2012-12-07,82.37,82.83,82.17,82.49
2012-12-06,82.46,82.62,82.18,82.39
2012-12-05,81.89,82.48,81.78,82.46
2012-12-04,82.23,82.27,81.68,81.89
2012-12-03,82.35,82.5,81.97,82.24
2012-11-30,82.11,82.75,82.04,82.45
2012-11-29,82.06,82.21,81.9,82.11
2012-11-28,82.14,82.21,81.66,82.07
2012-11-27,82.05,82.31,81.82,82.14
2012-11-26,82.33,82.62,81.91,82.05
2012-11-23,82.44,82.51,82.04,82.38
2012-11-22,82.51,82.84,82.24,82.47
2012-11-21,81.67,82.55,81.61,82.53
2012-11-20,81.4,81.76,81.11,81.66
2012-11-19,81.36,81.59,81.06,81.4
2012-11-16,81.15,81.44,80.87,81.31
2012-11-15,80.23,81.46,80.09,81.15
2012-11-14,79.37,80.31,79.36,80.23
2012-11-13,79.48,79.64,79.19,79.37
2012-11-12,79.48,79.56,79.33,79.48
2012-11-09,79.47,79.61,79.06,79.46
2012-11-08,79.92,80,79.3,79.46
2012-11-07,80.35,80.41,79.77,79.99
2012-11-06,80.27,80.44,79.94,80.34
2012-11-05,80.43,80.56,80.14,80.29
2012-11-02,80.15,80.67,80.09,80.44
2012-11-01,79.79,80.2,79.75,80.14
2012-10-31,79.59,79.96,79.48,79.79
2012-10-30,79.79,80.12,79.26,79.59
2012-10-29,79.61,79.84,79.5,79.79
2012-10-26,80.35,80.38,79.48,79.58
2012-10-25,79.79,80.36,79.76,80.35
2012-10-24,79.85,79.92,79.67,79.79
2012-10-23,79.93,80,79.69,79.87
2012-10-22,79.27,79.96,79.19,79.92
2012-10-19,79.29,79.43,79.1,79.33
2012-10-18,79.04,79.46,78.97,79.29
2012-10-17,78.86,79.05,78.59,79.02
2012-10-16,78.68,78.96,78.65,78.87
2012-10-15,78.42,78.86,78.31,78.7
2012-10-12,78.39,78.53,78.26,78.39
2012-10-11,78.15,78.58,77.92,78.4
2012-10-10,78.25,78.37,78.09,78.16
2012-10-09,78.3,78.43,78.12,78.26
2012-10-08,78.64,78.76,78.06,78.31
2012-10-05,78.49,78.87,78.26,78.65
2012-10-04,78.48,78.72,78.28,78.49
2012-10-03,78.17,78.58,78.1,78.48
2012-10-02,78,78.21,77.95,78.17
2012-10-01,77.92,78.15,77.76,77.99
2012-09-28,77.62,78.11,77.4,77.96
2012-09-27,77.73,77.75,77.54,77.62
2012-09-26,77.79,77.9,77.55,77.73
2012-09-25,77.84,77.93,77.64,77.79
2012-09-24,78.12,78.16,77.78,77.85
2012-09-21,78.24,78.37,78.07,78.11
2012-09-20,78.36,78.46,78,78.23
2012-09-19,78.77,79.22,78.22,78.34
2012-09-18,78.71,78.87,78.47,78.78
2012-09-17,78.35,78.93,78.14,78.71
2012-09-14,77.48,78.39,77.43,78.23
2012-09-13,77.82,77.88,77.12,77.47
2012-09-12,77.8,77.96,77.71,77.84
2012-09-11,78.26,78.27,77.68,77.79
2012-09-10,78.22,78.33,78.15,78.26
2012-09-07,78.85,79.02,77.99,78.18
2012-09-06,78.39,79.03,78.34,78.83
2012-09-05,78.43,78.53,78.28,78.39
2012-09-04,78.28,78.47,78.24,78.38
2012-09-03,78.33,78.4,78.18,78.29
2012-08-31,78.62,78.64,78.19,78.37
2012-08-30,78.68,78.75,78.46,78.6
2012-08-29,78.54,78.79,78.46,78.69
2012-08-28,78.76,78.77,78.42,78.52
2012-08-27,78.66,78.84,78.6,78.73
2012-08-24,78.52,78.72,78.43,78.63
2012-08-23,78.54,78.69,78.34,78.54
2012-08-22,79.27,79.37,78.31,78.56
2012-08-21,79.47,79.52,79.19,79.28
2012-08-20,79.55,79.66,79.3,79.46
2012-08-17,79.33,79.57,79.2,79.5
2012-08-16,78.99,79.4,78.92,79.33
2012-08-15,78.72,79.05,78.57,78.95
2012-08-14,78.32,78.93,78.28,78.72
2012-08-13,78.29,78.38,78.14,78.32
2012-08-10,78.56,78.64,78.14,78.27
2012-08-09,78.43,78.79,78.27,78.58
2012-08-08,78.58,78.66,78.21,78.42
2012-08-07,78.26,78.74,78.12,78.58
2012-08-06,78.6,78.64,78.12,78.21
2012-08-03,78.24,78.77,78.04,78.45
2012-08-02,78.42,78.54,78.12,78.24
2012-08-01,78.12,78.5,77.9,78.42
2012-07-31,78.16,78.3,78.02,78.11
2012-07-30,78.48,78.54,78.1,78.16
2012-07-27,78.21,78.68,78.05,78.46
2012-07-26,78.13,78.32,77.99,78.2
2012-07-25,78.16,78.28,78.03,78.15
2012-07-24,78.32,78.37,78.08,78.16
2012-07-23,78.45,78.53,77.93,78.31
2012-07-20,78.63,78.8,78.41,78.48
2012-07-19,78.79,78.82,78.42,78.63
2012-07-18,79.05,79.15,78.71,78.79
2012-07-17,78.87,79.17,78.76,79.06
2012-07-16,79.22,79.23,78.66,78.86
2012-07-13,79.28,79.39,79.07,79.25
2012-07-12,79.72,79.95,79.16,79.27
2012-07-11,79.4,79.79,79.11,79.72
2012-07-10,79.56,79.59,79.18,79.38
2012-07-09,79.66,79.77,79.41,79.55
2012-07-06,79.9,80.02,79.48,79.65
2012-07-05,79.86,80.09,79.53,79.91
2012-07-04,79.84,79.89,79.57,79.86
2012-07-03,79.52,79.93,79.38,79.8
2012-07-02,79.91,79.97,79.29,79.52
2012-06-29,79.42,79.99,79.12,79.78
2012-06-28,79.68,79.75,79.19,79.42
2012-06-27,79.49,79.87,79.33,79.68
2012-06-26,79.64,79.79,79.22,79.48
2012-06-25,80.47,80.62,79.42,79.61
2012-06-22,80.21,80.57,80,80.41
2012-06-21,79.47,80.33,79.37,80.19
2012-06-20,79.07,79.7,78.76,79.47
2012-06-19,79.09,79.11,78.83,78.97
2012-06-18,78.92,79.3,78.85,79.09
2012-06-15,79.4,79.51,78.59,78.69
2012-06-14,79.43,79.47,79.14,79.38
2012-06-13,79.58,79.74,79.26,79.41
2012-06-12,79.38,79.69,79.15,79.56
2012-06-11,79.48,79.72,79.33,79.39
2012-06-08,79.66,79.75,79.09,79.47
2012-06-07,79.25,79.79,79.18,79.64
2012-06-06,78.74,79.28,78.6,79.24
2012-06-05,78.34,78.88,78.09,78.75
2012-06-04,78.1,78.41,77.94,78.33
2012-06-01,78.5,78.7,77.64,77.95
2012-05-31,79.11,79.13,78.19,78.36
2012-05-30,79.53,79.57,78.85,79.11
2012-05-29,79.47,79.64,79.35,79.53
2012-05-28,79.65,79.69,79.3,79.47
2012-05-25,79.58,79.82,79.47,79.67
2012-05-24,79.46,79.63,79.31,79.57
2012-05-23,79.97,80.07,79.2,79.44
2012-05-22,79.29,80.15,79.23,79.98
2012-05-21,79.2,79.45,79.06,79.29
2012-05-18,79.33,79.46,78.93,79.01
2012-05-17,80.32,80.39,79.11,79.3
2012-05-16,80.21,80.55,80.16,80.32
2012-05-15,79.85,80.33,79.78,80.22
2012-05-14,79.92,80.18,79.66,79.84
2012-05-11,79.89,79.99,79.72,79.91
2012-05-10,79.63,80.02,79.58,79.88
2012-05-09,79.88,79.94,79.42,79.64
2012-05-08,79.9,80.08,79.69,79.88
2012-05-07,79.76,79.99,79.63,79.89
2012-05-04,80.19,80.38,79.77,79.83
2012-05-03,80.11,80.55,80.09,80.19
2012-05-02,80.09,80.61,80.04,80.12
2012-05-01,79.82,80.3,79.62,80.08
2012-04-30,80.32,80.39,79.71,79.82
2012-04-27,80.98,81.44,80.17,80.24
2012-04-26,81.31,81.42,80.64,80.97
2012-04-25,81.3,81.7,81.05,81.31
2012-04-24,81.15,81.39,80.82,81.32
2012-04-23,81.57,81.66,80.93,81.16
2012-04-20,81.57,81.78,81.45,81.49
2012-04-19,81.27,81.73,81.16,81.59
2012-04-18,80.87,81.56,80.84,81.28
2012-04-17,80.43,80.93,80.32,80.87
2012-04-16,80.91,81,80.29,80.42
2012-04-13,80.86,81.19,80.81,80.91
2012-04-12,80.86,81.13,80.72,80.87
2012-04-11,80.71,81.11,80.56,80.86
2012-04-10,81.55,81.86,80.6,80.73
2012-04-09,81.54,81.67,81.18,81.53
2012-04-06,82.35,82.55,81.31,81.62
2012-04-05,82.42,82.47,81.8,82.35
2012-04-04,82.81,82.93,82.08,82.42
2012-04-03,82.09,82.99,81.54,82.79
2012-04-02,82.96,83.3,81.87,82.08
2012-03-30,82.4,82.88,81.82,82.84
2012-03-29,82.88,82.97,81.89,82.38
2012-03-28,83.18,83.19,82.59,82.88
2012-03-27,82.86,83.38,82.62,83.19
2012-03-26,82.44,83,82.41,82.85
2012-03-23,82.55,82.95,81.96,82.33
2012-03-22,83.39,83.47,82.31,82.56
2012-03-21,83.72,84.09,83.28,83.37
2012-03-20,83.38,83.83,83.3,83.72
2012-03-19,83.37,83.56,83,83.39
2012-03-16,83.53,83.94,83.18,83.43
2012-03-15,83.68,84.18,83.19,83.54
2012-03-14,82.88,83.83,82.84,83.68
2012-03-13,82.27,83.08,81.95,82.87
2012-03-12,82.51,82.52,82.07,82.31
2012-03-09,81.54,82.64,81.46,82.46
2012-03-08,81.07,81.73,81.04,81.56
2012-03-07,80.88,81.22,80.57,81.08
2012-03-06,81.54,81.58,80.57,80.87
2012-03-05,81.76,81.86,81.13,81.54
2012-03-02,81.09,81.87,81.04,81.79
2012-03-01,81.13,81.32,80.82,81.1
2012-02-29,80.45,81.31,80.22,81.14
2012-02-28,80.59,80.78,80.01,80.44
2012-02-27,81.25,81.66,80.12,80.61
2012-02-24,79.98,81.21,79.89,81.2
2012-02-23,80.28,80.35,79.84,79.99
2012-02-22,79.73,80.4,79.63,80.26
2012-02-21,79.6,79.85,79.53,79.73
2012-02-20,79.59,79.89,79.35,79.62
2012-02-17,78.92,79.61,78.77,79.57
2012-02-16,78.42,78.96,78.33,78.93
2012-02-15,78.42,78.66,78.17,78.43
2012-02-14,77.57,78.54,77.35,78.42
2012-02-13,77.49,77.78,77.36,77.56
2012-02-10,77.65,77.81,77.51,77.59
2012-02-09,77.03,77.72,76.98,77.65
2012-02-08,76.75,77.19,76.7,77.03
2012-02-07,76.54,76.96,76.49,76.74
2012-02-06,76.59,76.8,76.46,76.54
2012-02-03,76.2,76.74,76.11,76.6
2012-02-02,76.18,76.24,76.04,76.21
2012-02-01,76.17,76.35,76.01,76.21
2012-01-31,76.34,76.42,76.14,76.26
2012-01-30,76.65,76.78,76.2,76.33
2012-01-27,77.43,77.48,76.62,76.69
2012-01-26,77.77,77.81,77.29,77.45
2012-01-25,77.66,78.28,77.55,77.77
2012-01-24,77.01,77.85,76.92,77.67
2012-01-23,76.94,77.08,76.84,77.01
2012-01-20,77.09,77.3,76.9,77.01
2012-01-19,76.82,77.32,76.67,77.1
2012-01-18,76.82,76.87,76.61,76.81
2012-01-17,76.76,76.88,76.53,76.82
2012-01-16,77.06,77.06,76.65,76.77
2012-01-13,76.79,77,76.64,76.95
2012-01-12,76.83,76.98,76.65,76.76
2012-01-11,76.83,77.04,76.78,76.86
2012-01-10,76.81,76.91,76.73,76.84
2012-01-09,76.89,77,76.74,76.83
2012-01-06,77.11,77.33,76.93,76.96
2012-01-05,76.69,77.24,76.65,77.1
2012-01-04,76.72,76.83,76.59,76.68
2012-01-03,76.88,76.96,76.59,76.73
2012-01-02,76.95,77.09,76.83,76.88
2011-12-30,77.62,77.74,76.85,76.86
2011-12-29,77.92,77.98,77.55,77.63
2011-12-28,77.86,78.04,77.54,77.94
2011-12-27,77.98,78.02,77.77,77.88
2011-12-26,78.06,78.11,77.82,77.95
2011-12-23,78.16,78.22,77.97,78.05
2011-12-22,78.04,78.2,77.97,78.17
2011-12-21,77.88,78.11,77.66,78.05
2011-12-20,78.04,78.06,77.68,77.89
2011-12-19,77.77,78.17,77.7,78.04
2011-12-16,77.84,77.97,77.58,77.79
2011-12-15,78.06,78.14,77.69,77.86
2011-12-14,77.97,78.15,77.87,78.01
2011-12-13,77.9,78.02,77.62,77.99
2011-12-12,77.67,78,77.52,77.89
2011-12-09,77.61,77.78,77.46,77.61
2011-12-08,77.66,77.79,77.12,77.62
2011-12-07,77.72,77.79,77.6,77.68
2011-12-06,77.79,77.85,77.61,77.72
2011-12-05,78.01,78.11,77.66,77.82
2011-12-02,77.68,78.08,77.64,77.99
2011-12-01,77.57,77.81,77.47,77.69
2011-11-30,77.92,78.16,77.28,77.61
2011-11-29,77.98,78.28,77.6,77.92
2011-11-28,77.56,78.24,77.42,77.98
2011-11-25,77.09,77.79,77.03,77.71
2011-11-24,77.29,77.33,76.98,77.11
2011-11-23,76.97,77.58,76.89,77.3
2011-11-22,76.87,77.32,76.81,76.97
2011-11-21,76.85,76.99,76.72,76.86
2011-11-18,76.98,77.03,76.54,76.9
2011-11-17,77.04,77.09,76.87,76.96
2011-11-16,77.03,77.15,76.83,77.05
2011-11-15,77.07,77.33,76.88,77.02
2011-11-14,77.25,77.26,76.79,77.06
2011-11-11,77.64,77.68,77.03,77.11
2011-11-10,77.8,77.87,77.5,77.63
2011-11-09,77.7,77.88,77.51,77.81
2011-11-08,78.06,78.09,77.58,77.72
2011-11-07,78.17,78.18,77.96,78.06
2011-11-04,78.03,78.31,77.95,78.23
2011-11-03,78.08,78.16,77.86,78.04
2011-11-02,78.36,78.41,77.93,78.07
2011-11-01,78.46,78.46,77.98,78.36
2011-10-31,75.63,79.53,75.56,78.18
2011-10-28,75.96,76,75.65,75.81
2011-10-27,76.22,76.28,75.64,75.96
2011-10-26,76.08,76.32,75.7,76.26
2011-10-25,76.11,76.3,75.73,76.07
2011-10-24,76.21,76.47,75.96,76.11
2011-10-21,76.79,76.91,75.81,76.27
2011-10-20,76.83,77.09,76.65,76.82
2011-10-19,76.77,76.86,76.63,76.81
2011-10-18,76.83,76.9,76.61,76.78
2011-10-17,77.14,77.45,76.59,76.85
2011-10-14,76.86,77.45,76.81,77.21
2011-10-13,77.26,77.29,76.66,76.86
2011-10-12,76.68,77.49,76.3,77.24
2011-10-11,76.67,76.76,76.57,76.68
2011-10-10,76.78,76.85,76.54,76.67
2011-10-07,76.68,76.91,76.56,76.7
2011-10-06,76.78,76.83,76.54,76.68
2011-10-05,76.84,77.07,76.58,76.78
2011-10-04,76.62,76.98,76.52,76.85
2011-10-03,77.07,77.11,76.5,76.61
2011-09-30,76.82,77.19,76.48,77.01
2011-09-29,76.53,77.02,76.37,76.82
2011-09-28,76.74,76.87,76.31,76.53
2011-09-27,76.39,76.93,76.23,76.74
2011-09-26,76.57,76.76,76.21,76.36
2011-09-23,76.26,76.88,76.12,76.54
2011-09-22,76.43,76.97,76.1,76.25
2011-09-21,76.43,76.73,76.1,76.47
2011-09-20,76.61,76.76,76.33,76.47
2011-09-19,76.91,76.98,76.3,76.56
2011-09-16,76.69,76.98,76.62,76.76
2011-09-15,76.68,77.29,76.53,76.71
2011-09-14,76.9,77.06,76.57,76.69
2011-09-13,77.15,77.25,76.78,76.91
2011-09-12,77.5,77.59,76.72,77.12
2011-09-09,77.5,77.85,77.08,77.59
2011-09-08,77.22,77.6,77.12,77.5
2011-09-07,77.56,77.71,77.05,77.17
2011-09-06,76.91,77.72,76.7,77.54
2011-09-05,76.86,76.98,76.66,76.92
2011-09-02,76.91,76.97,76.52,76.79
2011-09-01,76.9,77.23,76.51,76.94
2011-08-31,76.73,76.84,76.4,76.66
2011-08-30,76.86,76.98,76.59,76.73
2011-08-29,76.73,77.03,76.54,76.85
2011-08-26,77.43,77.46,76.47,76.65
2011-08-25,76.95,77.69,76.82,77.45
2011-08-24,76.66,77.07,76.44,76.95
2011-08-23,76.83,76.93,76.45,76.65
2011-08-22,76.81,77.21,76.54,76.84
2011-08-19,76.54,76.97,75.96,76.5
2011-08-18,76.6,76.7,76.42,76.53
2011-08-17,76.81,76.82,76.39,76.59
2011-08-16,76.8,76.93,76.62,76.82
2011-08-15,76.9,77.09,76.57,76.81
2011-08-12,76.87,77.02,76.48,76.67
2011-08-11,76.78,77.22,76.29,76.87
2011-08-10,77.26,77.27,76.33,76.78
2011-08-09,77.84,77.84,76.68,77.26
2011-08-08,78.15,78.46,77.47,77.85
2011-08-05,79.07,79.41,78.31,78.39
2011-08-04,77.04,80.24,76.98,79.18
2011-08-03,77.32,77.4,76.76,77.03
2011-08-02,77.32,77.78,76.95,77.32
2011-08-01,77.36,78.03,76.28,77.36
2011-07-29,77.7,77.86,76.7,76.77
2011-07-28,77.9,78.02,77.61,77.68
2011-07-27,77.94,78.17,77.56,77.9
2011-07-26,78.26,78.65,77.81,77.93
2011-07-25,78.24,78.55,78.02,78.24
2011-07-22,78.49,78.72,78.26,78.54
2011-07-21,78.87,79.03,78.2,78.55
2011-07-20,79.17,79.32,78.68,78.85
2011-07-19,79.05,79.28,78.8,79.16
2011-07-18,79.07,79.18,78.91,79.05
2011-07-15,79.16,79.27,78.89,79.14
2011-07-14,78.87,79.61,78.46,79.14
2011-07-13,79.13,79.57,78.64,78.85
2011-07-12,80.27,80.37,78.49,79.14
2011-07-11,80.54,80.83,80.08,80.25
2011-07-08,81.22,81.47,80.49,80.66
2011-07-07,80.93,81.41,80.77,81.22
2011-07-06,81.08,81.12,80.76,80.94
2011-07-05,80.72,81.19,80.71,81.08
2011-07-04,80.79,80.91,80.52,80.73
2011-07-01,80.72,81.14,80.52,80.81
2011-06-30,80.8,80.86,80.24,80.56
2011-06-29,81.06,81.19,80.54,80.81
2011-06-28,80.9,81.27,80.63,81.02
2011-06-27,80.44,80.98,80.39,80.88
2011-06-24,80.42,80.61,80.1,80.43
2011-06-23,80.32,80.79,80.29,80.41
2011-06-22,80.29,80.38,79.99,80.31
2011-06-21,80.23,80.34,80.02,80.28
2011-06-20,80.13,80.37,79.99,80.25
2011-06-17,80.59,80.67,79.97,80.05
2011-06-16,80.95,81.03,80.45,80.61
2011-06-15,80.52,81.05,80.35,80.95
2011-06-14,80.2,80.63,80.05,80.53
2011-06-13,80.27,80.69,80.08,80.21
2011-06-10,80.36,80.46,79.93,80.3
2011-06-09,79.91,80.42,79.8,80.37
2011-06-08,80.09,80.28,79.67,79.9
2011-06-07,80.12,80.34,79.95,80.11
2011-06-06,80.24,80.39,79.96,80.11
2011-06-03,80.99,81.01,80.03,80.26
2011-06-02,80.9,81.32,80.55,80.96
2011-06-01,81.31,81.5,80.64,80.89
2011-05-31,80.95,81.77,80.67,81.48
2011-05-30,80.81,80.98,80.73,80.94
2011-05-27,81.36,81.36,80.69,80.79
2011-05-26,82.01,82.09,81.14,81.35
2011-05-25,82,82.17,81.75,82.04
2011-05-24,81.97,82.21,81.58,82
2011-05-23,81.75,82.04,81.29,81.94
2011-05-20,81.64,81.86,81.45,81.71
2011-05-19,81.67,82.23,81.44,81.66
2011-05-18,81.41,81.74,80.9,81.67
2011-05-17,80.85,81.77,80.71,81.4
2011-05-16,80.82,81.06,80.61,80.84
2011-05-13,80.98,81.09,80.32,80.79
2011-05-12,81.14,81.34,80.67,80.99
2011-05-11,80.88,81.32,80.59,81.16
2011-05-10,80.25,80.91,80.13,80.87
2011-05-09,80.61,80.84,80.14,80.29
2011-05-06,80.29,80.94,80.16,80.62
2011-05-05,80.63,80.69,79.54,80.32
2011-05-04,80.96,81.2,80.41,80.6
2011-05-03,81.23,81.27,80.66,80.96
2011-05-02,81.1,81.69,80.96,81.24
2011-04-29,81.54,81.63,81.01,81.21
2011-04-28,82.24,82.27,81.37,81.55
2011-04-27,81.59,82.79,81.23,82.23
2011-04-26,81.83,81.97,81.45,81.58
2011-04-25,81.79,82.43,81.63,81.83
2011-04-22,81.88,82.11,81.63,81.83
2011-04-21,82.52,82.58,81.59,81.87
2011-04-20,82.55,83.08,82.25,82.52
2011-04-19,82.55,82.76,82.29,82.57
2011-04-18,83.12,83.26,82.15,82.47
2011-04-15,83.49,83.78,82.93,83.12
2011-04-14,83.92,83.93,82.92,83.48
2011-04-13,83.57,84.26,83.47,83.92
2011-04-12,84.68,84.78,83.44,83.56
2011-04-11,84.91,85.16,84.48,84.63
2011-04-08,85.03,85.4,84.65,84.75
2011-04-07,85.39,85.5,84.58,85.03
2011-04-06,85.16,85.52,84.81,85.4
2011-04-05,84.28,85.24,84.01,85.15
2011-04-04,84.13,84.38,83.82,84.02
2011-04-01,83.18,84.72,83.14,84.05
2011-03-31,82.91,83.22,82.54,83.19
2011-03-30,82.46,83.19,82.34,82.9
2011-03-29,81.72,82.49,81.5,82.47
2011-03-28,81.39,81.84,81.36,81.72
2011-03-25,80.99,81.49,80.85,81.34
2011-03-24,80.93,81.05,80.74,80.99
2011-03-23,80.98,81.07,80.67,80.92
2011-03-22,81.11,81.3,80.82,80.98
2011-03-21,80.85,81.33,80.69,81.1
2011-03-18,79.07,81.99,79.03,80.59
2011-03-17,77.21,79.74,77.06,79.1
2011-03-16,80.74,81.17,76.43,77.36
2011-03-15,81.67,82.02,80.57,80.75
2011-03-14,81.71,82.45,80.57,81.68
2011-03-11,82.97,83.3,81.63,81.83
2011-03-10,82.74,83.17,82.66,82.97
2011-03-09,82.64,82.93,82.54,82.72
2011-03-08,82.23,82.85,82.17,82.66
2011-03-07,82.32,82.4,81.91,82.24
2011-03-04,82.41,83.05,82.19,82.31
2011-03-03,81.85,82.52,81.69,82.44
2011-03-02,81.85,82.11,81.54,81.86
2011-03-01,81.91,82.24,81.75,81.84
2011-02-28,81.64,81.98,81.58,81.78
2011-02-25,81.88,82.06,81.62,81.71
2011-02-24,82.48,82.52,81.58,81.88
2011-02-23,82.78,82.89,82.28,82.48
2011-02-22,83.13,83.54,82.54,82.76
2011-02-21,83.06,83.26,83,83.12
2011-02-18,83.29,83.53,82.99,83.15
2011-02-17,83.68,83.75,83.12,83.3
2011-02-16,83.77,83.98,83.47,83.67
2011-02-15,83.32,83.91,83.15,83.74
2011-02-14,83.52,83.52,83.06,83.32
2011-02-11,83.22,83.67,83.18,83.43
2011-02-10,82.35,83.37,82.29,83.21
2011-02-09,82.34,82.66,82.17,82.34
2011-02-08,82.3,82.42,81.74,82.33
2011-02-07,82.17,82.47,82.12,82.3
2011-02-04,81.62,82.46,81.14,82.16
2011-02-03,81.54,82.06,81.37,81.61
2011-02-02,81.33,81.85,81.31,81.53
2011-02-01,82.03,82.15,81.28,81.34
2011-01-31,81.98,82.25,81.88,82.03
2011-01-28,82.9,82.92,81.96,82.12
2011-01-27,82.16,83.21,81.99,82.9
2011-01-26,82.25,82.61,81.95,82.17
2011-01-25,82.51,82.66,81.95,82.24
2011-01-24,82.53,82.92,82.27,82.52
2011-01-21,82.99,83.09,82.5,82.53
2011-01-20,82.15,83.12,82.01,82.99
2011-01-19,82.56,82.69,81.84,82
2011-01-18,82.67,82.82,82.3,82.6
2011-01-17,82.78,83.01,82.32,82.67
2011-01-14,82.79,83.06,82.38,82.85
2011-01-13,82.99,83.15,82.54,82.8
2011-01-12,83.22,83.46,82.79,82.98
2011-01-11,82.67,83.49,82.65,83.23
2011-01-10,83.2,83.28,82.64,82.71
2011-01-07,83.3,83.67,82.82,83.13
2011-01-06,83.23,83.39,82.84,83.31
2011-01-05,82.01,83.37,81.85,83.22
2011-01-04,81.74,82.28,81.57,82.07
2011-01-03,81.31,81.74,81.12,81.73
2010-12-31,81.5,81.54,80.9,81.12
2010-12-30,81.61,81.86,81.26,81.52
2010-12-29,82.38,82.47,81.57,81.6
2010-12-28,82.78,82.85,81.78,82.37
2010-12-27,82.79,82.98,82.62,82.77
2010-12-24,82.91,83.17,82.82,82.87
2010-12-23,83.54,83.58,82.82,82.91
2010-12-22,83.72,83.85,83.39,83.56
2010-12-21,83.77,83.9,83.46,83.73
2010-12-20,83.92,84.12,83.61,83.77
2010-12-17,83.94,84.2,83.66,83.99
2010-12-16,84.24,84.44,83.93,83.98
2010-12-15,83.66,84.51,83.57,84.24
2010-12-14,83.36,83.78,82.81,83.65
2010-12-13,83.96,84.35,83.08,83.4
2010-12-10,83.73,84.02,83.42,83.9
2010-12-09,84.02,84.12,83.49,83.72
2010-12-08,83.48,84.3,83.41,84.03
2010-12-07,82.61,83.66,82.29,83.48
2010-12-06,82.63,82.99,82.53,82.62
2010-12-03,83.81,83.89,82.5,82.53
2010-12-02,84.18,84.36,83.46,83.8
2010-12-01,83.66,84.39,83.34,84.19
2010-11-30,84.25,84.32,83.4,83.64
2010-11-29,84.02,84.4,83.8,84.23
2010-11-26,83.59,84.18,83.54,84.09
2010-11-25,83.51,83.69,83.37,83.57
2010-11-24,83.15,83.66,82.91,83.53
2010-11-23,83.32,83.85,82.75,83.14
2010-11-22,83.51,83.56,83.18,83.31
2010-11-19,83.52,83.64,83.11,83.53
2010-11-18,83.17,83.78,83.06,83.51
2010-11-17,83.27,83.55,82.99,83.19
2010-11-16,83.06,83.59,82.81,83.31
2010-11-15,82.45,83.26,82.35,83.1
2010-11-12,82.48,82.65,81.62,82.52
2010-11-11,82.26,82.6,82,82.47
2010-11-10,81.68,82.8,81.51,82.27
2010-11-09,81.18,81.96,80.5,81.68
2010-11-08,81.22,81.44,80.96,81.17
2010-11-05,80.7,81.47,80.59,81.26
2010-11-04,81.13,81.22,80.55,80.7
2010-11-03,80.67,81.58,80.56,81.14
2010-11-02,80.5,80.96,80.44,80.67
2010-11-01,80.31,81.15,80.21,80.48
2010-10-29,81,81.07,80.31,80.31
2010-10-28,81.72,81.77,80.83,81
2010-10-27,81.4,81.98,81.28,81.71
2010-10-26,80.76,81.65,80.58,81.41
2010-10-25,81.38,81.4,80.38,80.78
2010-10-22,81.3,81.5,80.96,81.37
2010-10-21,81.13,81.83,80.89,81.29
2010-10-20,81.61,81.66,80.84,81.13
2010-10-19,81.27,81.92,81.1,81.61
2010-10-18,81.43,81.49,81.09,81.26
2010-10-15,81.45,81.62,80.87,81.44
2010-10-14,81.79,81.84,80.85,81.43
2010-10-13,81.82,82,81.68,81.8
2010-10-12,82.07,82.36,81.63,81.82
2010-10-11,81.55,82.18,81.51,82.07
2010-10-08,82.31,82.56,81.71,81.91
2010-10-07,82.9,83.03,82.09,82.32
2010-10-06,83.23,83.27,82.71,82.91
2010-10-05,83.41,83.99,82.94,83.23
2010-10-04,83.27,83.87,83.15,83.41
2010-10-01,83.48,83.58,83.12,83.21
2010-09-30,83.71,83.82,83.14,83.5
2010-09-29,83.82,84.09,83.47,83.71
2010-09-28,84.28,84.34,83.66,83.81
2010-09-27,84.28,84.39,84.08,84.28
2010-09-24,84.39,85.39,84.08,84.2
2010-09-23,84.54,84.67,84.22,84.39
2010-09-22,85.14,85.18,84.26,84.54
2010-09-21,85.69,85.77,84.95,85.15
2010-09-20,85.75,85.8,85.47,85.68
2010-09-17,85.81,85.93,85.56,85.84
2010-09-16,85.75,85.93,85.2,85.84
2010-09-15,83.03,85.77,82.83,85.74
2010-09-14,83.73,83.75,82.9,83.02
2010-09-13,84.19,84.36,83.46,83.71
2010-09-10,83.83,84.38,83.73,84.16
2010-09-09,83.85,84.03,83.45,83.84
2010-09-08,83.77,84.04,83.31,83.86
2010-09-07,84.12,84.26,83.49,83.77
2010-09-06,84.35,84.49,84,84.12
2010-09-03,84.29,85.22,84.13,84.33
2010-09-02,84.44,84.56,83.96,84.28
2010-09-01,84.17,84.66,83.65,84.45
2010-08-31,84.53,84.66,83.79,84.17
2010-08-30,85.34,85.9,84.47,84.57
2010-08-27,84.47,85.45,84.22,85.21
2010-08-26,84.6,84.88,84.29,84.46
2010-08-25,84.14,84.83,84.03,84.59
2010-08-24,85.11,85.19,83.57,84.12
2010-08-23,85.6,85.67,85.04,85.1
2010-08-20,85.29,85.82,85.15,85.56
2010-08-19,85.39,85.92,84.85,85.29
2010-08-18,85.56,85.68,85.15,85.38
2010-08-17,85.34,85.68,85.07,85.56
2010-08-16,86.21,86.23,85.15,85.31
2010-08-13,85.98,86.37,85.53,86.18
2010-08-12,85.26,86,84.9,85.86
2010-08-11,85.32,85.47,84.71,85.24
2010-08-10,85.91,86.24,85.15,85.33
2010-08-09,85.36,85.99,85.26,85.93
2010-08-06,85.85,86.2,85,85.5
2010-08-05,86.31,86.45,85.68,85.84
2010-08-04,85.82,86.38,85.28,86.32
2010-08-03,86.43,86.66,85.64,85.81
2010-08-02,86.41,86.88,86.28,86.42
2010-07-30,86.89,86.92,85.93,86.46
2010-07-29,87.35,87.51,86.53,86.9
2010-07-28,87.84,88.12,87.23,87.37
2010-07-27,86.95,87.97,86.79,87.85
2010-07-26,87.56,87.71,86.78,86.95
2010-07-23,87.04,87.52,86.7,87.41
2010-07-22,86.94,87.21,86.3,87.02
2010-07-21,87.42,87.45,86.83,86.94
2010-07-20,86.77,87.57,86.64,87.43
2010-07-19,86.58,87.22,86.44,86.76
