timestamp,open,high,low,close
2018-09-07,1.1624,1.1649,1.1549,1.1552
2018-09-06,1.1632,1.1659,1.1604,1.1624
2018-09-05,1.1583,1.164,1.1542,1.1632
2018-09-04,1.1617,1.1618,1.1529,1.1583
2018-09-03,1.1597,1.1628,1.1588,1.1617
2018-09-02,1.1595,1.1608,1.1587,1.1597
2018-08-31,1.1663,1.169,1.1583,1.1599
2018-08-30,1.1706,1.1718,1.1639,1.1663
2018-08-29,1.1695,1.171,1.1651,1.1706
2018-08-28,1.1681,1.1733,1.1661,1.1693
2018-08-27,1.1628,1.1694,1.1593,1.168
2018-08-26,1.163,1.163,1.161,1.1628
2018-08-24,1.154,1.164,1.1537,1.1621
2018-08-23,1.1597,1.1598,1.1528,1.154
2018-08-22,1.1574,1.1623,1.1552,1.1597
2018-08-21,1.1492,1.1601,1.1484,1.1574
2018-08-20,1.1438,1.1492,1.1393,1.1492
2018-08-19,1.1436,1.1441,1.1431,1.1438
2018-08-17,1.1374,1.1445,1.1364,1.1437
2018-08-16,1.1345,1.1409,1.1334,1.1374
2018-08-15,1.135,1.1355,1.13,1.1345
2018-08-14,1.1405,1.1429,1.1329,1.135
2018-08-13,1.1398,1.1433,1.1364,1.1405
2018-08-12,1.1386,1.14,1.1367,1.1398
2018-08-10,1.1521,1.1537,1.1386,1.1412
2018-08-09,1.1612,1.162,1.1518,1.152
2018-08-08,1.16,1.1628,1.1571,1.1612
2018-08-07,1.1556,1.1608,1.1549,1.16
2018-08-06,1.1561,1.157,1.1528,1.1556
2018-08-05,1.1565,1.1572,1.1559,1.1561
2018-08-03,1.1586,1.1611,1.1559,1.1565
2018-08-02,1.1663,1.1668,1.158,1.1585
2018-08-01,1.1686,1.17,1.1656,1.1663
2018-07-31,1.1708,1.1746,1.1682,1.1686
2018-07-30,1.166,1.172,1.1646,1.1708
2018-07-29,1.1657,1.1662,1.165,1.166
2018-07-27,1.1641,1.1664,1.1619,1.1659
2018-07-26,1.1731,1.1744,1.1636,1.1641
2018-07-25,1.1682,1.1739,1.1663,1.1731
2018-07-24,1.1691,1.1717,1.1653,1.1682
2018-07-23,1.1734,1.1751,1.1682,1.1691
2018-07-22,1.1722,1.1735,1.172,1.1734
2018-07-20,1.1645,1.1739,1.1625,1.1718
2018-07-19,1.1643,1.1679,1.1574,1.1644
2018-07-18,1.1658,1.1665,1.16,1.1643
2018-07-17,1.171,1.1745,1.1649,1.1658
2018-07-16,1.1683,1.1725,1.1674,1.171
2018-07-15,1.1682,1.1692,1.1677,1.1683
2018-07-13,1.1664,1.1687,1.1611,1.1684
2018-07-12,1.1676,1.1696,1.1648,1.1664
2018-07-11,1.1736,1.176,1.1664,1.1676
2018-07-10,1.175,1.1763,1.1689,1.1736
2018-07-09,1.175,1.1791,1.1731,1.1749
2018-07-08,1.1743,1.1754,1.1735,1.175
2018-07-06,1.1691,1.1768,1.1679,1.1746
2018-07-05,1.1659,1.172,1.1648,1.1691
2018-07-04,1.166,1.1682,1.1628,1.1659
2018-07-03,1.164,1.1673,1.1619,1.1659
2018-07-02,1.1674,1.1682,1.159,1.1639
2018-07-01,1.1651,1.1691,1.1629,1.1674
2018-06-29,1.1564,1.169,1.156,1.1684
2018-06-28,1.1559,1.1601,1.1526,1.1564
2018-06-27,1.165,1.1672,1.1539,1.156
2018-06-26,1.1702,1.1721,1.1634,1.165
2018-06-25,1.1669,1.1713,1.1627,1.1702
2018-06-24,1.1657,1.1669,1.1654,1.1669
2018-06-22,1.161,1.1675,1.1598,1.1654
2018-06-21,1.1575,1.1634,1.1507,1.1609
2018-06-20,1.1588,1.16,1.1536,1.1577
2018-06-19,1.1621,1.1644,1.153,1.1588
2018-06-18,1.1595,1.1627,1.1564,1.1621
2018-06-17,1.1606,1.161,1.1583,1.1595
2018-06-15,1.1583,1.1627,1.1542,1.1609
2018-06-14,1.1799,1.1852,1.1562,1.1582
2018-06-13,1.1746,1.1803,1.1725,1.1799
2018-06-12,1.1775,1.181,1.1732,1.1746
2018-06-11,1.1771,1.1821,1.1769,1.1775
2018-06-10,1.1764,1.1777,1.1752,1.1771
2018-06-08,1.1797,1.181,1.1725,1.1768
2018-06-07,1.1782,1.184,1.1777,1.1797
2018-06-06,1.172,1.1796,1.1711,1.1782
2018-06-05,1.1699,1.1732,1.1651,1.172
2018-06-04,1.1662,1.1744,1.1661,1.1699
2018-06-03,1.1654,1.1669,1.1651,1.1662
2018-06-01,1.1705,1.1718,1.1616,1.1659
2018-05-31,1.1665,1.1724,1.164,1.1705
2018-05-30,1.1541,1.1676,1.1517,1.1664
2018-05-29,1.1626,1.164,1.1509,1.1541
2018-05-28,1.1689,1.173,1.1605,1.1626
2018-05-27,1.1654,1.1691,1.1648,1.1689
2018-05-25,1.1721,1.1734,1.1644,1.165
2018-05-24,1.1705,1.175,1.1689,1.1721
2018-05-23,1.1782,1.179,1.1674,1.1704
2018-05-22,1.1795,1.183,1.1755,1.1782
2018-05-21,1.1766,1.1797,1.1715,1.1795
2018-05-20,1.176,1.1779,1.176,1.1766
2018-05-18,1.1797,1.1822,1.1749,1.177
2018-05-17,1.1816,1.1837,1.1775,1.1797
2018-05-16,1.1818,1.1854,1.1762,1.1815
2018-05-15,1.1928,1.194,1.1816,1.1818
2018-05-14,1.1947,1.1996,1.192,1.1928
2018-05-13,1.1944,1.195,1.1937,1.1947
2018-05-11,1.1918,1.197,1.189,1.1942
2018-05-10,1.1853,1.1947,1.1842,1.1918
2018-05-09,1.1859,1.1897,1.1821,1.1853
2018-05-08,1.1922,1.1939,1.1837,1.186
2018-05-07,1.196,1.1978,1.1896,1.1922
2018-05-06,1.1952,1.1966,1.1946,1.196
2018-05-04,1.1986,1.1996,1.1909,1.1959
2018-05-03,1.1954,1.201,1.1946,1.1986
2018-05-02,1.1989,1.2032,1.1936,1.1954
2018-05-01,1.2081,1.2084,1.1979,1.1989
2018-04-30,1.2121,1.214,1.2062,1.2081
2018-04-29,1.2125,1.213,1.2117,1.2121
2018-04-27,1.2104,1.2133,1.2053,1.2125
2018-04-26,1.2169,1.221,1.2093,1.2104
2018-04-25,1.2233,1.2239,1.2158,1.2169
2018-04-24,1.221,1.2245,1.218,1.2233
2018-04-23,1.228,1.229,1.2196,1.221
2018-04-22,1.2286,1.2288,1.2263,1.2279
2018-04-20,1.2342,1.2353,1.2249,1.2286
2018-04-19,1.2379,1.24,1.2328,1.2342
2018-04-18,1.2372,1.2397,1.2341,1.2379
2018-04-17,1.2382,1.2414,1.2335,1.2372
2018-04-16,1.2329,1.2395,1.2323,1.2381
2018-04-15,1.2327,1.2337,1.2321,1.2328
2018-04-13,1.2329,1.2346,1.2306,1.2328
2018-04-12,1.237,1.238,1.2298,1.2329
2018-04-11,1.2357,1.2396,1.2346,1.237
2018-04-10,1.2322,1.2378,1.2301,1.2356
2018-04-09,1.2274,1.2331,1.2259,1.2321
2018-04-08,1.2278,1.2287,1.2271,1.2274
2018-04-06,1.2244,1.2291,1.2214,1.2283
2018-04-05,1.2285,1.229,1.2217,1.2244
2018-04-04,1.2272,1.2315,1.2255,1.2285
2018-04-03,1.2301,1.2336,1.2252,1.2272
2018-04-02,1.2317,1.2345,1.2281,1.2301
2018-04-01,1.2321,1.233,1.2312,1.2317
2018-03-30,1.2304,1.2331,1.2289,1.2323
2018-03-29,1.2309,1.2336,1.2282,1.2303
2018-03-28,1.2406,1.2422,1.2298,1.2309
2018-03-27,1.2451,1.2476,1.2371,1.2406
2018-03-26,1.2367,1.2462,1.235,1.2451
2018-03-25,1.2348,1.2367,1.2341,1.2367
2018-03-23,1.232,1.2373,1.2315,1.2352
2018-03-22,1.2342,1.239,1.2284,1.2319
2018-03-21,1.2245,1.235,1.2242,1.2342
2018-03-20,1.2335,1.2355,1.2237,1.2245
2018-03-19,1.2285,1.2359,1.2257,1.2335
2018-03-18,1.2283,1.23,1.228,1.2285
2018-03-16,1.2306,1.2336,1.2259,1.2285
2018-03-15,1.2368,1.2384,1.2299,1.2306
2018-03-14,1.2393,1.2413,1.2346,1.2368
2018-03-13,1.2333,1.241,1.2313,1.2392
2018-03-12,1.231,1.2346,1.2289,1.2333
2018-03-11,1.2308,1.2315,1.2305,1.231
2018-03-10,1.2305,1.2305,1.2305,1.2305
2018-03-09,1.2312,1.2334,1.2272,1.2305
2018-03-08,1.241,1.2446,1.2297,1.2313
2018-03-07,1.2421,1.2445,1.2383,1.241
2018-03-06,1.2335,1.2424,1.2327,1.2421
2018-03-05,1.2345,1.235,1.2267,1.2334
2018-03-04,1.2322,1.2364,1.2318,1.2346
2018-03-02,1.2274,1.2336,1.225,1.2317
2018-03-01,1.2192,1.2275,1.2153,1.2274
2018-02-28,1.2235,1.2242,1.2186,1.2192
2018-02-27,1.2312,1.2346,1.222,1.2235
2018-02-26,1.2288,1.2355,1.2276,1.2312
2018-02-25,1.2295,1.2301,1.2281,1.2288
2018-02-23,1.233,1.2337,1.2278,1.2294
2018-02-22,1.2275,1.2352,1.2258,1.233
2018-02-21,1.2335,1.236,1.2272,1.2275
2018-02-20,1.2406,1.2412,1.2319,1.2333
2018-02-19,1.2415,1.2435,1.2367,1.2406
2018-02-18,1.2404,1.2416,1.2394,1.2414
2018-02-16,1.25,1.2556,1.2392,1.2411
2018-02-15,1.2454,1.251,1.2446,1.25
2018-02-14,1.235,1.2465,1.2275,1.2454
2018-02-13,1.2291,1.2371,1.2283,1.235
2018-02-12,1.2252,1.2298,1.2233,1.2291
2018-02-11,1.2252,1.2254,1.2239,1.2252
2018-02-09,1.2247,1.2287,1.2204,1.2251
2018-02-08,1.2254,1.2295,1.221,1.2247
2018-02-07,1.238,1.2406,1.2244,1.2253
2018-02-06,1.2375,1.2435,1.2312,1.238
2018-02-05,1.2431,1.2475,1.2362,1.2375
2018-02-04,1.2452,1.2459,1.2423,1.2431
2018-02-02,1.2505,1.252,1.2408,1.2457
2018-02-01,1.2412,1.2523,1.2384,1.2505
2018-01-31,1.2405,1.2475,1.2386,1.2412
2018-01-30,1.2383,1.2454,1.2334,1.2404
2018-01-29,1.2415,1.2432,1.2335,1.2382
2018-01-28,1.2427,1.2434,1.2411,1.2415
2018-01-26,1.2372,1.2494,1.2372,1.2422
2018-01-25,1.2404,1.2538,1.2363,1.2371
2018-01-24,1.2297,1.2415,1.229,1.2403
2018-01-23,1.226,1.2306,1.2222,1.2297
2018-01-22,1.2259,1.2267,1.2213,1.226
2018-01-21,1.2261,1.2274,1.2254,1.2257
2018-01-19,1.224,1.2295,1.2213,1.222
2018-01-18,1.2165,1.2265,1.2164,1.224
2018-01-17,1.2256,1.2323,1.2164,1.2165
2018-01-16,1.2264,1.2284,1.2194,1.2255
2018-01-15,1.2203,1.2297,1.2186,1.2264
2018-01-14,1.2198,1.2208,1.2186,1.2201
2018-01-12,1.2038,1.2219,1.2029,1.2199
2018-01-11,1.1949,1.206,1.1928,1.2038
2018-01-10,1.1936,1.2018,1.1922,1.1949
2018-01-09,1.1968,1.1976,1.1914,1.1935
2018-01-08,1.2031,1.2052,1.1954,1.1968
2018-01-07,1.2027,1.2036,1.2014,1.2031
2018-01-05,1.2072,1.2083,1.2019,1.2026
2018-01-04,1.2009,1.209,1.2003,1.2071
2018-01-03,1.2057,1.2066,1.2,1.201
2018-01-02,1.2014,1.2081,1.2001,1.2057
2018-01-01,1.2002,1.2017,1.1991,1.2014
2017-12-31,1.1997,1.1997,1.1997,1.1997
2017-12-29,1.1938,1.2026,1.1936,1.1994
2017-12-28,1.1899,1.1959,1.1895,1.1938
2017-12-27,1.1861,1.191,1.1854,1.1898
2017-12-26,1.1871,1.1879,1.1845,1.186
2017-12-25,1.1858,1.1881,1.1842,1.1871
2017-12-24,1.1862,1.1862,1.1858,1.1858
2017-12-22,1.1866,1.1869,1.1816,1.186
2017-12-21,1.1872,1.189,1.1848,1.1866
2017-12-20,1.1841,1.1902,1.1827,1.1872
2017-12-19,1.1783,1.1849,1.1775,1.1842
2017-12-18,1.1746,1.1834,1.1739,1.1783
2017-12-17,1.1749,1.1752,1.1735,1.1745
2017-12-15,1.1765,1.1812,1.1745,1.1749
2017-12-14,1.1826,1.1863,1.1763,1.1765
2017-12-13,1.1736,1.1835,1.1728,1.1826
2017-12-12,1.1772,1.1793,1.1716,1.1736
2017-12-11,1.1769,1.1812,1.1762,1.1773
2017-12-10,1.1766,1.1771,1.1759,1.1769
2017-12-08,1.1776,1.1777,1.1729,1.1769
2017-12-07,1.1803,1.1815,1.1769,1.1775
2017-12-06,1.1828,1.1848,1.1779,1.1803
2017-12-05,1.1868,1.1877,1.1799,1.1828
2017-12-04,1.1869,1.188,1.1828,1.1868
2017-12-03,1.1885,1.1885,1.1848,1.1869
2017-12-01,1.1889,1.194,1.1849,1.1897
2017-11-30,1.185,1.1932,1.1808,1.1889
2017-11-29,1.1847,1.1883,1.1816,1.1849
2017-11-28,1.1899,1.192,1.1826,1.1846
2017-11-27,1.1935,1.1961,1.1889,1.1899
2017-11-26,1.1931,1.1941,1.1918,1.1935
2017-11-24,1.185,1.1944,1.1835,1.1931
2017-11-23,1.1817,1.1856,1.1812,1.185
2017-11-22,1.1733,1.1827,1.1732,1.1818
2017-11-21,1.1734,1.1758,1.1712,1.1733
2017-11-20,1.1765,1.181,1.1721,1.1733
2017-11-19,1.1787,1.1797,1.1764,1.1765
2017-11-17,1.177,1.1822,1.1764,1.1787
2017-11-16,1.177,1.1801,1.1756,1.1771
2017-11-15,1.1798,1.1861,1.1767,1.1769
2017-11-14,1.1664,1.1805,1.166,1.1798
2017-11-13,1.1657,1.1675,1.1636,1.1664
2017-11-12,1.1665,1.1668,1.165,1.1657
2017-11-10,1.1643,1.168,1.1621,1.1663
2017-11-09,1.1594,1.1655,1.1584,1.1643
2017-11-08,1.1593,1.1611,1.1578,1.1594
2017-11-07,1.161,1.1616,1.1553,1.1593
2017-11-06,1.1615,1.1624,1.1579,1.1609
2017-11-05,1.1607,1.1619,1.1603,1.1615
2017-11-03,1.1657,1.1692,1.1597,1.1605
2017-11-02,1.1618,1.1687,1.1616,1.1657
2017-11-01,1.1649,1.1657,1.1605,1.1618
2017-10-31,1.1643,1.1661,1.1623,1.1649
2017-10-30,1.1595,1.1658,1.1594,1.1643
2017-10-29,1.16,1.1615,1.1592,1.1595
2017-10-27,1.1645,1.1646,1.1572,1.1606
2017-10-26,1.1815,1.1837,1.1639,1.1645
2017-10-25,1.1764,1.1818,1.1751,1.1815
2017-10-24,1.1749,1.1793,1.1741,1.1764
2017-10-23,1.1762,1.178,1.1724,1.1749
2017-10-22,1.1771,1.1778,1.1757,1.1762
2017-10-20,1.1847,1.1858,1.1761,1.1783
2017-10-19,1.1795,1.186,1.1767,1.1847
2017-10-18,1.1768,1.1805,1.1729,1.1794
2017-10-17,1.1792,1.1795,1.1735,1.1768
2017-10-16,1.1807,1.182,1.1779,1.1792
2017-10-15,1.182,1.1823,1.1805,1.1807
2017-10-13,1.1834,1.1875,1.1804,1.182
2017-10-12,1.1863,1.188,1.1825,1.1835
2017-10-11,1.181,1.1869,1.1794,1.1863
2017-10-10,1.1741,1.1825,1.1738,1.1811
2017-10-09,1.1739,1.1756,1.1718,1.1741
2017-10-08,1.1734,1.1742,1.1714,1.1739
2017-10-06,1.171,1.174,1.1668,1.1726
2017-10-05,1.1761,1.178,1.1698,1.171
2017-10-04,1.1743,1.1788,1.174,1.1761
2017-10-03,1.1739,1.1774,1.1695,1.1742
2017-10-02,1.1811,1.1811,1.1728,1.1738
2017-10-01,1.1813,1.1816,1.1775,1.1811
2017-09-29,1.1781,1.1832,1.177,1.1813
2017-09-28,1.1742,1.1804,1.172,1.1781
2017-09-27,1.1789,1.1795,1.1716,1.1742
2017-09-26,1.1856,1.1862,1.1756,1.1789
2017-09-25,1.1922,1.1937,1.1831,1.1855
2017-09-24,1.1951,1.196,1.1895,1.1922
2017-09-22,1.1941,1.2005,1.1935,1.1951
2017-09-21,1.1889,1.1954,1.1864,1.1941
2017-09-20,1.1994,1.2034,1.186,1.1889
2017-09-19,1.1956,1.2007,1.1953,1.1994
2017-09-18,1.1942,1.197,1.1913,1.1956
2017-09-17,1.1944,1.195,1.1917,1.1943
2017-09-15,1.1919,1.1987,1.19,1.1942
2017-09-14,1.1893,1.1923,1.1837,1.1919
2017-09-13,1.1972,1.1995,1.1871,1.1893
2017-09-12,1.1962,1.1978,1.1925,1.1972
2017-09-11,1.2019,1.203,1.1946,1.1962
2017-09-10,1.2039,1.2039,1.2007,1.2019
2017-09-08,1.2019,1.2092,1.2013,1.2035
2017-09-07,1.1925,1.206,1.1913,1.2019
2017-09-06,1.1921,1.195,1.1902,1.1925
2017-09-05,1.1898,1.1941,1.1867,1.1921
2017-09-04,1.1878,1.1922,1.1876,1.1898
2017-09-03,1.1857,1.1887,1.1851,1.1878
2017-09-01,1.1913,1.198,1.1848,1.1857
2017-08-31,1.1896,1.1923,1.1821,1.1913
2017-08-30,1.1974,1.1985,1.1879,1.1896
2017-08-29,1.1968,1.207,1.1945,1.1974
2017-08-28,1.1952,1.1986,1.1915,1.1968
2017-08-27,1.1931,1.1962,1.1928,1.1952
2017-08-25,1.1803,1.1942,1.1772,1.1924
2017-08-24,1.1811,1.1818,1.1783,1.1803
2017-08-23,1.1764,1.1823,1.1739,1.1811
2017-08-22,1.1809,1.1824,1.1744,1.1764
2017-08-21,1.1754,1.1828,1.1729,1.1809
2017-08-20,1.1758,1.1764,1.1751,1.1754
2017-08-18,1.1727,1.1775,1.1707,1.176
2017-08-17,1.1777,1.179,1.1662,1.1727
2017-08-16,1.1737,1.178,1.1681,1.1778
2017-08-15,1.1779,1.1793,1.1686,1.1737
2017-08-14,1.1822,1.184,1.1769,1.1778
2017-08-13,1.1805,1.1827,1.1805,1.1822
2017-08-11,1.1765,1.1847,1.1747,1.1824
2017-08-10,1.1763,1.1785,1.1702,1.1766
2017-08-09,1.1759,1.177,1.1688,1.1763
2017-08-08,1.1792,1.1824,1.1714,1.1759
2017-08-07,1.1786,1.1814,1.1775,1.1792
2017-08-06,1.1766,1.1793,1.1764,1.1786
2017-08-04,1.1877,1.189,1.1727,1.1772
2017-08-03,1.1851,1.1893,1.1829,1.1877
2017-08-02,1.1805,1.191,1.1792,1.1851
2017-08-01,1.1831,1.184,1.1784,1.1805
2017-07-31,1.1759,1.1846,1.1721,1.1831
2017-07-30,1.1735,1.1762,1.1733,1.176
2017-07-28,1.1684,1.1764,1.167,1.1751
2017-07-27,1.1734,1.1777,1.1649,1.1684
2017-07-26,1.1646,1.1748,1.1612,1.1734
2017-07-25,1.1637,1.1712,1.1629,1.1646
2017-07-24,1.1673,1.1684,1.1625,1.1637
2017-07-23,1.1658,1.1674,1.1657,1.1672
2017-07-21,1.1627,1.1683,1.1617,1.1659
2017-07-20,1.1527,1.1658,1.1478,1.1627
2017-07-19,1.155,1.1554,1.1509,1.1527
2017-07-18,1.1477,1.1583,1.1469,1.155
2017-07-17,1.147,1.149,1.1433,1.1477
2017-07-16,1.1462,1.1474,1.1459,1.147
2017-07-14,1.1395,1.1472,1.139,1.1461
2017-07-13,1.1416,1.1456,1.1369,1.1396
2017-07-12,1.147,1.149,1.1391,1.1416
2017-07-11,1.1397,1.148,1.1381,1.147
2017-07-10,1.14,1.142,1.138,1.1397
2017-07-09,1.139,1.1402,1.1388,1.14
2017-07-07,1.1422,1.144,1.1378,1.1398
2017-07-06,1.1353,1.1425,1.1328,1.1422
2017-07-05,1.1353,1.137,1.1311,1.1353
2017-07-04,1.1366,1.1377,1.1334,1.1353
2017-07-03,1.1425,1.1426,1.1353,1.1366
2017-07-02,1.1418,1.1427,1.141,1.1425
2017-06-30,1.1442,1.1444,1.139,1.1427
2017-06-29,1.1377,1.1446,1.1375,1.1443
2017-06-28,1.1343,1.1391,1.1291,1.1378
2017-06-27,1.118,1.1349,1.1177,1.1343
2017-06-26,1.1196,1.122,1.117,1.118
2017-06-25,1.1199,1.1201,1.1187,1.1196
2017-06-23,1.115,1.121,1.1143,1.1183
2017-06-22,1.1167,1.118,1.1138,1.115
2017-06-21,1.1134,1.1169,1.1126,1.1167
2017-06-20,1.1152,1.1165,1.1117,1.1135
2017-06-19,1.1204,1.1213,1.1142,1.1152
2017-06-18,1.1194,1.1212,1.1193,1.1204
2017-06-16,1.1146,1.1202,1.1136,1.1184
2017-06-15,1.121,1.1229,1.113,1.1146
2017-06-14,1.1208,1.1296,1.1192,1.121
2017-06-13,1.1202,1.1225,1.1183,1.1207
2017-06-12,1.1204,1.1232,1.119,1.1201
2017-06-11,1.1198,1.1213,1.1191,1.1204
2017-06-09,1.1203,1.1216,1.1164,1.1194
2017-06-08,1.1258,1.127,1.1194,1.1203
2017-06-07,1.1278,1.1283,1.1202,1.1258
2017-06-06,1.1257,1.1284,1.1238,1.1277
2017-06-05,1.1279,1.1281,1.1233,1.1258
2017-06-04,1.1273,1.1284,1.1268,1.1279
2017-06-02,1.1219,1.1285,1.1203,1.1279
2017-06-01,1.1239,1.1257,1.12,1.1219
2017-05-31,1.1173,1.1252,1.1162,1.1239
2017-05-30,1.1139,1.1205,1.1107,1.1173
2017-05-29,1.1183,1.119,1.1133,1.1139
2017-05-28,1.1181,1.1183,1.1165,1.1182
2017-05-26,1.1212,1.1235,1.1159,1.1177
2017-05-25,1.1217,1.1251,1.1193,1.1213
2017-05-24,1.1188,1.1226,1.1166,1.1217
2017-05-23,1.1239,1.1268,1.1172,1.1187
2017-05-22,1.1206,1.1263,1.1159,1.1238
2017-05-21,1.1198,1.1208,1.1183,1.1206
2017-05-19,1.1108,1.1212,1.1097,1.1204
2017-05-18,1.1161,1.1172,1.1074,1.1108
2017-05-17,1.1095,1.1174,1.108,1.1161
2017-05-16,1.098,1.1097,1.0976,1.1095
2017-05-15,1.0925,1.099,1.092,1.0981
2017-05-14,1.0921,1.0935,1.092,1.0925
2017-05-12,1.0863,1.0934,1.0854,1.0926
2017-05-11,1.0866,1.0893,1.0837,1.0863
2017-05-10,1.0882,1.0898,1.0851,1.0866
2017-05-09,1.0926,1.0934,1.0861,1.0882
2017-05-08,1.0993,1.0997,1.0915,1.0925
2017-05-07,1.0997,1.1023,1.0983,1.0993
2017-05-05,1.098,1.1,1.0948,1.0995
2017-05-04,1.0889,1.0987,1.0873,1.098
2017-05-03,1.093,1.0937,1.088,1.0889
2017-05-02,1.091,1.0933,1.0886,1.0931
2017-05-01,1.0902,1.0924,1.0883,1.091
2017-04-30,1.0898,1.0917,1.089,1.0902
2017-04-28,1.087,1.0947,1.0855,1.0893
2017-04-27,1.0908,1.0933,1.0849,1.087
2017-04-26,1.093,1.0951,1.0855,1.0908
2017-04-25,1.0868,1.095,1.0849,1.093
2017-04-24,1.0884,1.089,1.0818,1.0868
2017-04-23,1.0879,1.0933,1.0867,1.0884
2017-04-21,1.0715,1.0738,1.068,1.0725
2017-04-20,1.0715,1.0778,1.0705,1.0714
2017-04-19,1.073,1.0737,1.0698,1.0714
2017-04-18,1.0641,1.0736,1.0635,1.0729
2017-04-17,1.0605,1.0671,1.0602,1.0641
2017-04-16,1.0613,1.0619,1.0601,1.0604
2017-04-14,1.0617,1.063,1.0604,1.0612
2017-04-13,1.0667,1.0678,1.0608,1.0616
2017-04-12,1.0605,1.0675,1.0587,1.0667
2017-04-11,1.0598,1.063,1.0576,1.0604
2017-04-10,1.0578,1.0607,1.0568,1.0598
2017-04-09,1.0595,1.0602,1.0576,1.0578
2017-04-07,1.0643,1.0667,1.0578,1.059
2017-04-06,1.0668,1.0684,1.0627,1.0643
2017-04-05,1.0679,1.069,1.0633,1.0669
2017-04-04,1.0666,1.0685,1.0633,1.0679
2017-04-03,1.0671,1.0681,1.064,1.0667
2017-04-02,1.0658,1.0672,1.0655,1.0671
2017-03-31,1.0684,1.0702,1.065,1.0663
2017-03-30,1.0765,1.077,1.0669,1.0684
2017-03-29,1.0815,1.0826,1.0737,1.0765
2017-03-28,1.0864,1.0873,1.0796,1.0814
2017-03-27,1.0848,1.0906,1.0835,1.0865
2017-03-26,1.0795,1.0849,1.0794,1.0847
2017-03-24,1.0782,1.0818,1.0758,1.0795
2017-03-23,1.0794,1.0805,1.0766,1.0782
2017-03-22,1.0811,1.0825,1.0773,1.0794
2017-03-21,1.0734,1.082,1.0717,1.0812
2017-03-20,1.0741,1.0777,1.0722,1.0734
2017-03-19,1.0736,1.0745,1.0727,1.0741
2017-03-17,1.0771,1.0782,1.0725,1.0734
2017-03-16,1.073,1.0774,1.0703,1.0771
2017-03-15,1.0609,1.074,1.0606,1.073
2017-03-14,1.0652,1.0663,1.0598,1.0609
2017-03-13,1.0679,1.0714,1.0649,1.0652
2017-03-12,1.0671,1.0688,1.0669,1.0679
2017-03-10,1.0575,1.0699,1.057,1.067
2017-03-09,1.054,1.0615,1.0522,1.0576
2017-03-08,1.0566,1.0574,1.0533,1.0541
2017-03-07,1.0582,1.0603,1.0556,1.0567
2017-03-06,1.0609,1.064,1.0572,1.0581
2017-03-05,1.0614,1.0616,1.0598,1.0609
2017-03-03,1.0506,1.0624,1.05,1.0618
2017-03-02,1.0551,1.0551,1.0493,1.0507
2017-03-01,1.0573,1.0589,1.0513,1.0551
2017-02-28,1.0587,1.063,1.0565,1.0573
2017-02-27,1.0559,1.0631,1.0549,1.0586
2017-02-26,1.056,1.0569,1.0553,1.0559
2017-02-24,1.0578,1.062,1.0547,1.0551
2017-02-23,1.0556,1.0595,1.0536,1.0577
2017-02-22,1.0535,1.0574,1.0492,1.0556
2017-02-21,1.0613,1.0615,1.0523,1.0535
2017-02-20,1.062,1.0633,1.0601,1.0614
2017-02-19,1.0616,1.0625,1.0601,1.062
2017-02-17,1.0668,1.0677,1.0603,1.0613
2017-02-16,1.0592,1.068,1.059,1.0668
2017-02-15,1.0577,1.061,1.0519,1.0592
2017-02-14,1.0596,1.0634,1.0559,1.0577
2017-02-13,1.0631,1.0658,1.059,1.0594
2017-02-12,1.0637,1.064,1.062,1.063
2017-02-10,1.0654,1.0668,1.0606,1.0637
2017-02-09,1.0695,1.071,1.0649,1.0653
2017-02-08,1.068,1.0714,1.0638,1.0695
2017-02-07,1.0748,1.075,1.0654,1.068
2017-02-06,1.0784,1.0789,1.0704,1.0748
2017-02-05,1.0782,1.08,1.0777,1.0783
2017-02-03,1.0761,1.08,1.0711,1.078
2017-02-02,1.0767,1.0829,1.0754,1.0762
2017-02-01,1.0796,1.0808,1.0729,1.0767
2017-01-31,1.0701,1.0812,1.0682,1.0795
2017-01-30,1.0714,1.074,1.0619,1.0701
2017-01-29,1.069,1.0729,1.0686,1.0714
2017-01-27,1.068,1.0725,1.0657,1.0698
2017-01-26,1.075,1.0766,1.0655,1.068
2017-01-25,1.0731,1.077,1.0709,1.075
2017-01-24,1.0773,1.0775,1.0718,1.0731
2017-01-23,1.0703,1.0773,1.0701,1.0772
2017-01-22,1.0701,1.0714,1.0687,1.0703
2017-01-20,1.0658,1.071,1.0623,1.0699
2017-01-19,1.0634,1.0677,1.0589,1.0658
2017-01-18,1.071,1.0713,1.0625,1.0634
2017-01-17,1.0598,1.072,1.0595,1.0711
2017-01-16,1.0621,1.0636,1.0577,1.0599
2017-01-15,1.0615,1.063,1.059,1.0621
2017-01-13,1.0612,1.0675,1.0596,1.064
2017-01-12,1.0583,1.0685,1.0569,1.0612
2017-01-11,1.0556,1.0623,1.0452,1.0583
2017-01-10,1.0584,1.0627,1.0549,1.0556
2017-01-09,1.0533,1.0589,1.0508,1.0584
2017-01-08,1.0532,1.0538,1.0524,1.0533
2017-01-06,1.0602,1.0622,1.0522,1.0532
2017-01-05,1.0487,1.0615,1.0479,1.0602
2017-01-04,1.0409,1.05,1.0387,1.0487
2017-01-03,1.0461,1.049,1.0339,1.0409
2017-01-02,1.0518,1.0529,1.0448,1.0462
2017-01-01,1.0527,1.0528,1.0509,1.0518
2016-12-30,1.0492,1.0654,1.0482,1.0516
2016-12-29,1.0419,1.0494,1.0411,1.0493
2016-12-28,1.0458,1.048,1.037,1.0418
2016-12-27,1.0454,1.0463,1.043,1.0459
2016-12-26,1.0455,1.0469,1.0438,1.0455
2016-12-25,1.0453,1.0457,1.0451,1.0454
2016-12-23,1.0434,1.0469,1.0424,1.0446
2016-12-22,1.0427,1.0499,1.0422,1.0435
2016-12-21,1.039,1.0451,1.038,1.0427
2016-12-20,1.0401,1.0418,1.035,1.039
2016-12-19,1.0446,1.0479,1.0391,1.0402
2016-12-18,1.045,1.045,1.0424,1.0447
2016-12-16,1.042,1.0474,1.0403,1.0449
2016-12-15,1.0528,1.0528,1.0364,1.042
2016-12-14,1.0625,1.067,1.0495,1.0528
2016-12-13,1.064,1.0667,1.0601,1.0625
2016-12-12,1.0546,1.0652,1.0523,1.0639
2016-12-11,1.0545,1.0552,1.0524,1.0546
2016-12-09,1.0613,1.063,1.0529,1.0558
2016-12-08,1.0757,1.0874,1.0596,1.0613
2016-12-07,1.0717,1.077,1.0707,1.0757
2016-12-06,1.0759,1.0785,1.0697,1.0718
2016-12-05,1.0533,1.0797,1.0504,1.0758
2016-12-04,1.068,1.068,1.0531,1.0533
2016-12-02,1.0659,1.069,1.0623,1.0661
2016-12-01,1.0596,1.0669,1.0583,1.0659
2016-11-30,1.0648,1.0667,1.0552,1.0596
2016-11-29,1.0612,1.0654,1.0564,1.0648
2016-11-28,1.0597,1.0686,1.0562,1.0613
2016-11-27,1.0592,1.0625,1.0591,1.0598
2016-11-26,1.059,1.059,1.059,1.059
2016-11-25,1.0556,1.0628,1.0536,1.0589
2016-11-24,1.0551,1.0585,1.0516,1.0556
2016-11-23,1.0627,1.0644,1.0524,1.0551
2016-11-22,1.0631,1.066,1.0582,1.0627
2016-11-21,1.0586,1.0649,1.0576,1.0631
2016-11-20,1.059,1.0614,1.0583,1.0587
2016-11-18,1.0626,1.0643,1.0567,1.0584
2016-11-17,1.0699,1.0746,1.0617,1.0626
2016-11-16,1.0724,1.0759,1.0664,1.0701
2016-11-15,1.0744,1.0817,1.0711,1.0724
2016-11-14,1.0838,1.084,1.0707,1.0744
2016-11-13,1.0846,1.0846,1.0824,1.0838
2016-11-11,1.0886,1.0924,1.0829,1.0852
2016-11-10,1.092,1.0954,1.0862,1.0885
2016-11-09,1.1013,1.13,1.0904,1.0919
2016-11-08,1.1043,1.1067,1.1006,1.1013
2016-11-07,1.1084,1.111,1.1025,1.1043
2016-11-06,1.1134,1.1135,1.1041,1.1084
2016-11-04,1.1106,1.1145,1.1078,1.1145
2016-11-03,1.1098,1.1126,1.1057,1.1104
2016-11-02,1.1056,1.1123,1.1047,1.1098
2016-11-01,1.0972,1.1069,1.0956,1.1056
2016-10-31,1.0978,1.0986,1.0934,1.0972
2016-10-30,1.0983,1.0991,1.0976,1.0978
2016-10-28,1.0895,1.0992,1.0891,1.0981
2016-10-27,1.0908,1.0942,1.088,1.0895
2016-10-26,1.089,1.0947,1.0872,1.0908
2016-10-25,1.0871,1.0905,1.0848,1.089
2016-10-24,1.0878,1.09,1.0857,1.0871
2016-10-23,1.0879,1.0888,1.0871,1.0878
2016-10-21,1.0928,1.093,1.0857,1.0884
2016-10-20,1.0978,1.1039,1.0913,1.0928
2016-10-19,1.0979,1.1005,1.0952,1.0978
2016-10-18,1.1002,1.1026,1.0968,1.0978
2016-10-17,1.0971,1.101,1.0961,1.1002
2016-10-16,1.0972,1.0978,1.0964,1.0971
2016-10-14,1.1054,1.1058,1.0966,1.0966
2016-10-13,1.1013,1.1058,1.0983,1.1054
2016-10-12,1.1059,1.1068,1.1001,1.1013
2016-10-11,1.114,1.1142,1.1046,1.1059
2016-10-10,1.1192,1.12,1.1129,1.114
2016-10-09,1.1191,1.1203,1.1171,1.1192
2016-10-07,1.1146,1.1205,1.1102,1.12
2016-10-06,1.1206,1.1213,1.1138,1.1146
2016-10-05,1.1205,1.1233,1.1187,1.1206
2016-10-04,1.1214,1.124,1.1136,1.1205
2016-10-03,1.1235,1.1242,1.1203,1.1214
2016-10-02,1.1237,1.1244,1.1221,1.1235
2016-09-30,1.1223,1.1251,1.1151,1.124
2016-09-29,1.1217,1.125,1.1196,1.1223
2016-09-28,1.1217,1.1237,1.1179,1.1217
2016-09-27,1.1252,1.126,1.1189,1.1217
2016-09-26,1.1235,1.128,1.1219,1.1252
2016-09-25,1.1225,1.1237,1.122,1.1234
2016-09-23,1.121,1.124,1.1191,1.1226
2016-09-22,1.119,1.1257,1.1182,1.121
2016-09-21,1.1153,1.1197,1.112,1.119
2016-09-20,1.1178,1.1213,1.1147,1.1153
2016-09-19,1.1159,1.12,1.115,1.1178
2016-09-18,1.1153,1.1163,1.1147,1.1158
2016-09-16,1.1248,1.1249,1.1147,1.1157
2016-09-15,1.1242,1.1284,1.1216,1.1248
2016-09-14,1.1215,1.1274,1.121,1.1243
2016-09-13,1.1238,1.1261,1.1202,1.1214
2016-09-12,1.1237,1.1268,1.1208,1.1238
2016-09-11,1.1229,1.1243,1.1227,1.1236
2016-09-09,1.1264,1.1285,1.1197,1.1225
2016-09-08,1.1241,1.1327,1.1233,1.1264
2016-09-07,1.1244,1.1272,1.1227,1.1242
2016-09-06,1.1148,1.1263,1.1139,1.1244
2016-09-05,1.1157,1.1182,1.1138,1.1148
2016-09-04,1.1157,1.1158,1.1141,1.1157
2016-09-02,1.1195,1.1252,1.1149,1.1152
2016-09-01,1.1161,1.1205,1.1126,1.1195
2016-08-31,1.1148,1.1166,1.1121,1.1161
2016-08-30,1.1187,1.1192,1.1129,1.1147
2016-08-29,1.1195,1.1208,1.1157,1.1187
2016-08-28,1.1193,1.12,1.1172,1.1195
2016-08-26,1.1284,1.1341,1.1179,1.1195
2016-08-25,1.1264,1.1298,1.1256,1.1285
2016-08-24,1.1303,1.1311,1.1242,1.1264
2016-08-23,1.132,1.1355,1.13,1.1303
2016-08-22,1.1314,1.1331,1.1269,1.132
2016-08-21,1.1327,1.1327,1.1302,1.1314
2016-08-19,1.1345,1.135,1.1302,1.1325
2016-08-18,1.1295,1.1366,1.1286,1.1345
2016-08-17,1.1276,1.1316,1.124,1.1295
2016-08-16,1.1186,1.1323,1.1175,1.1277
2016-08-15,1.116,1.1204,1.1151,1.1185
2016-08-14,1.1161,1.1173,1.1156,1.1161
2016-08-12,1.1138,1.1221,1.1129,1.1162
2016-08-11,1.1186,1.1192,1.1132,1.1139
2016-08-10,1.1115,1.119,1.1109,1.1185
2016-08-09,1.1083,1.1123,1.1068,1.1115
2016-08-08,1.1091,1.1105,1.107,1.1084
2016-08-07,1.1087,1.1093,1.1072,1.1091
2016-08-05,1.1128,1.1161,1.1044,1.1081
2016-08-04,1.1149,1.1156,1.1113,1.1128
2016-08-03,1.122,1.1222,1.1138,1.1149
2016-08-02,1.1166,1.1234,1.1157,1.1219
2016-08-01,1.1171,1.1181,1.1153,1.1166
2016-07-31,1.1177,1.1184,1.1165,1.1171
2016-07-29,1.1078,1.1197,1.1071,1.1175
2016-07-28,1.1058,1.112,1.1054,1.1078
2016-07-27,1.0989,1.1071,1.096,1.1058
2016-07-26,1.0993,1.103,1.0976,1.0989
2016-07-25,1.0971,1.0999,1.095,1.0993
2016-07-24,1.0972,1.0987,1.096,1.0971
2016-07-22,1.1026,1.1041,1.0953,1.0975
2016-07-21,1.101,1.1059,1.0979,1.1026
2016-07-20,1.1017,1.1028,1.098,1.101
2016-07-19,1.1074,1.108,1.0998,1.1018
2016-07-18,1.1057,1.1084,1.1035,1.1074
2016-07-17,1.104,1.1073,1.1039,1.1058
2016-07-15,1.1112,1.115,1.1023,1.1026
2016-07-14,1.1098,1.1165,1.1088,1.1113
2016-07-13,1.1063,1.112,1.104,1.1098
2016-07-12,1.1058,1.1126,1.105,1.1063
2016-07-11,1.105,1.1075,1.1014,1.106
2016-07-10,1.1051,1.1054,1.1041,1.105
2016-07-08,1.106,1.1112,1.1001,1.1049
2016-07-07,1.1095,1.1107,1.105,1.106
2016-07-06,1.1062,1.1112,1.1029,1.1094
2016-07-05,1.1146,1.1186,1.1059,1.1061
2016-07-04,1.1129,1.1163,1.1096,1.1145
2016-07-03,1.114,1.114,1.1113,1.1129
2016-07-01,1.11,1.1169,1.107,1.1135
2016-06-30,1.1123,1.1155,1.1024,1.1099
2016-06-29,1.1073,1.1131,1.1047,1.1123
2016-06-28,1.101,1.1112,1.1008,1.1073
2016-06-27,1.1072,1.1084,1.097,1.101
2016-06-26,1.1057,1.1074,1.0998,1.1071
2016-06-24,1.1375,1.1375,1.0911,1.1115
2016-06-23,1.1331,1.1428,1.1315,1.1375
2016-06-22,1.1258,1.1348,1.1235,1.1331
2016-06-21,1.1315,1.135,1.1238,1.1258
2016-06-20,1.1323,1.1382,1.13,1.1315
2016-06-19,1.1278,1.1338,1.1278,1.1322
2016-06-17,1.1231,1.1296,1.1221,1.1279
2016-06-16,1.1263,1.1295,1.1129,1.1231
2016-06-15,1.1209,1.1297,1.1188,1.1262
2016-06-14,1.129,1.1299,1.1187,1.1209
2016-06-13,1.1249,1.1303,1.123,1.129
2016-06-12,1.1252,1.126,1.1242,1.1249
2016-06-10,1.1314,1.1321,1.1244,1.1248
2016-06-09,1.14,1.1416,1.1304,1.1314
2016-06-08,1.1355,1.1411,1.135,1.14
2016-06-07,1.1355,1.1381,1.1336,1.1355
2016-06-06,1.1356,1.1393,1.1326,1.1355
2016-06-05,1.1351,1.1372,1.1336,1.1355
2016-06-03,1.1152,1.1374,1.1134,1.1363
2016-06-02,1.1185,1.122,1.1145,1.1152
2016-06-01,1.1132,1.1194,1.1111,1.1184
2016-05-31,1.1141,1.1173,1.112,1.1132
2016-05-30,1.1111,1.1145,1.1096,1.1142
2016-05-29,1.1112,1.1117,1.1107,1.1111
2016-05-27,1.1193,1.1201,1.1109,1.1109
2016-05-26,1.1156,1.1217,1.1148,1.1193
2016-05-25,1.1139,1.1167,1.1128,1.1156
2016-05-24,1.1216,1.1227,1.1131,1.114
2016-05-23,1.1216,1.1243,1.1185,1.1216
2016-05-22,1.1215,1.1223,1.1203,1.1216
2016-05-20,1.1202,1.124,1.1194,1.1219
2016-05-19,1.1223,1.123,1.1177,1.1202
2016-05-18,1.1312,1.1316,1.121,1.1223
2016-05-17,1.1314,1.1346,1.1301,1.1313
2016-05-16,1.1315,1.1342,1.1301,1.1314
2016-05-15,1.131,1.1317,1.1299,1.1315
2016-05-13,1.1379,1.138,1.1281,1.1305
2016-05-12,1.1424,1.143,1.1366,1.1378
2016-05-11,1.1372,1.1447,1.1367,1.1423
2016-05-10,1.1383,1.141,1.1357,1.1372
2016-05-09,1.1396,1.142,1.1373,1.1383
2016-05-08,1.1398,1.1403,1.1389,1.1396
2016-05-07,1.141,1.141,1.141,1.141
2016-05-06,1.1403,1.1478,1.1384,1.1399
2016-05-05,1.1489,1.1494,1.1384,1.1403
2016-05-04,1.1499,1.1529,1.1466,1.1489
2016-05-03,1.1527,1.1616,1.1491,1.1499
2016-05-02,1.1454,1.1536,1.1446,1.1526
2016-05-01,1.1449,1.1466,1.1446,1.1454
2016-04-29,1.1353,1.146,1.1349,1.1448
2016-04-28,1.1327,1.137,1.1294,1.1353
2016-04-27,1.1299,1.136,1.1271,1.1327
2016-04-26,1.1267,1.134,1.1254,1.1299
2016-04-25,1.1231,1.128,1.1222,1.1267
2016-04-24,1.1221,1.1234,1.1213,1.123
2016-04-22,1.1288,1.1309,1.1215,1.1215
2016-04-21,1.1301,1.1393,1.1271,1.1288
2016-04-20,1.1357,1.1388,1.1288,1.1301
2016-04-19,1.131,1.1385,1.1301,1.1357
2016-04-18,1.1281,1.1333,1.1272,1.1308
2016-04-15,1.1266,1.1317,1.1243,1.1294
2016-04-14,1.1282,1.1295,1.1231,1.1262
2016-04-13,1.1386,1.1391,1.127,1.1279
2016-04-12,1.141,1.1465,1.1345,1.1386
2016-04-11,1.1404,1.1446,1.137,1.141
2016-04-10,1.1399,1.1419,1.1397,1.1405
2016-04-08,1.1373,1.142,1.1348,1.1395
2016-04-07,1.1396,1.1454,1.1336,1.1372
2016-04-06,1.1383,1.1432,1.1325,1.1396
2016-04-05,1.1388,1.1405,1.1334,1.1383
2016-04-04,1.1391,1.1413,1.1355,1.1388
2016-04-03,1.1389,1.1401,1.1383,1.1392
2016-04-01,1.1378,1.1438,1.1334,1.1394
2016-03-31,1.1332,1.1412,1.1308,1.1378
2016-03-30,1.1288,1.1365,1.1284,1.1332
2016-03-29,1.1197,1.1303,1.1168,1.1288
2016-03-28,1.116,1.122,1.1152,1.1197
2016-03-27,1.1168,1.1168,1.1157,1.116
2016-03-25,1.1177,1.1179,1.1152,1.1163
2016-03-24,1.1182,1.119,1.1143,1.1177
2016-03-23,1.1217,1.1223,1.1157,1.1182
2016-03-22,1.1239,1.1262,1.1186,1.1216
2016-03-21,1.1273,1.1285,1.1232,1.1239
2016-03-20,1.1274,1.1281,1.1252,1.1273
2016-03-18,1.1315,1.1337,1.1254,1.1269
2016-03-17,1.1215,1.1342,1.1204,1.1315
2016-03-16,1.1107,1.1242,1.1055,1.1215
2016-03-15,1.1103,1.1125,1.1071,1.1106
2016-03-14,1.1164,1.1176,1.1077,1.1103
2016-03-13,1.1149,1.1173,1.1129,1.1164
2016-03-11,1.118,1.121,1.1078,1.1152
2016-03-10,1.0997,1.1218,1.0822,1.1179
2016-03-09,1.1005,1.1035,1.0944,1.0996
2016-03-08,1.1014,1.1058,1.0992,1.1005
2016-03-07,1.0992,1.1026,1.0937,1.1014
2016-03-06,1.1001,1.1005,1.0981,1.0992
2016-03-04,1.0949,1.1043,1.0903,1.1004
2016-03-03,1.0869,1.0972,1.0851,1.0949
2016-03-02,1.0867,1.0881,1.0824,1.0869
2016-03-01,1.0884,1.0894,1.0832,1.0866
2016-02-29,1.0917,1.0963,1.0857,1.0884
2016-02-28,1.0939,1.0939,1.091,1.0917
2016-02-26,1.102,1.1068,1.091,1.0931
2016-02-25,1.1016,1.105,1.0986,1.102
2016-02-24,1.1019,1.1046,1.0956,1.1016
2016-02-23,1.1027,1.1053,1.0988,1.1019
2016-02-22,1.1116,1.1125,1.1002,1.1027
2016-02-21,1.1128,1.1133,1.1107,1.1116
2016-02-19,1.1109,1.114,1.1065,1.1126
2016-02-18,1.1128,1.115,1.107,1.1109
2016-02-17,1.1137,1.118,1.1104,1.1129
2016-02-16,1.1162,1.1193,1.1122,1.1136
2016-02-15,1.1238,1.1242,1.1126,1.1163
2016-02-14,1.1253,1.1253,1.1227,1.1238
2016-02-12,1.1313,1.1334,1.1213,1.1254
2016-02-11,1.1278,1.1376,1.1272,1.1313
2016-02-10,1.1287,1.1312,1.1159,1.1278
2016-02-09,1.1199,1.1338,1.1161,1.1287
2016-02-08,1.1146,1.1216,1.1084,1.1199
2016-02-07,1.1152,1.1159,1.1137,1.1145
2016-02-05,1.12,1.1246,1.1107,1.1152
2016-02-04,1.1082,1.124,1.1068,1.12
2016-02-03,1.0924,1.1145,1.0902,1.1081
2016-02-02,1.0889,1.094,1.0884,1.0924
2016-02-01,1.0829,1.0913,1.0812,1.0889
2016-01-31,1.0832,1.0842,1.0819,1.0829
2016-01-29,1.0937,1.0949,1.0808,1.0827
2016-01-28,1.0903,1.0968,1.0862,1.0938
2016-01-27,1.0865,1.0917,1.0849,1.0902
2016-01-26,1.0849,1.0874,1.0816,1.0865
2016-01-25,1.0793,1.0857,1.0788,1.0849
2016-01-24,1.0796,1.0802,1.0786,1.0793
2016-01-22,1.0871,1.0877,1.0788,1.0793
2016-01-21,1.0892,1.0922,1.0777,1.0871
2016-01-20,1.0914,1.0976,1.0875,1.0892
2016-01-19,1.0891,1.0939,1.0857,1.0911
2016-01-18,1.091,1.0928,1.0868,1.0891
2016-01-17,1.0908,1.0939,1.0906,1.091
2016-01-15,1.0861,1.0985,1.0853,1.0914
2016-01-14,1.0882,1.0943,1.0834,1.0861
2016-01-13,1.0848,1.0888,1.0802,1.0882
2016-01-12,1.0862,1.09,1.0818,1.0847
2016-01-11,1.0944,1.097,1.0847,1.0862
2016-01-10,1.0918,1.0946,1.0911,1.0944
2016-01-08,1.0921,1.093,1.0801,1.0919
2016-01-07,1.0774,1.094,1.077,1.0921
2016-01-06,1.0753,1.0799,1.0714,1.0774
2016-01-05,1.0828,1.0839,1.0708,1.0752
2016-01-04,1.0866,1.0946,1.0779,1.0829
2016-01-03,1.0865,1.0879,1.0849,1.0867
2016-01-01,1.0863,1.0863,1.0855,1.0858
2015-12-31,1.0925,1.0937,1.0848,1.0858
2015-12-30,1.0922,1.0944,1.0899,1.0925
2015-12-29,1.0975,1.0992,1.0898,1.0922
2015-12-28,1.0962,1.0993,1.0953,1.0975
2015-12-27,1.0964,1.0971,1.0948,1.0962
2015-12-25,1.0965,1.0975,1.0939,1.0973
2015-12-24,1.0904,1.0971,1.0902,1.0966
2015-12-23,1.095,1.0953,1.0867,1.0903
2015-12-22,1.0909,1.0984,1.09,1.095
2015-12-21,1.0855,1.0939,1.0846,1.0908
2015-12-20,1.0872,1.0872,1.0846,1.0856
2015-12-18,1.0833,1.0874,1.0802,1.0863
2015-12-17,1.0891,1.0893,1.08,1.0834
2015-12-16,1.0933,1.1012,1.0887,1.0891
2015-12-15,1.1,1.106,1.0902,1.0933
2015-12-14,1.0971,1.105,1.0944,1.0999
2015-12-13,1.0988,1.0994,1.0968,1.0972
2015-12-11,1.094,1.1031,1.0925,1.0986
2015-12-10,1.1017,1.1021,1.0923,1.094
2015-12-09,1.0894,1.1043,1.0877,1.1017
2015-12-08,1.0832,1.0903,1.0828,1.0894
2015-12-07,1.0876,1.0888,1.0793,1.0832
2015-12-06,1.0873,1.088,1.0859,1.0875
2015-12-04,1.0927,1.0956,1.0835,1.0882
2015-12-03,1.0608,1.0981,1.0522,1.0927
2015-12-02,1.0625,1.0632,1.055,1.0608
2015-12-01,1.0571,1.0637,1.0561,1.0624
2015-11-30,1.0592,1.0594,1.0555,1.0571
2015-11-29,1.0593,1.0596,1.0583,1.0592
2015-11-27,1.0603,1.0638,1.0566,1.0587
2015-11-26,1.0621,1.0627,1.0597,1.0604
2015-11-25,1.0645,1.069,1.0565,1.0621
2015-11-24,1.0634,1.0673,1.0619,1.0645
2015-11-23,1.0644,1.0657,1.0592,1.0634
2015-11-22,1.0644,1.0646,1.0632,1.0643
2015-11-20,1.073,1.0734,1.0638,1.0642
2015-11-19,1.066,1.0763,1.0657,1.0729
2015-11-18,1.0646,1.0693,1.0615,1.066
2015-11-17,1.0683,1.0691,1.0628,1.0646
2015-11-16,1.0736,1.0758,1.0673,1.0683
2015-11-15,1.0726,1.0776,1.072,1.0736
2015-11-13,1.0807,1.0817,1.0711,1.0772
2015-11-12,1.0758,1.083,1.0689,1.0807
2015-11-11,1.0721,1.0774,1.0703,1.0758
2015-11-10,1.0756,1.0764,1.0671,1.0721
2015-11-09,1.073,1.079,1.0718,1.0756
2015-11-08,1.0743,1.0743,1.0718,1.073
2015-11-06,1.0882,1.0894,1.0705,1.0736
2015-11-05,1.0867,1.0898,1.0832,1.0882
2015-11-04,1.0962,1.0968,1.0842,1.0867
2015-11-03,1.1014,1.103,1.0934,1.0962
2015-11-02,1.1032,1.1053,1.0998,1.1013
2015-11-01,1.0996,1.1043,1.0996,1.1032
2015-10-30,1.0987,1.1073,1.0963,1.1011
2015-10-29,1.093,1.0988,1.0902,1.0987
2015-10-28,1.1037,1.1096,1.0896,1.093
2015-10-27,1.106,1.1079,1.1027,1.1037
2015-10-26,1.1019,1.1068,1.1001,1.1059
2015-10-25,1.1011,1.1023,1.0987,1.1019
2015-10-24,1.1018,1.1018,1.1018,1.1018
2015-10-23,1.1106,1.114,1.0995,1.1015
2015-10-22,1.1341,1.1351,1.1076,1.1106
2015-10-21,1.1352,1.1378,1.1333,1.1341
2015-10-20,1.1327,1.1387,1.1321,1.1352
2015-10-19,1.1352,1.138,1.1304,1.1327
2015-10-18,1.1349,1.1361,1.1345,1.1351
2015-10-16,1.1376,1.1395,1.1333,1.1347
2015-10-15,1.1474,1.1495,1.136,1.1376
2015-10-14,1.1387,1.1489,1.1379,1.1474
2015-10-13,1.1356,1.1411,1.1343,1.1387
2015-10-12,1.1362,1.14,1.1351,1.1356
2015-10-11,1.1354,1.1368,1.135,1.1362
2015-10-09,1.1289,1.1387,1.1265,1.1355
2015-10-08,1.1236,1.1328,1.1232,1.1289
2015-10-07,1.1267,1.1284,1.1209,1.1237
2015-10-06,1.1191,1.128,1.1171,1.1265
2015-10-05,1.1215,1.129,1.117,1.1191
2015-10-04,1.1202,1.1226,1.1202,1.1215
2015-10-02,1.1191,1.1318,1.1148,1.1207
2015-10-01,1.1171,1.121,1.1132,1.1191
2015-09-30,1.1257,1.1262,1.1156,1.1172
2015-09-29,1.1234,1.1281,1.1192,1.1255
2015-09-28,1.119,1.1248,1.1145,1.1234
2015-09-27,1.1204,1.1204,1.1173,1.1192
2015-09-25,1.1176,1.1213,1.1114,1.1192
2015-09-24,1.1186,1.1296,1.1158,1.1177
2015-09-23,1.1131,1.1214,1.1102,1.1186
2015-09-22,1.1186,1.1208,1.1111,1.1131
2015-09-21,1.1294,1.133,1.1179,1.1186
2015-09-20,1.128,1.1298,1.1262,1.1294
2015-09-18,1.1414,1.146,1.1268,1.1308
2015-09-17,1.1292,1.1441,1.1282,1.1414
2015-09-16,1.1271,1.1321,1.1211,1.1292
2015-09-15,1.131,1.1329,1.1256,1.1271
2015-09-14,1.1344,1.1373,1.1282,1.131
2015-09-13,1.1341,1.136,1.1324,1.1344
2015-09-11,1.1287,1.1349,1.1251,1.1339
2015-09-10,1.1218,1.1295,1.1169,1.1287
2015-09-09,1.1207,1.1225,1.1129,1.1218
2015-09-08,1.1171,1.123,1.115,1.1207
2015-09-07,1.1145,1.118,1.112,1.1171
2015-09-06,1.1143,1.1165,1.114,1.1145
2015-09-04,1.112,1.119,1.1088,1.1149
2015-09-03,1.1221,1.1243,1.1085,1.112
2015-09-02,1.1297,1.13,1.1213,1.1221
2015-09-01,1.1218,1.1332,1.1213,1.1298
2015-08-31,1.1198,1.1263,1.1178,1.1218
2015-08-30,1.1186,1.1209,1.1158,1.1197
2015-08-28,1.1241,1.131,1.1154,1.118
2015-08-27,1.1337,1.1364,1.1201,1.1241
2015-08-26,1.1529,1.1561,1.129,1.1337
2015-08-25,1.1598,1.1599,1.1394,1.1529
2015-08-24,1.1391,1.1714,1.1367,1.1597
2015-08-23,1.1362,1.1392,1.1362,1.1391
2015-08-21,1.1233,1.1393,1.1226,1.1384
2015-08-20,1.1115,1.1245,1.1104,1.1233
2015-08-19,1.1025,1.1134,1.1015,1.1115
2015-08-18,1.1075,1.1094,1.1015,1.1025
2015-08-17,1.1105,1.1125,1.1058,1.1076
2015-08-16,1.1107,1.1121,1.11,1.1105
2015-08-14,1.1153,1.119,1.1096,1.1104
2015-08-13,1.1155,1.1189,1.1079,1.1153
2015-08-12,1.1044,1.1214,1.1023,1.1155
2015-08-11,1.1018,1.1088,1.0958,1.1044
2015-08-10,1.0965,1.1041,1.0923,1.1018
2015-08-09,1.0958,1.0973,1.0958,1.0965
2015-08-07,1.0926,1.0978,1.0854,1.0962
2015-08-06,1.0902,1.0944,1.0872,1.0926
2015-08-05,1.0889,1.0933,1.0846,1.0902
2015-08-04,1.0953,1.099,1.0877,1.0889
2015-08-03,1.0975,1.0996,1.0939,1.0953
2015-08-02,1.0981,1.0984,1.0964,1.0975
2015-07-31,1.0931,1.1114,1.0918,1.098
2015-07-30,1.0989,1.0989,1.0892,1.0931
2015-07-29,1.1062,1.1084,1.0964,1.0989
2015-07-28,1.1086,1.11,1.1019,1.1062
2015-07-27,1.0975,1.1129,1.0966,1.1086
2015-07-26,1.0977,1.0989,1.0967,1.0975
2015-07-24,1.0984,1.0996,1.0922,1.098
2015-07-23,1.093,1.1018,1.0919,1.0984
2015-07-22,1.0936,1.0967,1.0868,1.093
2015-07-21,1.0829,1.0969,1.0809,1.0936
2015-07-20,1.0838,1.087,1.0807,1.0829
2015-07-19,1.0832,1.0844,1.0826,1.0839
2015-07-17,1.0879,1.0907,1.0824,1.0828
2015-07-16,1.0959,1.0963,1.0854,1.0879
2015-07-15,1.1012,1.1036,1.0928,1.0959
2015-07-14,1.1006,1.1085,1.0964,1.1012
2015-07-13,1.1119,1.1197,1.0994,1.1007
2015-07-12,1.1144,1.1144,1.1085,1.112
2015-07-10,1.107,1.1216,1.1052,1.1152
2015-07-09,1.1075,1.1125,1.099,1.107
2015-07-08,1.1004,1.1093,1.0971,1.1075
2015-07-07,1.1055,1.1056,1.0914,1.1004
2015-07-06,1.1022,1.1096,1.0989,1.1054
2015-07-05,1.1106,1.1106,1.0968,1.1022
2015-07-03,1.109,1.112,1.1064,1.1115
2015-07-02,1.1044,1.1121,1.103,1.1089
2015-07-01,1.1129,1.1171,1.1039,1.1044
2015-06-30,1.1213,1.1244,1.1111,1.1129
2015-06-29,1.099,1.1279,1.0967,1.1216
2015-06-28,1.1168,1.1168,1.0951,1.099
2015-06-27,1.1166,1.1166,1.1165,1.1165
2015-06-26,1.1201,1.122,1.1129,1.1162
2015-06-25,1.1205,1.1228,1.1151,1.1201
2015-06-24,1.1171,1.1235,1.1157,1.1205
2015-06-23,1.1341,1.1347,1.1134,1.1171
2015-06-22,1.1361,1.141,1.1311,1.1342
2015-06-21,1.1345,1.1382,1.1345,1.136
2015-06-19,1.1371,1.1387,1.1291,1.135
2015-06-18,1.1341,1.1436,1.1336,1.1372
2015-06-17,1.1246,1.1358,1.1204,1.1341
2015-06-16,1.1276,1.133,1.1203,1.1247
2015-06-15,1.1226,1.1294,1.1186,1.1276
2015-06-14,1.1253,1.1253,1.1206,1.1225
2015-06-12,1.1239,1.1297,1.1148,1.1257
2015-06-11,1.1324,1.1331,1.1181,1.1239
2015-06-10,1.1274,1.1386,1.1259,1.1324
2015-06-09,1.1279,1.1345,1.1212,1.1273
2015-06-08,1.1108,1.1307,1.1081,1.1279
2015-06-07,1.111,1.1113,1.1077,1.1108
2015-06-06,1.1108,1.1108,1.1108,1.1108
2015-06-05,1.1202,1.128,1.1048,1.1107
2015-06-04,1.1265,1.138,1.1199,1.1203
2015-06-03,1.1151,1.1285,1.1079,1.1265
2015-06-02,1.0928,1.1194,1.0914,1.1151
2015-06-01,1.0968,1.098,1.0885,1.0928
2015-05-31,1.0982,1.099,1.0962,1.0968
2015-05-29,1.0969,1.1006,1.0924,1.0991
2015-05-28,1.0904,1.0974,1.0866,1.0969
2015-05-27,1.0886,1.093,1.0817,1.0904
2015-05-26,1.0978,1.098,1.0861,1.0885
2015-05-25,1.1002,1.101,1.0956,1.0977
2015-05-24,1.1007,1.1009,1.0963,1.1002
2015-05-22,1.1108,1.1208,1.0999,1.1002
2015-05-21,1.1095,1.1181,1.1077,1.1108
2015-05-20,1.1147,1.1152,1.106,1.1095
2015-05-19,1.1315,1.1326,1.1117,1.1146
2015-05-18,1.144,1.1447,1.1297,1.1314
2015-05-17,1.1447,1.1451,1.143,1.144
2015-05-15,1.1404,1.1467,1.1321,1.1442
2015-05-14,1.1353,1.1445,1.1338,1.1403
2015-05-13,1.1215,1.1383,1.1201,1.1353
2015-05-12,1.1148,1.1279,1.1131,1.1215
2015-05-11,1.1197,1.1202,1.1128,1.1148
2015-05-10,1.1196,1.1206,1.119,1.1197
2015-05-08,1.1241,1.1289,1.1177,1.1192
2015-05-07,1.1342,1.1392,1.1224,1.1238
2015-05-06,1.1179,1.137,1.1173,1.1343
2015-05-05,1.1146,1.1223,1.1064,1.118
2015-05-04,1.1185,1.1225,1.112,1.1145
2015-05-03,1.1207,1.1207,1.1178,1.1185
2015-05-01,1.1211,1.129,1.1174,1.1196
2015-04-30,1.1118,1.1266,1.1069,1.1211
2015-04-29,1.0975,1.1188,1.0957,1.1118
2015-04-28,1.0876,1.0991,1.0858,1.0975
2015-04-27,1.0865,1.0927,1.0818,1.0875
2015-04-26,1.0872,1.0872,1.0856,1.0865
2015-04-24,1.0815,1.09,1.0782,1.087
2015-04-23,1.072,1.0846,1.0665,1.0815
2015-04-22,1.0737,1.0801,1.0706,1.0719
2015-04-21,1.0738,1.0781,1.0658,1.0737
2015-04-20,1.0794,1.0818,1.0712,1.0738
2015-04-19,1.081,1.083,1.0791,1.0794
2015-04-17,1.076,1.0849,1.0733,1.0805
2015-04-16,1.0675,1.0818,1.0623,1.076
2015-04-15,1.0651,1.0702,1.0569,1.0676
2015-04-14,1.0573,1.0707,1.0529,1.0651
2015-04-13,1.0613,1.062,1.0519,1.0573
2015-04-12,1.0608,1.0614,1.058,1.0612
2015-04-10,1.0663,1.0684,1.0566,1.0597
2015-04-09,1.0783,1.079,1.0635,1.0663
2015-04-08,1.0825,1.0888,1.0762,1.0783
2015-04-07,1.0931,1.0955,1.0801,1.0824
2015-04-06,1.1002,1.1036,1.0907,1.0931
2015-04-05,1.0968,1.1005,1.0963,1.1002
2015-04-03,1.0876,1.1027,1.0861,1.0963
2015-04-02,1.0769,1.0905,1.0748,1.0876
2015-04-01,1.074,1.08,1.0716,1.077
2015-03-31,1.0829,1.0845,1.0712,1.0739
2015-03-30,1.0888,1.089,1.0808,1.0829
2015-03-29,1.0897,1.0897,1.0877,1.0886
2015-03-27,1.0879,1.0949,1.0799,1.0894
2015-03-26,1.0964,1.1052,1.0854,1.0879
2015-03-25,1.0913,1.1015,1.0898,1.0964
2015-03-24,1.0958,1.1029,1.0888,1.0913
2015-03-23,1.0839,1.0971,1.0766,1.0958
2015-03-22,1.0808,1.0883,1.0808,1.0839
2015-03-20,1.0668,1.0882,1.0653,1.0812
2015-03-19,1.0822,1.092,1.0612,1.0668
2015-03-18,1.0594,1.104,1.0577,1.0822
2015-03-17,1.057,1.0651,1.0548,1.0594
2015-03-16,1.0499,1.0619,1.0476,1.057
2015-03-15,1.0492,1.0506,1.0452,1.0499
2015-03-14,1.05,1.05,1.05,1.05
2015-03-13,1.0622,1.0635,1.0461,1.05
2015-03-12,1.0551,1.0684,1.0493,1.0622
2015-03-11,1.0686,1.0717,1.0508,1.0551
2015-03-10,1.0847,1.0848,1.0666,1.0686
2015-03-09,1.0838,1.0906,1.0833,1.0847
2015-03-08,1.0849,1.0849,1.082,1.0838
2015-03-07,1.0847,1.0847,1.0847,1.0847
2015-03-06,1.1031,1.1033,1.0834,1.0845
2015-03-05,1.1081,1.1114,1.0985,1.1031
2015-03-04,1.1179,1.1187,1.1059,1.108
2015-03-03,1.1179,1.1218,1.1152,1.118
2015-03-02,1.1181,1.124,1.1157,1.1179
2015-03-01,1.1189,1.1189,1.1168,1.1181
2015-02-28,1.1194,1.1194,1.1187,1.1187
2015-02-27,1.1195,1.1245,1.1173,1.1186
2015-02-26,1.1364,1.138,1.1182,1.1194
2015-02-25,1.134,1.139,1.1333,1.1364
2015-02-24,1.1336,1.1358,1.1287,1.134
2015-02-23,1.1379,1.1393,1.1292,1.1336
2015-02-22,1.1375,1.1412,1.1375,1.138
2015-02-21,1.1374,1.1374,1.1374,1.1374
2015-02-20,1.1363,1.143,1.1278,1.1379
2015-02-19,1.1402,1.145,1.1353,1.1362
2015-02-18,1.1409,1.1416,1.1332,1.1402
2015-02-17,1.1346,1.1449,1.1321,1.1409
2015-02-16,1.1399,1.143,1.1318,1.1345
2015-02-15,1.1397,1.1423,1.1379,1.1398
2015-02-14,1.1379,1.1395,1.1378,1.1395
2015-02-13,1.1401,1.1443,1.1374,1.1378
2015-02-12,1.133,1.1423,1.1301,1.1401
2015-02-11,1.1316,1.1352,1.1277,1.1329
2015-02-10,1.1324,1.1345,1.1271,1.1316
2015-02-09,1.1312,1.136,1.1267,1.1324
2015-02-08,1.1319,1.133,1.1282,1.1312
2015-02-06,1.1477,1.1478,1.1309,1.1309
2015-02-05,1.1334,1.1499,1.1302,1.1476
2015-02-04,1.1464,1.1487,1.1314,1.1334
2015-02-03,1.1334,1.1534,1.1311,1.1464
2015-02-02,1.1312,1.1362,1.129,1.1335
2015-02-01,1.1283,1.1326,1.1277,1.1312
2015-01-31,1.1297,1.1297,1.1297,1.1297
2015-01-30,1.1328,1.1364,1.1273,1.1286
2015-01-29,1.1276,1.1368,1.126,1.1328
2015-01-28,1.137,1.1382,1.127,1.1276
2015-01-27,1.1236,1.1422,1.1221,1.1371
2015-01-26,1.1143,1.1296,1.1097,1.1236
2015-01-25,1.1207,1.1207,1.1132,1.1142
2015-01-23,1.1369,1.1374,1.1113,1.1203
2015-01-22,1.1613,1.1651,1.1314,1.1369
2015-01-21,1.1555,1.168,1.1539,1.1614
2015-01-20,1.1604,1.1615,1.1538,1.1554
2015-01-19,1.1564,1.164,1.1549,1.1604
2015-01-18,1.1547,1.1572,1.1542,1.1564
2015-01-16,1.1626,1.165,1.1458,1.1569
2015-01-15,1.1789,1.1791,1.1567,1.1627
2015-01-14,1.1776,1.1846,1.1726,1.1788
2015-01-13,1.1829,1.186,1.1752,1.1776
2015-01-12,1.1867,1.1871,1.1784,1.1829
2015-01-11,1.1842,1.187,1.1837,1.1866
2015-01-09,1.179,1.1846,1.1761,1.1836
2015-01-08,1.1833,1.1848,1.1752,1.179
2015-01-07,1.1873,1.1897,1.1799,1.1834
2015-01-06,1.1931,1.1969,1.184,1.1872
2015-01-05,1.1945,1.1976,1.1885,1.1932
2015-01-04,1.2002,1.2005,1.1865,1.1945
2015-01-02,1.2102,1.2102,1.1992,1.1997
2015-01-01,1.2097,1.2107,1.2092,1.2102
2014-12-31,1.2156,1.217,1.2095,1.2096
2014-12-30,1.2156,1.2187,1.2121,1.2156
2014-12-27,1.2178,1.2178,1.2178,1.2178
2014-12-26,1.2225,1.2226,1.2166,1.2181
2014-12-25,1.2196,1.2254,1.2186,1.2226
2014-12-24,1.2172,1.222,1.2165,1.2196
2014-12-23,1.2227,1.2246,1.2162,1.2172
2014-12-22,1.222,1.2273,1.2214,1.2227
2014-12-21,1.2226,1.2226,1.2215,1.222
2014-12-20,1.2227,1.2227,1.2227,1.2227
2014-12-19,1.2286,1.2302,1.2219,1.2226
2014-12-18,1.233,1.2353,1.2263,1.2287
2014-12-17,1.251,1.2516,1.2319,1.233
2014-12-16,1.2445,1.257,1.2432,1.2511
2014-12-15,1.2474,1.2479,1.2413,1.2445
2014-12-14,1.2459,1.2483,1.2451,1.2475
2014-12-12,1.2406,1.2485,1.2382,1.246
2014-12-11,1.2445,1.2495,1.2368,1.2406
2014-12-10,1.2377,1.2448,1.2359,1.2445
2014-12-09,1.2316,1.2448,1.2289,1.2378
2014-12-08,1.2285,1.2344,1.2245,1.2316
2014-12-07,1.2278,1.2291,1.2276,1.2284
2014-12-05,1.2378,1.2393,1.227,1.2285
2014-12-04,1.2307,1.2456,1.228,1.2378
2014-12-03,1.2382,1.2391,1.2299,1.2307
2014-12-02,1.2472,1.2476,1.2375,1.2383
2014-12-01,1.2446,1.2507,1.2418,1.2472
2014-11-30,1.2451,1.2473,1.2442,1.2446
2014-11-28,1.2458,1.249,1.2424,1.2451
2014-11-27,1.2506,1.2524,1.2454,1.2458
2014-11-26,1.2473,1.2528,1.2441,1.2507
2014-11-25,1.2439,1.2485,1.24,1.2473
2014-11-24,1.2437,1.2445,1.2421,1.2438
2014-11-23,1.2391,1.2391,1.2357,1.2371
2014-11-21,1.2542,1.2568,1.2373,1.239
2014-11-20,1.2545,1.2575,1.2502,1.2542
2014-11-19,1.2531,1.26,1.251,1.2545
2014-11-18,1.2449,1.2545,1.2441,1.2531
2014-11-17,1.2518,1.2578,1.2443,1.2449
2014-11-16,1.2525,1.2538,1.2516,1.2518
2014-11-15,1.2525,1.2529,1.2525,1.2529
2014-11-14,1.2472,1.2546,1.2396,1.2522
2014-11-13,1.2428,1.2492,1.2425,1.2475
2014-11-12,1.2473,1.2498,1.2417,1.2428
2014-11-11,1.2427,1.2499,1.2421,1.2473
2014-11-10,1.2463,1.251,1.2415,1.2424
2014-11-09,1.2452,1.2486,1.2448,1.2462
2014-11-07,1.2413,1.247,1.2409,1.2454
2014-11-06,1.2483,1.2533,1.2365,1.2375
2014-11-05,1.2542,1.2565,1.2462,1.2485
2014-11-04,1.2483,1.2572,1.2481,1.2545
2014-11-03,1.2506,1.2513,1.2447,1.248
2014-10-31,1.2613,1.2615,1.2489,1.2521
2014-10-30,1.2636,1.2639,1.2557,1.2614
2014-10-29,1.2732,1.2768,1.2627,1.2636
2014-10-28,1.2697,1.2763,1.2685,1.2733
2014-10-27,1.2673,1.2721,1.2666,1.2696
2014-10-24,1.2645,1.2694,1.2635,1.2669
2014-10-23,1.2643,1.2674,1.2616,1.2645
2014-10-22,1.2713,1.2738,1.2638,1.2643
2014-10-21,1.2797,1.2838,1.271,1.271
2014-10-20,1.2755,1.2816,1.2731,1.2794
2014-10-17,1.2802,1.2834,1.2747,1.2758
2014-10-16,1.2812,1.2843,1.2709,1.2801
2014-10-15,1.2656,1.2875,1.2625,1.2817
2014-10-14,1.274,1.2748,1.2641,1.2658
2014-10-13,1.2628,1.2765,1.2627,1.274
2014-10-10,1.269,1.2715,1.2605,1.2627
2014-10-09,1.273,1.2788,1.2664,1.2689
2014-10-08,1.2666,1.2747,1.2623,1.273
2014-10-07,1.2654,1.268,1.2584,1.2664
2014-10-06,1.2514,1.2672,1.2508,1.2652
2014-10-03,1.2669,1.2671,1.25,1.2512
2014-10-02,1.2619,1.2696,1.2615,1.267
2014-10-01,1.263,1.2635,1.2585,1.2618
2014-09-30,1.2689,1.27,1.2572,1.263
2014-09-29,1.268,1.2713,1.2664,1.2688
2014-09-26,1.2751,1.276,1.2676,1.2683
2014-09-25,1.2779,1.2783,1.2704,1.2751
2014-09-24,1.2849,1.2863,1.2774,1.2777
2014-09-23,1.2845,1.2898,1.2843,1.2848
2014-09-22,1.2826,1.2866,1.2818,1.2846
2014-09-19,1.2916,1.2928,1.2828,1.2829
2014-09-18,1.2848,1.2928,1.2834,1.2915
2014-09-17,1.2957,1.298,1.2838,1.2844
2014-09-16,1.2939,1.2994,1.2923,1.2957
2014-09-15,1.2968,1.2969,1.2909,1.2939
2014-09-12,1.2923,1.2977,1.2911,1.2961
2014-09-11,1.2916,1.295,1.2898,1.2924
2014-09-10,1.2939,1.2962,1.2889,1.2916
2014-09-09,1.2898,1.2957,1.2859,1.294
2014-09-08,1.2953,1.2959,1.2886,1.2897
2014-09-05,1.2937,1.2983,1.2922,1.2951
2014-09-04,1.3149,1.3153,1.2925,1.2936
2014-09-03,1.3132,1.3159,1.3122,1.3148
2014-09-02,1.3128,1.3135,1.311,1.3132
2014-09-01,1.3129,1.3145,1.3118,1.3128
2014-08-29,1.3182,1.3195,1.3131,1.3133
2014-08-28,1.3193,1.3217,1.3161,1.3183
2014-08-27,1.3167,1.3209,1.3153,1.3194
2014-08-26,1.319,1.3213,1.3164,1.3168
2014-08-25,1.3191,1.3209,1.3183,1.3189
2014-08-22,1.3282,1.3296,1.3223,1.3245
2014-08-21,1.3257,1.3288,1.3241,1.3282
2014-08-20,1.3318,1.3325,1.3256,1.3258
2014-08-19,1.3362,1.3363,1.3313,1.3318
2014-08-18,1.3391,1.3398,1.3353,1.3361
2014-08-15,1.3363,1.3409,1.3358,1.3398
2014-08-14,1.3362,1.3406,1.3348,1.3363
2014-08-13,1.3367,1.3414,1.3344,1.3363
2014-08-12,1.3384,1.3386,1.3337,1.3367
2014-08-11,1.3407,1.3407,1.3381,1.3384
2014-08-08,1.336,1.3431,1.3344,1.341
2014-08-07,1.3383,1.3391,1.3339,1.3361
2014-08-06,1.3371,1.3386,1.3333,1.3383
2014-08-05,1.3422,1.3424,1.3359,1.3371
2014-08-04,1.3426,1.343,1.3409,1.3422
2014-08-01,1.3388,1.3443,1.3378,1.343
2014-07-31,1.3394,1.34,1.3372,1.3387
2014-07-30,1.3409,1.3415,1.3368,1.3394
2014-07-29,1.3437,1.3443,1.3404,1.3409
2014-07-28,1.3429,1.3444,1.3425,1.344
2014-07-25,1.3462,1.3475,1.3422,1.3434
2014-07-24,1.346,1.3484,1.3441,1.3462
2014-07-23,1.3465,1.3474,1.3455,1.3463
2014-07-22,1.3523,1.3529,1.3461,1.3466
2014-07-21,1.3526,1.3548,1.3513,1.3523
2014-07-18,1.3526,1.3535,1.3492,1.3524
2014-07-17,1.3523,1.3538,1.3516,1.3526
2014-07-16,1.3567,1.3571,1.352,1.3525
2014-07-15,1.362,1.3625,1.3563,1.3568
2014-07-14,1.3605,1.3639,1.3597,1.3619
2014-07-11,1.3606,1.3623,1.3593,1.3605
2014-07-10,1.364,1.365,1.359,1.3606
2014-07-09,1.3612,1.3647,1.3602,1.364
2014-07-08,1.3607,1.3617,1.3588,1.3611
2014-07-07,1.3593,1.3609,1.3575,1.3606
2014-07-04,1.3608,1.3611,1.3585,1.3596
2014-07-03,1.3656,1.3663,1.3598,1.3609
2014-07-02,1.3679,1.3681,1.3642,1.3657
2014-07-01,1.3693,1.3696,1.3675,1.3679
2014-06-30,1.3644,1.3695,1.364,1.3692
2014-06-27,1.3611,1.3649,1.3609,1.3647
2014-06-26,1.363,1.3641,1.3577,1.3612
2014-06-25,1.3602,1.3649,1.36,1.363
2014-06-24,1.3604,1.3627,1.3583,1.3603
2014-06-23,1.3595,1.3612,1.3575,1.3604
2014-06-20,1.3606,1.3633,1.3564,1.36
2014-06-19,1.3587,1.3642,1.3582,1.3606
2014-06-18,1.3546,1.3595,1.354,1.3589
2014-06-17,1.3571,1.3586,1.3535,1.3545
2014-06-16,1.3538,1.3578,1.3513,1.3572
2014-06-13,1.355,1.3578,1.3521,1.3539
2014-06-12,1.3534,1.3571,1.3512,1.3549
2014-06-11,1.3545,1.3556,1.3521,1.3534
2014-06-10,1.3591,1.36,1.3534,1.3546
2014-06-09,1.3645,1.3668,1.3582,1.3592
2014-06-06,1.3663,1.3674,1.362,1.3641
2014-06-05,1.36,1.3666,1.3506,1.3663
2014-06-04,1.3626,1.3636,1.3596,1.36
2014-06-03,1.3596,1.3646,1.3593,1.3626
2014-06-02,1.3629,1.3635,1.3588,1.3597
2014-05-30,1.3601,1.3647,1.3597,1.3634
2014-05-29,1.3591,1.3624,1.3587,1.3601
2014-05-28,1.3634,1.3637,1.3587,1.3592
2014-05-27,1.3644,1.3668,1.3613,1.3633
2014-05-26,1.3624,1.3653,1.3615,1.3643
2014-05-23,1.3656,1.3656,1.3616,1.3627
2014-05-22,1.3685,1.3687,1.3645,1.3656
2014-05-21,1.3698,1.3722,1.3646,1.3684
2014-05-20,1.3709,1.3713,1.368,1.3698
2014-05-19,1.3697,1.3734,1.3693,1.3707
2014-05-16,1.3709,1.3726,1.3685,1.3692
2014-05-15,1.3714,1.3731,1.365,1.371
2014-05-14,1.3703,1.3729,1.3697,1.3713
2014-05-13,1.3758,1.3771,1.3688,1.3704
2014-05-12,1.3756,1.3774,1.3749,1.3758
2014-05-09,1.3839,1.3843,1.3745,1.3751
2014-05-08,1.3911,1.399,1.3833,1.3839
2014-05-07,1.3926,1.3938,1.3908,1.391
2014-05-06,1.3875,1.395,1.3871,1.3924
2014-05-05,1.3873,1.3885,1.3863,1.3874
2014-05-02,1.3867,1.388,1.3812,1.3869
2014-05-01,1.3864,1.3889,1.3862,1.3867
2014-04-30,1.3812,1.3875,1.3788,1.3863
2014-04-29,1.3849,1.3877,1.3806,1.3812
2014-04-28,1.3839,1.3878,1.3815,1.3849
2014-04-25,1.3831,1.3847,1.3827,1.3831
2014-04-24,1.3816,1.3839,1.3792,1.3831
2014-04-23,1.3805,1.3853,1.3799,1.3816
2014-04-22,1.3794,1.3824,1.3783,1.3805
2014-04-21,1.3816,1.383,1.3787,1.3793
2014-04-18,1.3813,1.3821,1.3808,1.3808
2014-04-17,1.3815,1.3863,1.3811,1.3813
2014-04-16,1.3812,1.3849,1.3804,1.3815
2014-04-15,1.3819,1.3832,1.3793,1.3812
2014-04-14,1.3856,1.3861,1.3809,1.3818
2014-04-11,1.3887,1.3904,1.3864,1.3884
2014-04-10,1.3853,1.3898,1.3835,1.3887
2014-04-09,1.3794,1.3858,1.378,1.3853
2014-04-08,1.3741,1.381,1.3738,1.3794
2014-04-07,1.37,1.3748,1.3695,1.3741
2014-04-04,1.3717,1.3728,1.3675,1.3706
2014-04-03,1.3765,1.3794,1.3699,1.3716
2014-04-02,1.3793,1.3817,1.3752,1.3764
2014-04-01,1.3773,1.3813,1.3769,1.3793
2014-03-31,1.3753,1.3804,1.3738,1.3773
2014-03-28,1.374,1.3768,1.3706,1.3748
2014-03-27,1.3786,1.3794,1.373,1.374
2014-03-26,1.3826,1.3827,1.3778,1.3784
2014-03-25,1.3837,1.3845,1.3754,1.3824
2014-03-24,1.3798,1.3865,1.376,1.3837
2014-03-21,1.3779,1.381,1.3767,1.3793
2014-03-20,1.3819,1.3844,1.3751,1.3779
2014-03-19,1.3933,1.3934,1.381,1.3815
2014-03-18,1.3921,1.3936,1.3884,1.3933
2014-03-17,1.3911,1.3945,1.388,1.3921
2014-03-14,1.387,1.3934,1.3847,1.3911
2014-03-13,1.3902,1.3964,1.3845,1.387
2014-03-12,1.3859,1.3913,1.3843,1.39
2014-03-11,1.3877,1.3877,1.3835,1.3858
2014-03-10,1.3871,1.3896,1.3862,1.3876
2014-03-07,1.3859,1.3913,1.3853,1.3873
2014-03-06,1.3732,1.3871,1.3721,1.3859
2014-03-05,1.3742,1.3744,1.371,1.3732
2014-03-04,1.3734,1.3779,1.3721,1.374
2014-03-03,1.3757,1.3792,1.3726,1.3734
2014-02-28,1.3709,1.3823,1.3692,1.3797
2014-02-27,1.3685,1.3721,1.3642,1.3709
2014-02-26,1.3744,1.3756,1.3661,1.3686
2014-02-25,1.3735,1.3763,1.3717,1.3744
2014-02-24,1.3732,1.3766,1.3708,1.3734
2014-02-21,1.3718,1.3755,1.3702,1.3736
2014-02-20,1.3735,1.3762,1.3688,1.3717
2014-02-19,1.3756,1.3772,1.3726,1.3733
2014-02-18,1.3705,1.3766,1.3694,1.3757
2014-02-17,1.3707,1.3722,1.3692,1.3706
2014-02-14,1.3679,1.3713,1.3673,1.3691
2014-02-13,1.3592,1.3691,1.3583,1.3678
2014-02-12,1.3638,1.3651,1.3562,1.3592
2014-02-11,1.3643,1.3682,1.3629,1.3637
2014-02-10,1.3614,1.365,1.3614,1.3644
2014-02-07,1.3589,1.3639,1.3554,1.3631
2014-02-06,1.3533,1.3617,1.349,1.3589
2014-02-05,1.3517,1.355,1.3498,1.3531
2014-02-04,1.3526,1.3536,1.3492,1.3518
2014-02-03,1.3481,1.3534,1.3476,1.3526
2014-01-31,1.3554,1.3567,1.3479,1.3487
2014-01-30,1.366,1.3665,1.3545,1.3554
2014-01-29,1.3668,1.3683,1.3603,1.3662
2014-01-28,1.3672,1.3688,1.3629,1.3668
2014-01-27,1.3677,1.3712,1.3654,1.3673
2014-01-24,1.3695,1.3733,1.3665,1.3678
2014-01-23,1.3545,1.3697,1.3532,1.3695
2014-01-22,1.3559,1.358,1.3535,1.3545
2014-01-21,1.3556,1.3566,1.3517,1.3559
2014-01-20,1.3537,1.3567,1.3507,1.3551
2014-01-17,1.3618,1.3619,1.3517,1.3537
2014-01-16,1.3603,1.3648,1.3583,1.3619
2014-01-15,1.3677,1.368,1.3581,1.3605
2014-01-14,1.367,1.3696,1.3649,1.3678
2014-01-13,1.3677,1.3683,1.3638,1.3671
2014-01-10,1.3606,1.3685,1.3574,1.3668
2014-01-09,1.3574,1.3629,1.3552,1.3605
2014-01-08,1.3615,1.3635,1.3555,1.3573
2014-01-07,1.3627,1.3654,1.3596,1.3614
2014-01-06,1.3591,1.3651,1.3571,1.3627
2014-01-03,1.3669,1.3672,1.3582,1.3586
2014-01-02,1.3759,1.3775,1.3629,1.367
2014-01-01,1.3741,1.3767,1.3741,1.3752
2013-12-31,1.38,1.3811,1.3741,1.3741
2013-12-30,1.3755,1.3819,1.3726,1.3802
2013-12-27,1.369,1.3881,1.3686,1.3746
2013-12-26,1.368,1.3697,1.3665,1.3689
2013-12-25,1.3678,1.3705,1.3661,1.3679
2013-12-24,1.3696,1.3703,1.3655,1.3678
2013-12-23,1.3671,1.3713,1.3666,1.3695
2013-12-20,1.3662,1.3705,1.3625,1.3668
2013-12-19,1.3683,1.3692,1.365,1.366
2013-12-18,1.3767,1.3804,1.3677,1.3684
2013-12-17,1.3761,1.3781,1.3726,1.3767
2013-12-16,1.3727,1.3796,1.3726,1.376
2013-12-13,1.3753,1.3768,1.3709,1.374
2013-12-12,1.3784,1.3802,1.3737,1.3752
2013-12-11,1.376,1.3807,1.3742,1.3785
2013-12-10,1.3737,1.3791,1.3734,1.3761
2013-12-09,1.3713,1.3742,1.3694,1.3738
2013-12-06,1.3666,1.3705,1.363,1.3704
2013-12-05,1.3591,1.3676,1.3546,1.3666
2013-12-04,1.3588,1.36,1.3528,1.3592
2013-12-03,1.354,1.3611,1.3524,1.3589
2013-12-02,1.3586,1.3613,1.3525,1.3541
2013-11-29,1.3605,1.3621,1.3579,1.3586
2013-11-28,1.3577,1.3614,1.3564,1.3604
2013-11-27,1.3571,1.3611,1.3557,1.3579
2013-11-26,1.3516,1.3574,1.3515,1.3572
2013-11-25,1.3549,1.3559,1.3491,1.3516
2013-11-22,1.3482,1.3557,1.3462,1.3557
2013-11-21,1.3438,1.3484,1.34,1.348
2013-11-20,1.3537,1.3575,1.3417,1.3439
2013-11-19,1.3504,1.3543,1.3487,1.3538
2013-11-18,1.3496,1.354,1.3473,1.3505
2013-11-15,1.3459,1.3503,1.3432,1.3495
2013-11-14,1.3481,1.3497,1.342,1.3457
2013-11-13,1.3434,1.3494,1.3391,1.3486
2013-11-12,1.3404,1.3454,1.3361,1.3434
2013-11-11,1.3357,1.3414,1.3343,1.3405
2013-11-08,1.3417,1.3434,1.3319,1.3369
2013-11-07,1.3515,1.3528,1.3303,1.3419
2013-11-06,1.3473,1.3544,1.3467,1.3512
2013-11-05,1.3513,1.3521,1.3451,1.3474
2013-11-04,1.3486,1.3522,1.3445,1.3514
2013-11-01,1.3587,1.3589,1.3478,1.3486
2013-10-31,1.3734,1.3738,1.3576,1.3586
2013-10-30,1.3744,1.3779,1.3697,1.3737
2013-10-29,1.3784,1.3812,1.3737,1.3746
2013-10-28,1.3806,1.3817,1.3776,1.3785
2013-10-25,1.3797,1.3831,1.3775,1.3803
2013-10-24,1.3774,1.3824,1.3768,1.3799
2013-10-23,1.3778,1.3792,1.3742,1.3775
2013-10-22,1.3678,1.3791,1.3662,1.3777
2013-10-21,1.3682,1.3688,1.3651,1.3676
2013-10-18,1.3671,1.3703,1.3659,1.3682
2013-10-17,1.3533,1.3679,1.3516,1.3673
2013-10-16,1.3524,1.3567,1.3474,1.3536
2013-10-15,1.3558,1.357,1.348,1.3524
2013-10-14,1.3556,1.3595,1.3544,1.3558
2013-10-11,1.3524,1.358,1.3519,1.3545
2013-10-10,1.3522,1.3543,1.3488,1.3525
2013-10-09,1.3572,1.3603,1.3489,1.3522
2013-10-08,1.3577,1.3605,1.3557,1.3573
2013-10-07,1.3562,1.359,1.3542,1.3576
2013-10-04,1.3622,1.363,1.3541,1.3556
2013-10-03,1.3581,1.3644,1.3577,1.3621
2013-10-02,1.3523,1.3604,1.3506,1.3581
2013-10-01,1.3521,1.3585,1.3517,1.3522
2013-09-30,1.348,1.3555,1.3477,1.3522
2013-09-27,1.3487,1.3563,1.3473,1.3522
2013-09-26,1.3521,1.3525,1.3473,1.3486
2013-09-25,1.3471,1.3534,1.3463,1.3521
2013-09-24,1.3492,1.3515,1.3464,1.3469
2013-09-23,1.353,1.3543,1.348,1.3493
2013-09-20,1.3529,1.3548,1.3498,1.3522
2013-09-19,1.3508,1.3567,1.35,1.3528
2013-09-18,1.3358,1.3539,1.3338,1.3507
2013-09-17,1.3334,1.3368,1.3325,1.3357
2013-09-16,1.3366,1.3383,1.3329,1.3335
2013-09-13,1.3299,1.3319,1.3256,1.329
2013-09-12,1.331,1.3324,1.3255,1.3298
2013-09-11,1.3264,1.3321,1.3244,1.331
2013-09-10,1.3253,1.3274,1.323,1.3265
2013-09-09,1.3173,1.3278,1.3165,1.3252
2013-09-06,1.3117,1.3187,1.3103,1.3177
2013-09-05,1.3204,1.3219,1.3111,1.3117
2013-09-04,1.3166,1.3217,1.3159,1.3202
2013-09-03,1.3193,1.3196,1.3141,1.3165
2013-09-02,1.3212,1.3225,1.3183,1.3194
2013-08-30,1.324,1.3252,1.3179,1.3218
2013-08-29,1.334,1.3342,1.3219,1.3237
2013-08-28,1.3391,1.3397,1.3305,1.3339
2013-08-27,1.337,1.3397,1.3326,1.3389
2013-08-26,1.3382,1.339,1.3357,1.3369
2013-08-23,1.3354,1.3407,1.3335,1.3381
2013-08-22,1.3357,1.3372,1.3298,1.3355
2013-08-21,1.3417,1.3427,1.3339,1.3356
2013-08-20,1.3335,1.345,1.3323,1.3417
2013-08-19,1.3334,1.3372,1.3315,1.3335
2013-08-16,1.3349,1.3378,1.3311,1.3328
2013-08-15,1.3257,1.336,1.3208,1.335
2013-08-14,1.3262,1.3278,1.3239,1.3257
2013-08-13,1.3299,1.3314,1.3235,1.326
2013-08-12,1.3337,1.3342,1.3277,1.3298
2013-08-09,1.338,1.3388,1.3334,1.3335
2013-08-08,1.3336,1.3399,1.3327,1.338
2013-08-07,1.3305,1.3343,1.3266,1.3336
2013-08-06,1.326,1.3321,1.3246,1.3307
2013-08-05,1.3279,1.3299,1.3234,1.3261
2013-08-02,1.3211,1.3292,1.319,1.3276
2013-08-01,1.3299,1.331,1.3198,1.3209
2013-07-31,1.3263,1.3343,1.3217,1.3296
2013-07-30,1.3262,1.3296,1.3237,1.3263
2013-07-29,1.3279,1.3293,1.324,1.326
2013-07-26,1.3276,1.3294,1.3252,1.3275
2013-07-25,1.3198,1.3294,1.3167,1.3275
2013-07-24,1.3222,1.3255,1.3177,1.3196
2013-07-23,1.3183,1.3234,1.3163,1.3222
2013-07-22,1.3136,1.3216,1.3136,1.3184
2013-07-19,1.311,1.3147,1.3088,1.3139
2013-07-18,1.3123,1.3125,1.3066,1.3111
2013-07-17,1.3156,1.317,1.3086,1.3122
2013-07-16,1.3065,1.317,1.3052,1.3151
2013-07-15,1.3067,1.3076,1.2991,1.3066
2013-07-12,1.3092,1.3098,1.3002,1.3062
2013-07-11,1.3016,1.3199,1.3007,1.3094
2013-07-10,1.2785,1.3023,1.2765,1.3023
2013-07-09,1.2857,1.2895,1.2757,1.2786
2013-07-08,1.2822,1.2842,1.2818,1.2842
2013-07-05,1.2912,1.2917,1.2806,1.2827
2013-07-04,1.3007,1.3023,1.2882,1.2912
2013-07-03,1.2979,1.3031,1.2921,1.3009
2013-07-02,1.3062,1.3077,1.2963,1.2982
2013-07-01,1.3014,1.3069,1.3003,1.3061
2013-06-28,1.3035,1.3103,1.299,1.302
2013-06-27,1.3007,1.3056,1.2998,1.3037
2013-06-26,1.3081,1.3087,1.2984,1.3007
2013-06-25,1.3123,1.315,1.3063,1.3081
2013-06-24,1.3104,1.3144,1.3057,1.3122
2013-06-21,1.3225,1.3253,1.3098,1.3115
2013-06-20,1.3296,1.3302,1.3161,1.3226
2013-06-19,1.3393,1.3415,1.3261,1.3295
2013-06-18,1.3361,1.3415,1.3323,1.3394
2013-06-17,1.3348,1.3381,1.3316,1.3363
2013-06-14,1.3372,1.3373,1.3294,1.3345
2013-06-13,1.3337,1.339,1.3277,1.3372
2013-06-12,1.3313,1.3359,1.3264,1.3338
2013-06-11,1.3278,1.3317,1.323,1.3312
2013-06-10,1.3203,1.3268,1.3175,1.3256
2013-06-07,1.3238,1.3283,1.3191,1.3216
2013-06-06,1.3091,1.3305,1.3073,1.3238
2013-06-05,1.3081,1.3115,1.3052,1.3092
2013-06-04,1.307,1.31,1.3041,1.3081
2013-06-03,1.299,1.3106,1.2952,1.3069
2013-05-31,1.3045,1.3059,1.2943,1.2993
2013-05-30,1.2938,1.3061,1.2931,1.3045
2013-05-29,1.2852,1.2977,1.2837,1.2939
2013-05-28,1.2932,1.2949,1.2848,1.2852
2013-05-27,1.2934,1.2944,1.2933,1.2937
2013-05-24,1.2932,1.2992,1.2903,1.2932
2013-05-23,1.2851,1.2955,1.282,1.2932
2013-05-22,1.2905,1.2998,1.2832,1.2852
2013-05-21,1.2884,1.2933,1.284,1.2905
2013-05-20,1.2844,1.2901,1.2818,1.2883
2013-05-17,1.2882,1.289,1.2795,1.2838
2013-05-16,1.2879,1.2929,1.2845,1.2883
2013-05-15,1.2931,1.2942,1.2842,1.288
2013-05-14,1.2982,1.3028,1.2915,1.2931
2013-05-13,1.2977,1.2999,1.2941,1.2981
2013-05-10,1.3043,1.305,1.2934,1.2992
2013-05-09,1.3159,1.3177,1.3008,1.3044
2013-05-08,1.3078,1.3194,1.307,1.3157
2013-05-07,1.3073,1.3131,1.3064,1.3078
2013-05-06,1.3118,1.314,1.3052,1.3073
2013-05-03,1.3062,1.3158,1.3033,1.3114
2013-05-02,1.3182,1.3214,1.3037,1.3062
2013-05-01,1.3166,1.3242,1.3158,1.3184
2013-04-30,1.3093,1.3185,1.3053,1.3166
2013-04-29,1.3059,1.3115,1.3029,1.3093
2013-04-26,1.3009,1.3046,1.299,1.3029
2013-04-25,1.3011,1.3093,1.2988,1.3009
2013-04-24,1.3001,1.3033,1.2954,1.3012
2013-04-23,1.3061,1.3083,1.2972,1.3
2013-04-22,1.3063,1.3084,1.3014,1.3061
2013-04-19,1.3052,1.3127,1.3045,1.3053
2013-04-18,1.3035,1.3096,1.3019,1.305
2013-04-17,1.3179,1.3198,1.3,1.3035
2013-04-16,1.3046,1.3199,1.3027,1.3178
2013-04-15,1.3104,1.3109,1.3021,1.3045
2013-04-12,1.3106,1.3126,1.3036,1.3107
2013-04-11,1.3067,1.3138,1.3041,1.3107
2013-04-10,1.308,1.3122,1.305,1.3068
2013-04-09,1.3017,1.3103,1.3002,1.3079
2013-04-08,1.2992,1.3037,1.2967,1.3017
2013-04-05,1.2932,1.304,1.2897,1.2989
2013-04-04,1.2842,1.2949,1.2746,1.2932
2013-04-03,1.2822,1.2864,1.2788,1.2842
2013-04-02,1.2843,1.2877,1.2807,1.2821
2013-04-01,1.2809,1.2867,1.2769,1.2842
2013-03-29,1.2814,1.2837,1.2792,1.2819
2013-03-28,1.2778,1.2844,1.2753,1.2814
2013-03-27,1.2855,1.2867,1.275,1.2776
2013-03-26,1.2848,1.289,1.2828,1.2855
2013-03-25,1.2961,1.3048,1.2829,1.2845
2013-03-22,1.2895,1.301,1.2886,1.2988
2013-03-21,1.2943,1.2955,1.2878,1.2893
2013-03-20,1.2866,1.2977,1.2854,1.2941
2013-03-19,1.2957,1.297,1.2841,1.2866
2013-03-18,1.2908,1.3076,1.288,1.2959
2013-03-15,1.3001,1.3107,1.2997,1.3076
2013-03-14,1.2961,1.3032,1.291,1.3002
2013-03-13,1.3028,1.3065,1.2922,1.2957
2013-03-12,1.3045,1.3074,1.299,1.3024
2013-03-11,1.2995,1.3053,1.2977,1.3045
2013-03-08,1.3106,1.3134,1.2954,1.3001
2013-03-07,1.2966,1.3118,1.2963,1.3107
2013-03-06,1.3048,1.307,1.2963,1.2966
2013-03-05,1.3026,1.3075,1.3009,1.305
2013-03-04,1.301,1.3031,1.298,1.3025
2013-03-01,1.3056,1.3101,1.2965,1.302
2013-02-28,1.3137,1.3162,1.305,1.3056
2013-02-27,1.306,1.3147,1.304,1.3135
2013-02-26,1.3062,1.3121,1.3017,1.3062
2013-02-25,1.3215,1.3318,1.3047,1.3058
2013-02-22,1.319,1.3244,1.3144,1.3187
2013-02-21,1.328,1.329,1.316,1.3188
2013-02-20,1.3387,1.3434,1.327,1.3283
2013-02-19,1.335,1.3396,1.3326,1.3386
2013-02-18,1.3346,1.3379,1.332,1.3351
2013-02-15,1.3357,1.3393,1.3305,1.3357
2013-02-14,1.3451,1.3455,1.3314,1.3361
2013-02-13,1.3454,1.352,1.3425,1.3449
2013-02-12,1.3404,1.3475,1.3363,1.3452
2013-02-11,1.3369,1.3427,1.3356,1.3401
2013-02-08,1.3395,1.3428,1.335,1.3364
2013-02-07,1.3521,1.3577,1.3369,1.3396
2013-02-06,1.3583,1.3596,1.3493,1.3521
2013-02-05,1.3514,1.3597,1.3457,1.3581
2013-02-04,1.3654,1.3658,1.3503,1.3508
2013-02-01,1.3574,1.3711,1.357,1.3639
2013-01-31,1.3566,1.3593,1.3539,1.3576
2013-01-30,1.3489,1.3587,1.3479,1.3564
2013-01-29,1.3454,1.3497,1.3413,1.349
2013-01-28,1.3464,1.3477,1.3423,1.3451
2013-01-25,1.3375,1.3478,1.3349,1.3457
2013-01-24,1.3317,1.3392,1.3284,1.3375
2013-01-23,1.3321,1.3354,1.3262,1.3318
2013-01-22,1.3312,1.3371,1.3265,1.3321
2013-01-21,1.3308,1.3332,1.3296,1.3311
2013-01-18,1.3376,1.3398,1.3278,1.3313
2013-01-17,1.3288,1.3388,1.3267,1.3377
2013-01-16,1.3304,1.3325,1.3256,1.3287
2013-01-15,1.3379,1.3393,1.3263,1.3304
2013-01-14,1.3359,1.3404,1.3334,1.3383
2013-01-11,1.3271,1.3365,1.3247,1.3342
2013-01-10,1.3048,1.3268,1.3036,1.3267
2013-01-09,1.308,1.3095,1.3035,1.3063
2013-01-08,1.3114,1.314,1.3055,1.308
2013-01-07,1.3075,1.3119,1.3015,1.3116
2013-01-04,1.3047,1.3089,1.2996,1.3066
2013-01-03,1.3184,1.319,1.3045,1.3048
2013-01-02,1.3203,1.3299,1.3155,1.3184
2013-01-01,1.319,1.322,1.3179,1.32
2012-12-31,1.3212,1.3235,1.317,1.3192
2012-12-28,1.3234,1.3256,1.3164,1.3217
2012-12-27,1.3222,1.3283,1.3199,1.3235
2012-12-26,1.3181,1.3254,1.3169,1.3222
2012-12-25,1.3184,1.3207,1.3168,1.3181
2012-12-24,1.3174,1.3233,1.3167,1.3185
2012-12-21,1.3243,1.3252,1.3156,1.3187
2012-12-20,1.3226,1.3295,1.3187,1.3243
2012-12-19,1.3228,1.3308,1.322,1.3225
2012-12-18,1.3161,1.3238,1.3153,1.3227
2012-12-17,1.3165,1.3188,1.3142,1.3161
2012-12-14,1.3075,1.3173,1.3063,1.316
2012-12-13,1.3072,1.31,1.3038,1.3076
2012-12-12,1.3005,1.3097,1.2992,1.3073
2012-12-11,1.2939,1.3015,1.2925,1.3005
2012-12-10,1.2888,1.2946,1.2884,1.294
2012-12-07,1.2969,1.2973,1.2875,1.2923
2012-12-06,1.3067,1.3086,1.2948,1.2969
2012-12-05,1.3092,1.3126,1.3059,1.3064
2012-12-04,1.3053,1.3108,1.3043,1.3095
2012-12-03,1.2982,1.3075,1.298,1.3051
2012-11-30,1.2978,1.3027,1.2966,1.2985
2012-11-29,1.2951,1.3014,1.2937,1.2978
2012-11-28,1.2941,1.2954,1.2879,1.2952
2012-11-27,1.2969,1.3009,1.2914,1.2943
2012-11-26,1.2966,1.2984,1.2941,1.2971
2012-11-23,1.2882,1.299,1.2866,1.2976
2012-11-22,1.2828,1.2899,1.2824,1.2885
2012-11-21,1.2816,1.2833,1.2735,1.2829
2012-11-20,1.2812,1.2829,1.2763,1.2816
2012-11-19,1.2747,1.282,1.2736,1.2814
2012-11-16,1.2778,1.2784,1.2689,1.274
2012-11-15,1.2735,1.2802,1.2715,1.2779
2012-11-14,1.2703,1.2778,1.2697,1.2735
2012-11-13,1.2708,1.2728,1.2659,1.2703
2012-11-12,1.271,1.2739,1.2695,1.2708
2012-11-09,1.2745,1.279,1.2689,1.2709
2012-11-08,1.2755,1.2776,1.2716,1.2745
2012-11-07,1.2812,1.2876,1.2734,1.277
2012-11-06,1.2795,1.2826,1.2762,1.2812
2012-11-05,1.2815,1.2842,1.2766,1.2794
2012-11-02,1.294,1.2951,1.282,1.2841
2012-11-01,1.2955,1.2982,1.2923,1.2939
2012-10-31,1.2962,1.302,1.2944,1.2955
2012-10-30,1.2902,1.2983,1.2884,1.2962
2012-10-29,1.294,1.2943,1.2884,1.2901
2012-10-26,1.2941,1.2956,1.2881,1.2935
2012-10-25,1.2969,1.3023,1.2926,1.294
2012-10-24,1.2984,1.2997,1.2919,1.2968
2012-10-23,1.3065,1.3075,1.295,1.2984
2012-10-22,1.3023,1.3083,1.3013,1.3063
2012-10-19,1.3067,1.3076,1.3012,1.3022
2012-10-18,1.3114,1.3129,1.3054,1.3067
2012-10-17,1.3095,1.3139,1.3081,1.3115
2012-10-16,1.2948,1.3098,1.294,1.3097
2012-10-15,1.2955,1.2979,1.2889,1.2942
2012-10-12,1.2929,1.2991,1.2919,1.2953
2012-10-11,1.2851,1.2951,1.2824,1.2931
2012-10-10,1.2882,1.2913,1.2834,1.285
2012-10-09,1.2967,1.2991,1.2857,1.2882
2012-10-08,1.3022,1.3025,1.2936,1.2965
2012-10-05,1.3016,1.3071,1.2992,1.3029
2012-10-04,1.2908,1.3031,1.2904,1.3017
2012-10-03,1.2916,1.2937,1.2876,1.2909
2012-10-02,1.2886,1.2967,1.2878,1.2915
2012-10-01,1.2814,1.2938,1.2803,1.2886
2012-09-28,1.2913,1.2959,1.2837,1.2857
2012-09-27,1.2873,1.2928,1.2828,1.2913
2012-09-26,1.2903,1.2913,1.2834,1.2872
2012-09-25,1.2931,1.297,1.2885,1.2904
2012-09-24,1.2979,1.298,1.2889,1.2929
2012-09-21,1.2965,1.3047,1.2955,1.2971
2012-09-20,1.3045,1.3059,1.2918,1.2964
2012-09-19,1.3043,1.3085,1.2991,1.3045
2012-09-18,1.3113,1.3119,1.3027,1.3044
2012-09-17,1.3124,1.3172,1.3081,1.3112
2012-09-14,1.2985,1.3168,1.2979,1.3137
2012-09-13,1.2899,1.3002,1.2855,1.2985
2012-09-12,1.2848,1.2936,1.2815,1.2898
2012-09-11,1.2758,1.2871,1.2755,1.2851
2012-09-10,1.2806,1.2808,1.2752,1.2758
2012-09-07,1.2632,1.2828,1.2623,1.2815
2012-09-06,1.2601,1.2651,1.256,1.2631
2012-09-05,1.2566,1.2624,1.2499,1.26
2012-09-04,1.2587,1.2628,1.2554,1.2564
2012-09-03,1.258,1.2611,1.2558,1.2586
2012-08-31,1.2505,1.2637,1.2492,1.2576
2012-08-30,1.2531,1.2564,1.2486,1.2502
2012-08-29,1.2564,1.2573,1.2517,1.2527
2012-08-28,1.2496,1.2576,1.2464,1.2564
2012-08-27,1.2507,1.2535,1.2488,1.2496
2012-08-24,1.2563,1.2568,1.248,1.2512
2012-08-23,1.253,1.2589,1.2521,1.2564
2012-08-22,1.2469,1.2538,1.2429,1.2529
2012-08-21,1.2346,1.2487,1.2343,1.247
2012-08-20,1.2338,1.2369,1.2293,1.2345
2012-08-17,1.2355,1.2382,1.2287,1.2321
2012-08-16,1.2285,1.2373,1.2254,1.2356
2012-08-15,1.2318,1.2343,1.2262,1.2286
2012-08-14,1.2332,1.2385,1.2315,1.2318
2012-08-13,1.2286,1.2373,1.226,1.2332
2012-08-10,1.2303,1.2316,1.224,1.2288
2012-08-09,1.2363,1.2387,1.2265,1.2301
2012-08-08,1.2397,1.2402,1.2325,1.2364
2012-08-07,1.2398,1.2442,1.2374,1.2397
2012-08-06,1.2393,1.2443,1.234,1.24
2012-08-03,1.2182,1.2392,1.2165,1.2386
2012-08-02,1.2228,1.2403,1.2132,1.2183
2012-08-01,1.2298,1.2336,1.2216,1.2228
2012-07-31,1.2254,1.2329,1.2247,1.2297
2012-07-30,1.2301,1.231,1.2224,1.2256
2012-07-27,1.2279,1.239,1.224,1.2321
2012-07-26,1.2149,1.2329,1.2116,1.2278
2012-07-25,1.2061,1.2169,1.2052,1.2149
2012-07-24,1.2115,1.2138,1.2041,1.206
2012-07-23,1.2121,1.2144,1.2065,1.2113
2012-07-20,1.2272,1.2283,1.2142,1.2154
2012-07-19,1.2283,1.2323,1.2227,1.2275
2012-07-18,1.2289,1.2306,1.2215,1.2278
2012-07-17,1.227,1.2316,1.2188,1.2287
2012-07-16,1.225,1.229,1.2173,1.2269
2012-07-13,1.2199,1.2256,1.2161,1.2243
2012-07-12,1.2242,1.2248,1.2166,1.22
2012-07-11,1.225,1.2296,1.2212,1.224
2012-07-10,1.2315,1.2334,1.2233,1.2251
2012-07-09,1.2266,1.2324,1.2254,1.2313
2012-07-06,1.2392,1.2401,1.2259,1.2281
2012-07-05,1.2526,1.2538,1.2363,1.239
2012-07-04,1.2605,1.2607,1.2507,1.2526
2012-07-03,1.2583,1.2627,1.2558,1.2605
2012-07-02,1.267,1.2673,1.2566,1.2584
2012-06-29,1.244,1.2692,1.2431,1.266
2012-06-28,1.2468,1.252,1.2406,1.2441
2012-06-27,1.2489,1.2508,1.2443,1.2465
2012-06-26,1.2499,1.253,1.2441,1.2491
2012-06-25,1.2552,1.2559,1.247,1.2501
2012-06-22,1.2548,1.2583,1.2517,1.257
2012-06-21,1.2699,1.2701,1.253,1.2546
2012-06-20,1.267,1.2742,1.2637,1.27
2012-06-19,1.2576,1.273,1.2567,1.2686
2012-06-18,1.2741,1.2747,1.2556,1.2576
2012-06-15,1.2627,1.2664,1.2589,1.2636
2012-06-14,1.2565,1.2637,1.254,1.2627
2012-06-13,1.2498,1.2609,1.2472,1.2564
2012-06-12,1.2469,1.2529,1.2441,1.2504
2012-06-11,1.2653,1.2668,1.2463,1.2465
2012-06-08,1.2564,1.2575,1.2434,1.2504
2012-06-07,1.2576,1.2624,1.2539,1.2562
2012-06-06,1.245,1.2585,1.2438,1.2576
2012-06-05,1.2495,1.2542,1.2409,1.245
2012-06-04,1.2432,1.251,1.2383,1.2495
2012-06-01,1.2351,1.2453,1.2287,1.2432
2012-05-31,1.2369,1.2428,1.2335,1.2359
2012-05-30,1.2487,1.2494,1.236,1.2367
2012-05-29,1.2539,1.2572,1.2461,1.2485
2012-05-28,1.2571,1.2619,1.2523,1.2539
2012-05-25,1.2533,1.2602,1.2495,1.2512
2012-05-24,1.2586,1.2619,1.2515,1.2535
2012-05-23,1.268,1.2687,1.2544,1.2586
2012-05-22,1.2808,1.2817,1.2657,1.2678
2012-05-21,1.2777,1.2825,1.2724,1.2808
2012-05-18,1.268,1.2794,1.264,1.2778
2012-05-17,1.2715,1.2749,1.2665,1.2683
2012-05-16,1.2733,1.2759,1.2679,1.2716
2012-05-15,1.2826,1.2869,1.272,1.2735
2012-05-14,1.2885,1.2904,1.2819,1.2825
2012-05-11,1.2931,1.2957,1.2904,1.2919
2012-05-10,1.2933,1.298,1.2922,1.2931
2012-05-09,1.2999,1.3006,1.2911,1.2932
2012-05-08,1.3056,1.3065,1.2981,1.2999
2012-05-07,1.3027,1.3065,1.2953,1.3057
2012-05-04,1.3149,1.3178,1.3073,1.3082
2012-05-03,1.3154,1.3179,1.3096,1.3151
2012-05-02,1.3237,1.3241,1.3122,1.3154
2012-05-01,1.324,1.3284,1.3203,1.3238
2012-04-30,1.324,1.3266,1.3207,1.3241
2012-04-27,1.3189,1.327,1.3156,1.3255
2012-04-26,1.3221,1.3263,1.3179,1.319
2012-04-25,1.3193,1.3236,1.3172,1.3223
2012-04-24,1.3155,1.3218,1.3143,1.3194
2012-04-23,1.3191,1.321,1.3104,1.3155
2012-04-20,1.3135,1.3227,1.3127,1.322
2012-04-19,1.3119,1.3164,1.3069,1.3134
2012-04-18,1.3127,1.3141,1.3057,1.3118
2012-04-17,1.3131,1.3172,1.3088,1.3127
2012-04-16,1.3069,1.3147,1.2994,1.3133
2012-04-13,1.3187,1.3201,1.3067,1.3075
2012-04-12,1.3108,1.3213,1.3101,1.3183
2012-04-11,1.3082,1.3157,1.3063,1.311
2012-04-10,1.3108,1.3144,1.3053,1.3081
2012-04-09,1.3097,1.3133,1.3031,1.3109
2012-04-06,1.3062,1.3112,1.305,1.3095
2012-04-05,1.314,1.3164,1.3034,1.306
2012-04-04,1.3235,1.3238,1.3105,1.3139
2012-04-03,1.3316,1.3367,1.3212,1.3235
2012-04-02,1.3356,1.338,1.3277,1.3316
2012-03-30,1.3298,1.3376,1.3295,1.3338
2012-03-29,1.3314,1.3345,1.3251,1.3298
2012-03-28,1.3319,1.3374,1.3275,1.3314
2012-03-27,1.3354,1.3385,1.3311,1.3319
2012-03-26,1.3267,1.3368,1.3191,1.3357
2012-03-23,1.3196,1.3291,1.3189,1.3268
2012-03-22,1.3212,1.3254,1.3134,1.3196
2012-03-21,1.3221,1.3284,1.3178,1.3211
2012-03-20,1.3236,1.3252,1.3172,1.3223
2012-03-19,1.3181,1.3264,1.314,1.3236
2012-03-16,1.3078,1.3187,1.3047,1.3175
2012-03-15,1.3029,1.3118,1.3001,1.3077
2012-03-14,1.3081,1.309,1.3009,1.3027
2012-03-13,1.3149,1.3191,1.3051,1.3079
2012-03-12,1.3111,1.3158,1.3076,1.3147
2012-03-09,1.3272,1.3277,1.3094,1.312
2012-03-08,1.3148,1.3291,1.3134,1.3274
2012-03-07,1.311,1.3164,1.3096,1.3148
2012-03-06,1.3216,1.3226,1.3102,1.3113
2012-03-05,1.3191,1.324,1.3159,1.3216
2012-03-02,1.3309,1.3333,1.3185,1.32
2012-03-01,1.3318,1.3356,1.3282,1.3311
2012-02-29,1.3457,1.3485,1.3315,1.3323
2012-02-28,1.3396,1.3471,1.3388,1.3462
2012-02-27,1.3462,1.3479,1.3365,1.3397
2012-02-24,1.3369,1.3485,1.3355,1.3448
2012-02-23,1.3247,1.3379,1.323,1.3371
2012-02-22,1.3232,1.3266,1.321,1.325
2012-02-21,1.3241,1.3293,1.3186,1.3235
2012-02-20,1.318,1.3277,1.317,1.324
2012-02-17,1.313,1.3197,1.3113,1.3143
2012-02-16,1.3065,1.3158,1.2973,1.3133
2012-02-15,1.3132,1.3191,1.3044,1.3066
2012-02-14,1.3186,1.3216,1.3079,1.313
2012-02-13,1.3206,1.3284,1.3185,1.3185
2012-02-10,1.3285,1.3291,1.3154,1.3196
2012-02-09,1.326,1.3321,1.3214,1.3285
2012-02-08,1.326,1.3288,1.3221,1.3258
2012-02-07,1.313,1.327,1.3088,1.326
2012-02-06,1.3116,1.3142,1.3026,1.3131
2012-02-03,1.3143,1.3205,1.3066,1.3156
2012-02-02,1.3159,1.3197,1.3085,1.3143
2012-02-01,1.3075,1.3218,1.3025,1.3157
2012-01-31,1.3144,1.3213,1.3042,1.308
2012-01-30,1.3224,1.3225,1.3076,1.3141
2012-01-27,1.3105,1.3233,1.3075,1.3216
2012-01-26,1.3104,1.3183,1.3088,1.3107
2012-01-25,1.3034,1.312,1.293,1.3105
2012-01-24,1.3011,1.3062,1.2952,1.3035
2012-01-23,1.2874,1.3052,1.2874,1.3016
2012-01-20,1.2967,1.2986,1.2887,1.2929
2012-01-19,1.2862,1.2972,1.2838,1.2968
2012-01-18,1.2734,1.2868,1.2733,1.2862
2012-01-17,1.2666,1.2808,1.2648,1.2735
2012-01-16,1.2634,1.2687,1.2624,1.2666
2012-01-13,1.2817,1.2878,1.2625,1.2673
2012-01-12,1.2706,1.2844,1.2698,1.2813
2012-01-11,1.2777,1.2789,1.2661,1.2707
2012-01-10,1.2764,1.2818,1.2742,1.2775
2012-01-09,1.2695,1.2785,1.2664,1.2765
2012-01-06,1.2786,1.2812,1.2696,1.2716
2012-01-05,1.2939,1.2946,1.277,1.2789
2012-01-04,1.3049,1.3073,1.2897,1.2944
2012-01-03,1.2933,1.3077,1.293,1.305
2012-01-02,1.2937,1.2963,1.2915,1.2932
2011-12-30,1.296,1.2998,1.2902,1.2956
2011-12-29,1.2939,1.2965,1.2857,1.2959
2011-12-28,1.3068,1.308,1.2911,1.294
2011-12-27,1.3055,1.3083,1.3041,1.3069
2011-12-26,1.3041,1.3082,1.3029,1.3058
2011-12-23,1.305,1.3096,1.3025,1.3045
2011-12-22,1.3047,1.3119,1.3015,1.3048
2011-12-21,1.308,1.3196,1.3024,1.3046
2011-12-20,1.2997,1.3132,1.2991,1.3081
2011-12-19,1.3039,1.3043,1.298,1.2997
2011-12-16,1.3036,1.3083,1.2995,1.3041
2011-12-15,1.2981,1.305,1.2957,1.3015
2011-12-14,1.3036,1.3064,1.2947,1.2982
2011-12-13,1.3187,1.3236,1.3008,1.3035
2011-12-12,1.3377,1.3381,1.3162,1.3187
2011-12-09,1.3339,1.3434,1.328,1.3384
2011-12-08,1.3411,1.3459,1.3287,1.3342
2011-12-07,1.3401,1.3453,1.3349,1.3411
2011-12-06,1.3401,1.3428,1.3332,1.34
2011-12-05,1.3422,1.3486,1.3374,1.3398
2011-12-02,1.3459,1.3548,1.3362,1.3392
2011-12-01,1.3451,1.3521,1.3416,1.3461
2011-11-30,1.3316,1.3532,1.3258,1.3445
2011-11-29,1.3318,1.3441,1.3284,1.3316
2011-11-28,1.3319,1.3398,1.3271,1.3317
2011-11-25,1.3346,1.3352,1.3211,1.3234
2011-11-24,1.3341,1.3411,1.3316,1.3345
2011-11-23,1.3503,1.3531,1.3319,1.334
2011-11-22,1.3487,1.3568,1.3468,1.3506
2011-11-21,1.351,1.354,1.3429,1.3492
2011-11-18,1.3454,1.3614,1.345,1.3522
2011-11-17,1.346,1.354,1.342,1.3457
2011-11-16,1.3538,1.3556,1.3427,1.3464
2011-11-15,1.3632,1.3641,1.3495,1.3536
2011-11-14,1.3807,1.3808,1.359,1.3633
2011-11-11,1.3604,1.3795,1.3577,1.3746
2011-11-10,1.3541,1.3652,1.3483,1.3603
2011-11-09,1.3831,1.3859,1.3521,1.3541
2011-11-08,1.3755,1.3847,1.3723,1.3832
2011-11-07,1.3826,1.3831,1.368,1.3775
2011-11-04,1.3813,1.3868,1.3711,1.3789
2011-11-03,1.3746,1.3855,1.3654,1.3812
2011-11-02,1.3696,1.3828,1.3635,1.3747
2011-11-01,1.3851,1.3937,1.3607,1.3696
2011-10-31,1.415,1.4171,1.3828,1.3857
2011-10-28,1.4183,1.4201,1.4133,1.4146
2011-10-27,1.3894,1.4246,1.3863,1.4183
2011-10-26,1.391,1.3973,1.3798,1.3894
2011-10-25,1.3932,1.396,1.3848,1.3909
2011-10-24,1.3869,1.3956,1.3821,1.393
2011-10-21,1.3776,1.3901,1.3703,1.3892
2011-10-20,1.3756,1.3843,1.3655,1.3775
2011-10-19,1.3734,1.3867,1.3723,1.3759
2011-10-18,1.3736,1.3817,1.3652,1.3734
2011-10-17,1.3877,1.3914,1.3723,1.3734
2011-10-14,1.3771,1.3894,1.3722,1.3875
2011-10-13,1.3777,1.3826,1.3684,1.3769
2011-10-12,1.365,1.3833,1.3579,1.3778
2011-10-11,1.3633,1.3683,1.3564,1.3647
2011-10-10,1.3388,1.3698,1.3376,1.3636
2011-10-07,1.3427,1.3524,1.336,1.3376
2011-10-06,1.3347,1.345,1.324,1.3427
2011-10-05,1.3337,1.3383,1.3259,1.3349
2011-10-04,1.3191,1.3368,1.3145,1.3337
2011-10-03,1.3362,1.3453,1.3162,1.3183
2011-09-30,1.3581,1.3601,1.3383,1.3386
2011-09-29,1.3528,1.3679,1.3518,1.3581
2011-09-28,1.3585,1.369,1.3521,1.3525
2011-09-27,1.3527,1.3668,1.3478,1.3588
2011-09-26,1.3508,1.355,1.3362,1.3525
2011-09-23,1.3457,1.3567,1.3417,1.3499
2011-09-22,1.3585,1.3601,1.3383,1.3459
2011-09-21,1.37,1.3788,1.3557,1.3585
2011-09-20,1.368,1.3742,1.3592,1.3701
2011-09-19,1.3675,1.372,1.3584,1.3675
2011-09-16,1.3879,1.3884,1.3752,1.3792
2011-09-15,1.374,1.3936,1.3702,1.3882
2011-09-14,1.3678,1.3783,1.359,1.3741
2011-09-13,1.3659,1.3739,1.3557,1.3679
2011-09-12,1.3576,1.3693,1.3501,1.3659
2011-09-09,1.3887,1.3936,1.3626,1.3656
2011-09-08,1.4094,1.4096,1.3871,1.3884
2011-09-07,1.3994,1.4149,1.3992,1.4094
2011-09-06,1.4093,1.4275,1.3973,1.4002
2011-09-05,1.4162,1.4173,1.4059,1.4094
2011-09-02,1.4259,1.4288,1.4183,1.4207
2011-09-01,1.4363,1.4401,1.4225,1.426
2011-08-31,1.4438,1.4468,1.4359,1.4379
2011-08-30,1.4513,1.4533,1.4383,1.4437
2011-08-29,1.4484,1.4548,1.4406,1.4513
2011-08-26,1.4374,1.4501,1.4328,1.4498
2011-08-25,1.4409,1.4474,1.4327,1.4372
2011-08-24,1.4434,1.4481,1.4378,1.4407
2011-08-23,1.4355,1.45,1.4352,1.4434
2011-08-22,1.4374,1.4434,1.4345,1.4355
2011-08-19,1.4324,1.4453,1.4257,1.4393
2011-08-18,1.4423,1.4452,1.4269,1.4322
2011-08-17,1.4399,1.4517,1.4324,1.4424
2011-08-16,1.4442,1.4467,1.4353,1.4399
2011-08-15,1.4264,1.4477,1.4262,1.4448
2011-08-12,1.4236,1.4291,1.4148,1.4245
2011-08-11,1.4153,1.4294,1.4101,1.4237
2011-08-10,1.4391,1.4401,1.4159,1.4162
2011-08-09,1.4166,1.4397,1.415,1.4391
2011-08-08,1.4368,1.4401,1.4128,1.4165
2011-08-05,1.4089,1.4297,1.4054,1.4278
2011-08-04,1.4363,1.4368,1.4088,1.4091
2011-08-03,1.4185,1.4371,1.4142,1.4359
2011-08-02,1.4255,1.4283,1.415,1.4189
2011-08-01,1.4358,1.4453,1.4183,1.4253
2011-07-29,1.4326,1.4413,1.4228,1.4398
2011-07-28,1.4366,1.44,1.4252,1.4327
2011-07-27,1.451,1.4536,1.4338,1.4368
2011-07-26,1.4377,1.4525,1.4356,1.4511
2011-07-25,1.4399,1.4406,1.4323,1.4377
2011-07-22,1.4421,1.4437,1.4323,1.4354
2011-07-21,1.422,1.4438,1.4138,1.4418
2011-07-20,1.4153,1.4239,1.4131,1.422
2011-07-19,1.4103,1.4217,1.4067,1.4153
2011-07-18,1.4127,1.4134,1.4013,1.4103
2011-07-15,1.4143,1.4199,1.4091,1.4149
2011-07-14,1.4226,1.4282,1.4114,1.4146
2011-07-13,1.3966,1.4241,1.3949,1.4233
2011-07-12,1.4043,1.4061,1.3837,1.3967
2011-07-11,1.4221,1.4227,1.3985,1.4045
2011-07-08,1.4358,1.4369,1.4205,1.4264
2011-07-07,1.4315,1.4374,1.4219,1.4359
2011-07-06,1.4423,1.4466,1.4286,1.4316
2011-07-05,1.4539,1.4553,1.4397,1.4421
2011-07-04,1.4537,1.4577,1.4494,1.454
2011-07-01,1.4473,1.4551,1.4436,1.4523
2011-06-30,1.4433,1.4537,1.4425,1.4491
2011-06-29,1.4367,1.4448,1.4328,1.4432
2011-06-28,1.4285,1.4396,1.4235,1.4367
2011-06-27,1.4186,1.4293,1.41,1.4286
2011-06-24,1.4265,1.4306,1.414,1.4186
2011-06-23,1.4334,1.4337,1.4124,1.4262
2011-06-22,1.4387,1.4442,1.4329,1.4336
2011-06-21,1.4308,1.4433,1.43,1.4401
2011-06-20,1.4276,1.4327,1.4189,1.4308
2011-06-17,1.4215,1.4339,1.4125,1.43
2011-06-16,1.4167,1.422,1.407,1.4212
2011-06-15,1.4442,1.4451,1.4153,1.4164
2011-06-14,1.4417,1.4497,1.4376,1.4442
2011-06-13,1.4331,1.443,1.4319,1.4415
2011-06-10,1.4511,1.455,1.4321,1.4346
2011-06-09,1.4579,1.4652,1.4476,1.4513
2011-06-08,1.4688,1.4693,1.4562,1.4578
2011-06-07,1.4578,1.4696,1.456,1.4686
2011-06-06,1.463,1.466,1.4555,1.4578
2011-06-03,1.449,1.4642,1.4449,1.4636
2011-06-02,1.4328,1.4513,1.4322,1.4491
2011-06-01,1.4412,1.446,1.4305,1.433
2011-05-31,1.4285,1.4424,1.4284,1.4394
2011-05-30,1.4308,1.4312,1.4255,1.4286
2011-05-27,1.4134,1.4324,1.4122,1.431
2011-05-26,1.4083,1.4206,1.4065,1.4133
2011-05-25,1.4102,1.4118,1.401,1.408
2011-05-24,1.4047,1.4134,1.3998,1.4102
2011-05-23,1.4133,1.4144,1.3966,1.4044
2011-05-20,1.4313,1.4345,1.4129,1.4156
2011-05-19,1.4251,1.4325,1.4204,1.4308
2011-05-18,1.4237,1.4288,1.4192,1.425
2011-05-17,1.416,1.424,1.4119,1.4236
2011-05-16,1.4076,1.4246,1.4045,1.416
2011-05-13,1.4241,1.4339,1.4064,1.411
2011-05-12,1.4201,1.4277,1.412,1.4241
2011-05-11,1.4409,1.4423,1.4168,1.4199
2011-05-10,1.4355,1.4414,1.4267,1.4409
2011-05-09,1.4362,1.4442,1.4252,1.4352
2011-05-06,1.4541,1.4588,1.4306,1.4321
2011-05-05,1.4827,1.49,1.4507,1.4541
2011-05-04,1.482,1.494,1.4772,1.4827
2011-05-03,1.4822,1.489,1.475,1.4821
2011-05-02,1.4826,1.4901,1.4762,1.4822
2011-04-29,1.4823,1.488,1.4797,1.4809
2011-04-28,1.4771,1.4882,1.4768,1.4824
2011-04-27,1.4644,1.4795,1.463,1.4771
2011-04-26,1.4579,1.4657,1.4491,1.4645
2011-04-25,1.4563,1.4627,1.4522,1.4579
2011-04-22,1.4553,1.4589,1.4531,1.4559
2011-04-21,1.4518,1.465,1.4502,1.4553
2011-04-20,1.4332,1.4547,1.4325,1.4521
2011-04-19,1.423,1.4353,1.4203,1.4335
2011-04-18,1.4416,1.4421,1.4155,1.4225
2011-04-15,1.4486,1.4503,1.4389,1.4429
2011-04-14,1.4441,1.4515,1.4363,1.4486
2011-04-13,1.4475,1.452,1.4411,1.444
2011-04-12,1.4434,1.452,1.4375,1.4477
2011-04-11,1.4451,1.4483,1.4418,1.4431
2011-04-08,1.4304,1.4488,1.4287,1.4479
2011-04-07,1.433,1.4336,1.4242,1.4302
2011-04-06,1.422,1.4349,1.4214,1.433
2011-04-05,1.4211,1.4245,1.4151,1.422
2011-04-04,1.4228,1.4268,1.419,1.422
2011-04-01,1.4173,1.4245,1.406,1.4231
2011-03-31,1.4124,1.4233,1.4113,1.4169
2011-03-30,1.4109,1.4147,1.405,1.4126
2011-03-29,1.4082,1.415,1.4046,1.4109
2011-03-28,1.4043,1.4115,1.4018,1.4082
2011-03-25,1.4172,1.4193,1.4051,1.4085
2011-03-24,1.4097,1.422,1.405,1.417
2011-03-23,1.4198,1.4215,1.4074,1.4093
2011-03-22,1.4217,1.425,1.4175,1.4195
2011-03-21,1.4173,1.424,1.4137,1.4218
2011-03-18,1.4018,1.4184,1.3977,1.418
2011-03-17,1.393,1.4052,1.3867,1.4016
2011-03-16,1.3999,1.4001,1.3864,1.3927
2011-03-15,1.3988,1.4013,1.3853,1.3996
2011-03-14,1.3969,1.4003,1.39,1.399
2011-03-11,1.3797,1.3915,1.375,1.3901
2011-03-10,1.3907,1.3925,1.3772,1.3797
2011-03-09,1.3903,1.3942,1.3855,1.3907
2011-03-08,1.3968,1.399,1.386,1.3904
2011-03-07,1.3989,1.4036,1.3951,1.3968
2011-03-04,1.3968,1.4006,1.394,1.3986
2011-03-03,1.386,1.3972,1.383,1.3966
2011-03-02,1.3776,1.389,1.3741,1.3866
2011-03-01,1.3822,1.3854,1.376,1.3776
2011-02-28,1.3754,1.3856,1.3709,1.3804
2011-02-25,1.3798,1.3838,1.372,1.3748
2011-02-24,1.3746,1.3821,1.3702,1.3799
2011-02-23,1.3649,1.379,1.3644,1.3744
2011-02-22,1.3677,1.3704,1.3523,1.3651
2011-02-21,1.3699,1.3716,1.3644,1.3674
2011-02-18,1.3608,1.3715,1.3543,1.3693
2011-02-17,1.3568,1.3619,1.3533,1.3607
2011-02-16,1.3484,1.3588,1.346,1.3569
2011-02-15,1.3488,1.3551,1.3459,1.3485
2011-02-14,1.3506,1.3558,1.3426,1.3485
2011-02-11,1.3599,1.3621,1.3495,1.3547
2011-02-10,1.3731,1.3736,1.3575,1.3599
2011-02-09,1.3625,1.3744,1.3608,1.3733
2011-02-08,1.3582,1.3688,1.357,1.3624
2011-02-07,1.3562,1.3626,1.3506,1.3583
2011-02-04,1.3632,1.3673,1.354,1.3582
2011-02-03,1.3807,1.3825,1.3607,1.363
2011-02-02,1.3828,1.3861,1.3765,1.3808
2011-02-01,1.3691,1.3842,1.3686,1.3829
2011-01-31,1.3586,1.3739,1.3568,1.3692
2011-01-28,1.3733,1.3746,1.3581,1.3609
2011-01-27,1.3712,1.3758,1.3635,1.3732
2011-01-26,1.3682,1.3722,1.3639,1.3712
2011-01-25,1.3637,1.3704,1.357,1.3681
2011-01-24,1.364,1.3686,1.3537,1.3638
2011-01-21,1.3468,1.3625,1.3446,1.3619
2011-01-20,1.3446,1.3523,1.3394,1.3471
2011-01-19,1.3386,1.3539,1.3365,1.3473
2011-01-18,1.3293,1.3466,1.325,1.3386
2011-01-17,1.3383,1.3384,1.3242,1.3293
2011-01-14,1.3363,1.3457,1.3313,1.3386
2011-01-13,1.3132,1.3383,1.3085,1.3363
2011-01-12,1.2971,1.3145,1.2959,1.3134
2011-01-11,1.2949,1.2993,1.2903,1.2973
2011-01-10,1.2877,1.2964,1.287,1.2949
2011-01-07,1.3001,1.3021,1.2899,1.2905
2011-01-06,1.315,1.317,1.2995,1.3002
2011-01-05,1.3307,1.3325,1.3123,1.3149
2011-01-04,1.3359,1.3434,1.329,1.3307
2011-01-03,1.3285,1.3395,1.3247,1.336
2010-12-31,1.3288,1.3424,1.3282,1.3385
2010-12-30,1.3224,1.3315,1.3211,1.3287
2010-12-29,1.3114,1.3239,1.308,1.3224
2010-12-28,1.3164,1.3276,1.309,1.3114
2010-12-27,1.3114,1.317,1.307,1.3163
2010-12-24,1.3113,1.3148,1.3086,1.3121
2010-12-23,1.3098,1.3153,1.305,1.3113
2010-12-22,1.3101,1.3181,1.3075,1.3098
2010-12-21,1.3128,1.3202,1.3072,1.31
2010-12-20,1.3185,1.3187,1.3092,1.3128
2010-12-17,1.3241,1.3359,1.313,1.3187
2010-12-16,1.3213,1.3266,1.3178,1.3241
2010-12-15,1.3375,1.3382,1.3205,1.3211
2010-12-14,1.3388,1.3497,1.3361,1.3376
2010-12-13,1.3198,1.3433,1.3178,1.3389
2010-12-10,1.3237,1.3283,1.3176,1.3222
2010-12-09,1.3261,1.3323,1.3162,1.3237
2010-12-08,1.3261,1.328,1.3177,1.3259
2010-12-07,1.3306,1.34,1.3253,1.326
2010-12-06,1.3384,1.3422,1.3244,1.3305
2010-12-03,1.3208,1.3438,1.3191,1.3414
2010-12-02,1.3139,1.325,1.3056,1.3209
2010-12-01,1.3001,1.3181,1.2968,1.3136
2010-11-30,1.3125,1.315,1.2966,1.2984
2010-11-29,1.3281,1.3302,1.306,1.3132
2010-11-26,1.3358,1.3362,1.3198,1.324
2010-11-25,1.3335,1.3388,1.3284,1.3359
2010-11-24,1.3367,1.3421,1.3282,1.3332
2010-11-23,1.3627,1.3633,1.3357,1.3365
2010-11-22,1.3715,1.3786,1.3575,1.3627
2010-11-19,1.364,1.3731,1.3606,1.3668
2010-11-18,1.3528,1.3668,1.3522,1.364
2010-11-17,1.3489,1.3566,1.3458,1.3528
2010-11-16,1.3586,1.3656,1.3445,1.3489
2010-11-15,1.3704,1.3751,1.3561,1.3584
2010-11-12,1.3664,1.3776,1.357,1.369
2010-11-11,1.3781,1.3821,1.3634,1.3666
2010-11-10,1.3771,1.3825,1.3669,1.3782
2010-11-09,1.392,1.3973,1.3749,1.3771
2010-11-08,1.4055,1.4085,1.3885,1.392
2010-11-05,1.4215,1.4249,1.4021,1.403
2010-11-04,1.4131,1.4282,1.4099,1.4216
2010-11-03,1.4031,1.4183,1.3988,1.4129
2010-11-02,1.3895,1.4058,1.3879,1.403
2010-11-01,1.3963,1.4011,1.3861,1.3895
2010-10-29,1.3926,1.3952,1.3804,1.3944
2010-10-28,1.3771,1.3945,1.3765,1.393
2010-10-27,1.386,1.3879,1.3732,1.3773
2010-10-26,1.3954,1.3982,1.3821,1.3858
2010-10-25,1.3951,1.408,1.3931,1.3954
2010-10-22,1.3925,1.3971,1.3857,1.3954
2010-10-21,1.3956,1.405,1.387,1.3923
2010-10-20,1.3741,1.3991,1.3696,1.3956
2010-10-19,1.3946,1.4005,1.3711,1.3739
2010-10-18,1.3972,1.3999,1.3827,1.3949
2010-10-15,1.4078,1.4157,1.3936,1.3977
2010-10-14,1.396,1.4122,1.3951,1.4081
2010-10-13,1.3914,1.4001,1.3908,1.3959
2010-10-12,1.3882,1.3936,1.3772,1.3915
2010-10-11,1.4001,1.4007,1.3863,1.3883
2010-10-08,1.3915,1.3984,1.3832,1.394
2010-10-07,1.3923,1.4029,1.3854,1.392
2010-10-06,1.3834,1.3948,1.3797,1.3925
2010-10-05,1.3673,1.3859,1.3635,1.3836
2010-10-04,1.3788,1.379,1.3663,1.3673
2010-10-01,1.3629,1.3792,1.3615,1.3792
2010-09-30,1.3622,1.3683,1.3558,1.3627
2010-09-29,1.3583,1.3646,1.3563,1.3621
2010-09-28,1.344,1.3596,1.3378,1.3584
2010-09-27,1.3479,1.3506,1.3422,1.344
2010-09-24,1.3313,1.3495,1.3284,1.3485
2010-09-23,1.34,1.3413,1.3303,1.3314
2010-09-22,1.325,1.344,1.3245,1.3399
2010-09-21,1.3063,1.3286,1.3053,1.3249
2010-09-20,1.305,1.3121,1.3026,1.3062
2010-09-17,1.3074,1.3159,1.3018,1.3055
2010-09-16,1.3012,1.3117,1.2972,1.3074
2010-09-15,1.2987,1.304,1.2952,1.3009
2010-09-14,1.2876,1.3033,1.2827,1.2986
2010-09-13,1.2706,1.2892,1.2701,1.2878
2010-09-10,1.2697,1.2747,1.2641,1.2671
2010-09-09,1.2719,1.2766,1.266,1.2698
2010-09-08,1.2682,1.2763,1.2657,1.2723
2010-09-07,1.2874,1.2876,1.2674,1.2683
2010-09-06,1.2893,1.2919,1.2864,1.2874
2010-09-03,1.2824,1.2899,1.2806,1.2895
2010-09-02,1.2803,1.2848,1.2774,1.2825
2010-09-01,1.2688,1.2855,1.266,1.2803
2010-08-31,1.2662,1.2743,1.2622,1.2688
2010-08-30,1.2764,1.2769,1.2654,1.2663
2010-08-27,1.2714,1.2779,1.2674,1.2761
2010-08-26,1.2664,1.2764,1.2647,1.2716
2010-08-25,1.263,1.2726,1.2604,1.2662
2010-08-24,1.2648,1.2719,1.2584,1.263
2010-08-23,1.2704,1.273,1.2644,1.2649
2010-08-20,1.2815,1.2833,1.2661,1.2705
2010-08-19,1.2853,1.2902,1.277,1.2816
2010-08-18,1.2879,1.2922,1.282,1.2852
2010-08-17,1.2822,1.2916,1.2801,1.2879
2010-08-16,1.2765,1.2871,1.2731,1.2821
2010-08-13,1.2839,1.2906,1.2746,1.2751
2010-08-12,1.2843,1.2932,1.2778,1.2826
2010-08-11,1.3174,1.3187,1.2827,1.2845
2010-08-10,1.3225,1.3231,1.3072,1.3175
2010-08-09,1.3292,1.3308,1.3213,1.3225
2010-08-06,1.3183,1.3334,1.3154,1.3279
2010-08-05,1.3154,1.3235,1.3117,1.3184
2010-08-04,1.3225,1.324,1.313,1.3154
2010-08-03,1.3174,1.3254,1.3145,1.3225
2010-08-02,1.3061,1.3195,1.305,1.3175
2010-07-30,1.3078,1.3092,1.2978,1.305
2010-07-29,1.2989,1.3107,1.2976,1.3081
2010-07-28,1.3,1.3042,1.2964,1.2987
2010-07-27,1.2988,1.3046,1.2948,1.3
2010-07-26,1.2896,1.3006,1.2874,1.2987
2010-07-23,1.2887,1.2965,1.2792,1.2902
2010-07-22,1.2754,1.2933,1.2734,1.2885
2010-07-21,1.289,1.2913,1.2729,1.2754
2010-07-20,1.2947,1.3028,1.2837,1.289
2010-07-19,1.2904,1.2992,1.2868,1.2948
