Date,Open,High,Low,Close,Adj Close,Volume
2013-10-24,3.0,3.0,3.0,3.0,3.0,8
2013-10-25,3.0,3.0,3.0,3.0,3.0,0
2013-10-26,3.0,3.0,3.0,3.0,3.0,0
2013-10-27,3.0,3.0,3.0,3.0,3.0,0
2013-10-28,3.0,3.0,3.0,3.0,3.0,0
2013-10-29,3.0,3.0,3.0,3.0,3.0,0
2013-10-30,3.0,3.0,3.0,3.0,3.0,0
2013-10-31,3.0,3.0,3.0,3.0,3.0,0
2013-11-01,3.0,3.0,3.0,3.0,3.0,0
2013-11-02,3.0,3.0,3.0,3.0,3.0,0
2013-11-03,3.0,3.0,3.0,3.0,3.0,0
2013-11-04,3.0,3.0,3.0,3.0,3.0,21
2013-11-05,3.0,3.0,3.0,3.0,3.0,0
2013-11-06,3.0,3.0,3.0,3.0,3.0,0
2013-11-07,3.0,3.2,3.0,3.2,3.2,28
2013-11-08,3.2,3.2,3.2,3.2,3.2,2
2013-11-09,3.2,3.2,3.2,3.2,3.2,0
2013-11-10,3.2,3.2,3.2,3.2,3.2,0
2013-11-11,3.2,3.2,3.2,3.2,3.2,0
2013-11-12,3.2,3.2,3.2,3.2,3.2,0
2013-11-13,3.2,5.0,3.2,5.0,5.0,1128
2013-11-14,5.0,5.0,3.0,3.0,3.0,38
2013-11-15,3.0,5.0,3.0,5.0,5.0,50
2013-11-16,5.0,5.0,4.25,4.25,4.25,21
2013-11-17,4.25,4.25,4.25,4.25,4.25,0
2013-11-18,4.25,5.0,4.25,5.0,5.0,25
2013-11-19,5.0,10.0,5.0,9.0,9.0,272
2013-11-20,9.0,9.0,9.0,9.0,9.0,22
2013-11-21,9.0,9.0,9.0,9.0,9.0,850
2013-11-22,9.0,11.0,9.0,10.0,10.0,658
2013-11-23,10.0,14.5,10.0,12.8,12.8,32377
2013-11-24,12.8,13.8,10.0,10.0,10.0,96
2013-11-25,10.0,14.0,10.0,12.0,12.0,2328
2013-11-26,12.0,20.5,11.0,20.5,20.5,7634
2013-11-27,20.5,50.0,20.5,35.990002000000004,35.990002000000004,14864
2013-11-28,35.990002000000004,65.0,35.990002000000004,46.099998,46.099998,13001
2013-11-29,46.099998,50.0,30.200001,41.0,41.0,11730
2013-11-30,41.0,48.0,38.0,41.0,41.0,6048
2013-12-01,41.0,41.209998999999996,24.48,35.299999,35.299999,1676
2013-12-02,35.299999,40.5,29.799999,33.509997999999996,33.509997999999996,3620
2013-12-03,33.509997999999996,36.400002,32.0,33.0,33.0,7169
2013-12-04,33.0,43.0,31.0,32.200001,32.200001,20974
2013-12-05,32.200001,42.990002000000004,29.0,38.0,38.0,24291
2013-12-06,38.0,39.200001,32.0,32.0,32.0,7020
2013-12-07,32.0,32.0,11.0,22.780001000000002,22.780001000000002,7637
2013-12-08,22.780001000000002,28.4,22.780001000000002,27.93,27.93,2092
2013-12-09,27.93,32.59,27.0,31.98,31.98,3602
2013-12-10,31.98,36.599998,31.98,35.259997999999996,35.259997999999996,7327
2013-12-11,35.259997999999996,35.259997999999996,28.780001000000002,31.57,31.57,13797
2013-12-12,31.57,32.93,30.98,31.0,31.0,1459
2013-12-13,31.0,33.0,30.01,30.59,30.59,3919
2013-12-14,30.59,32.389998999999996,30.01,30.01,30.01,3515
2013-12-15,30.01,31.799999,29.15,30.92,30.92,7727
2013-12-16,30.92,32.130001,25.0,25.77,25.77,3419
2013-12-17,25.77,29.0,20.01,23.74,23.74,5200
2013-12-18,23.74,23.74,8.48,13.0,13.0,14485
2013-12-19,13.0,20.0,13.0,19.799999,19.799999,781
2013-12-20,19.799999,22.0,17.219998999999998,18.85,18.85,1168
2013-12-21,18.85,18.85,17.129998999999998,17.129998999999998,17.129998999999998,169
2013-12-22,17.129998999999998,19.01,17.129998999999998,18.0,18.0,2413
2013-12-23,18.0,18.74,16.73,17.200001,17.200001,4050
2013-12-24,17.200001,18.0,17.200001,18.0,18.0,944
2013-12-25,18.0,22.059998999999998,17.5,22.059998999999998,22.059998999999998,5994
2013-12-26,22.059998999999998,25.0,21.9,24.969998999999998,24.969998999999998,24203
2013-12-27,24.969998999999998,24.969998999999998,22.0,22.059998999999998,22.059998999999998,7416
2013-12-28,22.059998999999998,23.33,22.059998999999998,22.33,22.33,270
2013-12-29,22.33,24.51,22.32,24.51,24.51,928
2013-12-30,24.51,25.18,23.16,24.959999,24.959999,4646
2013-12-31,24.959999,24.98,23.549999,23.549999,23.549999,315
2014-01-01,23.549999,25.0,23.549999,24.77,24.77,2048
2014-01-02,24.77,26.6,23.879998999999998,26.6,26.6,4818
2014-01-03,26.6,26.6,24.1,25.49,25.49,807
2014-01-04,25.49,25.49,24.049999,24.049999,24.049999,417
2014-01-05,24.049999,27.0,24.049999,26.01,26.01,16138
2014-01-06,26.01,31.26,22.23,28.700001,28.700001,12995
2014-01-07,28.700001,29.709999,23.0,23.0,23.0,9318
2014-01-08,23.0,26.0,22.190001000000002,24.9,24.9,5690
2014-01-09,24.9,25.790001,24.0,24.5,24.5,393
2014-01-10,24.5,25.790001,24.0,24.059998999999998,24.059998999999998,885
2014-01-11,24.059998999999998,27.620001000000002,24.059998999999998,26.35,26.35,2015
2014-01-12,26.35,26.450001,24.0,25.389999,25.389999,2208
2014-01-13,25.389999,26.309998999999998,24.0,25.01,25.01,20878
2014-01-14,25.01,25.01,24.0,24.52,24.52,213
2014-01-15,24.52,25.469998999999998,24.389999,24.52,24.52,471
2014-01-16,24.52,25.370001000000002,24.01,24.01,24.01,1748
2014-01-17,24.01,24.99,23.27,24.0,24.0,2426
2014-01-18,24.0,24.99,23.5,24.940001000000002,24.940001000000002,12878
2014-01-19,24.940001000000002,24.940001000000002,23.35,24.9,24.9,320
2014-01-20,24.9,24.9,24.280001000000002,24.280001000000002,24.280001000000002,519
2014-01-21,24.280001000000002,25.5,23.5,25.49,25.49,4143
2014-01-22,25.49,25.49,22.389999,23.0,23.0,1259
2014-01-23,23.0,23.73,22.299999,22.299999,22.299999,2821
2014-01-24,22.299999,22.889999,20.5,21.049999,21.049999,6188
2014-01-25,21.049999,22.35,20.290001,22.26,22.26,2899
2014-01-26,22.26,24.0,22.0,22.34,22.34,7269
2014-01-27,22.34,23.5,20.780001000000002,20.780001000000002,20.780001000000002,9919
2014-01-28,20.780001000000002,23.0,20.290001,22.879998999999998,22.879998999999998,1833
2014-01-29,22.879998999999998,22.879998999999998,20.629998999999998,21.700001,21.700001,2131
2014-01-30,21.700001,21.99,20.620001000000002,20.719998999999998,20.719998999999998,190
2014-01-31,20.719998999999998,21.610001,20.719998999999998,21.59,21.59,1109
2014-02-01,21.59,22.66,21.299999,21.459999,21.459999,703
2014-02-02,21.459999,21.870001000000002,21.459999,21.870001000000002,21.870001000000002,246
2014-02-03,21.870001000000002,21.870001000000002,21.41,21.41,21.41,99
2014-02-04,21.41,21.65,21.01,21.07,21.07,1402
2014-02-05,21.07,21.700001,21.0,21.200001,21.200001,3248
2014-02-06,21.200001,21.549999,19.799999,19.799999,19.799999,1066
2014-02-07,19.799999,20.0,17.200001,18.889999,18.889999,1864
2014-02-08,18.889999,20.290001,17.5,17.5,17.5,3435
2014-02-09,17.5,19.809998999999998,17.0,18.700001,18.700001,1778
2014-02-10,18.700001,19.709999,14.0,17.9,17.9,5280
2014-02-11,17.9,19.690001000000002,15.7,16.299999,16.299999,5503
2014-02-12,16.299999,19.49,16.299999,19.49,19.49,490
2014-02-13,19.49,19.49,16.379998999999998,16.42,16.42,2990
2014-02-14,16.42,16.84,14.37,16.76,16.76,1355
2014-02-15,16.76,16.76,16.280001000000002,16.280001000000002,16.280001000000002,22
2014-02-16,16.280001000000002,16.280001000000002,15.23,15.23,15.23,178
2014-02-17,15.23,15.76,15.23,15.76,15.76,385
2014-02-18,15.76,17.280001000000002,15.63,17.280001000000002,17.280001000000002,900
2014-02-19,17.280001000000002,17.41,15.81,15.83,15.83,134
2014-02-20,15.83,17.200001,14.35,15.95,15.95,3719
2014-02-21,15.95,15.95,14.34,14.89,14.89,1798
2014-02-22,14.89,15.63,13.32,13.32,13.32,461
2014-02-23,13.32,16.620001000000002,13.32,15.0,15.0,1700
2014-02-24,15.0,15.93,14.21,15.22,15.22,1859
2014-02-25,15.22,15.22,11.13,14.42,14.42,8630
2014-02-26,14.42,16.610001,14.13,15.85,15.85,9672
2014-02-27,15.85,15.85,14.58,14.84,14.84,2076
2014-02-28,14.84,15.05,14.0,15.05,15.05,2300
2014-03-01,15.05,15.05,13.54,13.54,13.54,258
2014-03-02,13.54,13.54,12.86,12.86,12.86,125
2014-03-03,12.86,15.49,12.86,14.24,14.24,2202
2014-03-04,14.24,19.9,14.24,17.110001,17.110001,8051
2014-03-05,17.110001,18.030001000000002,15.01,17.34,17.34,980
2014-03-06,17.34,17.5,16.82,16.82,16.82,784
2014-03-07,16.82,16.889999,16.43,16.889999,16.889999,1205
2014-03-08,16.889999,16.889999,15.56,15.56,15.56,69
2014-03-09,15.56,16.969998999999998,15.56,16.16,16.16,918
2014-03-10,16.16,16.700001,15.98,16.209999,16.209999,2181
2014-03-11,16.209999,16.700001,16.209999,16.219998999999998,16.219998999999998,40
2014-03-12,16.219998999999998,17.77,16.219998999999998,17.75,17.75,3535
2014-03-13,17.75,17.780001000000002,17.0,17.780001000000002,17.780001000000002,812
2014-03-14,17.780001000000002,17.84,17.0,17.0,17.0,298
2014-03-15,17.0,17.74,16.870001000000002,17.16,17.16,119
2014-03-16,17.16,17.9,17.16,17.18,17.18,122
2014-03-17,17.18,17.9,17.18,17.889999,17.889999,365
2014-03-18,17.889999,20.0,17.200001,20.0,20.0,4817
2014-03-19,20.0,20.5,18.1,18.1,18.1,3035
2014-03-20,18.1,18.1,16.309998999999998,16.889999,16.889999,2245
2014-03-21,16.889999,17.49,16.209999,16.209999,16.209999,937
2014-03-22,16.209999,16.209999,15.3,15.49,15.49,5198
2014-03-23,15.49,15.49,15.49,15.49,15.49,0
2014-03-24,15.49,17.280001000000002,15.27,16.120001000000002,16.120001000000002,903
2014-03-25,16.120001000000002,16.719998999999998,15.89,16.719998999999998,16.719998999999998,2575
2014-03-26,16.719998999999998,16.959999,16.030001000000002,16.959999,16.959999,4023
2014-03-27,16.959999,16.959999,13.94,13.94,13.94,2948
2014-03-28,13.94,15.59,13.94,14.0,14.0,689
2014-03-29,14.0,14.77,14.0,14.3,14.3,426
2014-03-30,14.3,14.3,12.75,12.75,12.75,312
2014-03-31,12.75,13.77,12.74,12.74,12.74,575
2014-04-01,12.74,13.66,12.74,13.41,13.41,150
2014-04-02,13.41,13.81,11.44,11.94,11.94,432
2014-04-03,11.94,11.94,11.0,11.5,11.5,2373
2014-04-04,11.5,11.92,11.31,11.66,11.66,259
2014-04-05,11.66,11.66,11.2,11.2,11.2,1264
2014-04-06,11.2,11.95,11.2,11.39,11.39,163
2014-04-07,11.39,11.96,11.39,11.95,11.95,41
2014-04-08,11.95,12.0,11.79,12.0,12.0,220
2014-04-09,12.0,12.0,11.38,11.87,11.87,35
2014-04-10,11.87,11.87,9.12,9.13,9.13,1684
2014-04-11,9.13,11.0,9.13,11.0,11.0,1179
2014-04-12,11.0,11.77,11.0,11.32,11.32,191
2014-04-13,11.32,11.43,10.25,10.35,10.35,523
2014-04-14,10.35,11.99,10.35,11.99,11.99,841
2014-04-15,11.99,13.23,10.2,12.94,12.94,2557
2014-04-16,12.94,13.72,12.49,13.38,13.38,694
2014-04-17,13.38,13.38,13.15,13.15,13.15,148
2014-04-18,13.15,13.15,12.06,12.57,12.57,383
2014-04-19,12.57,12.77,12.24,12.77,12.77,468
2014-04-20,12.77,13.48,12.73,12.73,12.73,333
2014-04-21,12.73,12.91,12.73,12.73,12.73,72
2014-04-22,12.73,12.73,5.0,5.0,5.0,193
2014-04-23,5.0,12.65,5.0,12.18,12.18,24
2014-04-24,12.18,12.88,12.08,12.88,12.88,66
2014-04-25,12.88,12.88,11.14,11.14,11.14,2126
2014-04-26,11.14,11.14,10.8,10.8,10.8,798
2014-04-27,10.8,11.48,10.31,10.31,10.31,682
2014-04-28,10.31,10.59,9.98,10.4,10.4,829
2014-04-29,10.4,10.72,10.29,10.56,10.56,703
2014-04-30,10.56,11.19,10.54,11.11,11.11,3605
2014-05-01,11.11,11.42,11.04,11.3,11.3,389
2014-05-02,11.3,11.3,10.72,10.78,10.78,1138
2014-05-03,10.78,10.96,10.38,10.39,10.39,692
2014-05-04,10.39,10.58,10.33,10.5,10.5,523
2014-05-05,10.5,11.27,10.29,10.29,10.29,150
2014-05-06,10.29,10.71,10.11,10.56,10.56,614
2014-05-07,10.56,10.87,10.47,10.7,10.7,266
2014-05-08,10.7,11.11,10.7,10.77,10.77,220
2014-05-09,10.77,11.03,9.89,9.89,9.89,592
2014-05-10,9.89,11.02,9.89,10.8,10.8,208
2014-05-11,10.8,10.8,10.34,10.34,10.34,1265
2014-05-12,10.34,10.67,10.34,10.46,10.46,1390
2014-05-13,10.46,10.46,10.35,10.36,10.36,293
2014-05-14,10.36,10.45,10.36,10.4,10.4,70
2014-05-15,10.4,10.4,10.35,10.35,10.35,59
2014-05-16,10.35,10.65,10.35,10.65,10.65,1
2014-05-17,10.65,10.65,10.15,10.15,10.15,6
2014-05-18,10.15,10.15,10.15,10.15,10.15,0
2014-05-19,10.15,10.31,10.15,10.31,10.31,0
2014-05-20,10.31,11.05,10.31,10.86,10.86,1255
2014-05-21,10.86,10.86,10.75,10.75,10.75,19
2014-05-22,10.75,11.07,10.6,10.88,10.88,765
2014-05-23,10.88,12.06,9.56,11.27,11.27,1257
2014-05-24,11.0,11.0,10.75,10.75,10.75,8
2014-05-25,11.27,12.01,11.27,11.8,11.8,712
2014-05-26,11.8,12.04,11.6,12.04,12.04,246
2014-05-27,12.04,12.7,11.43,12.0,12.0,685
2014-05-28,12.0,12.0,10.92,10.92,10.92,707
2014-05-29,10.92,11.28,10.92,11.28,11.28,106
2014-05-30,11.28,11.37,10.69,11.23,11.23,957
2014-05-31,11.23,11.43,11.08,11.08,11.08,130
2014-06-01,11.08,11.46,11.08,11.12,11.12,593
2014-06-02,11.12,11.63,10.63,11.51,11.51,2112
2014-06-03,11.51,11.6,11.17,11.17,11.17,1196
2014-06-04,11.17,11.63,10.8,11.14,11.14,6964
2014-06-05,11.14,11.36,10.96,11.36,11.36,1138
2014-06-06,11.36,11.46,11.36,11.46,11.46,435
2014-06-07,12.5,12.5,11.16,11.16,11.16,34
2014-06-08,11.46,11.46,11.05,11.44,11.44,229
2014-06-09,11.44,11.44,11.08,11.08,11.08,109
2014-06-10,11.08,11.19,11.08,11.19,11.19,465
2014-06-11,11.19,11.19,11.08,11.08,11.08,83
2014-06-12,11.08,11.08,10.03,10.03,10.03,120
2014-06-13,10.03,10.12,10.03,10.12,10.12,32
2014-06-14,10.12,10.12,9.89,9.89,9.89,19
2014-06-15,9.89,9.89,9.51,9.51,9.51,141
2014-06-16,9.51,9.84,9.51,9.84,9.84,27
2014-06-17,9.84,9.84,9.5,9.5,9.5,20
2014-06-18,9.5,10.0,9.5,9.76,9.76,2
2014-06-19,9.5,9.89,9.5,9.89,9.89,167
2014-06-20,9.89,10.0,9.89,10.0,10.0,13
2014-06-21,10.0,10.0,9.54,9.54,9.54,289
2014-06-22,10.0,10.0,10.0,10.0,10.0,87
2014-06-23,9.54,10.0,9.5,9.5,9.5,74
2014-06-24,9.5,9.5,9.5,9.5,9.5,0
2014-06-25,9.5,9.5,9.29,9.29,9.29,35
2014-06-26,9.5,9.5,9.5,9.5,9.5,230
2014-06-27,9.29,9.62,9.29,9.62,9.62,0
2014-06-28,9.62,9.7,9.61,9.61,9.61,171
2014-06-29,9.61,9.61,9.61,9.61,9.61,0
2014-06-30,9.61,9.61,8.37,9.12,9.12,443
2014-07-01,9.12,9.12,9.01,9.01,9.01,24
2014-07-02,9.01,9.01,8.24,8.82,8.82,250
2014-07-03,8.82,8.82,8.8,8.8,8.8,92
2014-07-04,8.8,8.8,8.0,8.0,8.0,400
2014-07-05,8.0,8.0,8.0,8.0,8.0,0
2014-07-06,7.9,7.9,7.02,7.02,7.02,7
2014-07-07,8.0,8.0,7.37,7.37,7.37,2
2014-07-08,7.37,7.37,7.37,7.37,7.37,0
2014-07-09,7.37,8.19,7.37,8.19,8.19,78
2014-07-10,8.19,8.19,8.19,8.19,8.19,0
2014-07-11,8.19,8.19,7.69,7.69,7.69,24
2014-07-12,7.45,9.5,7.45,7.85,7.85,4
2014-07-13,7.85,10.2,7.85,8.8,8.8,22
2014-07-14,7.69,10.0,7.69,8.84,8.84,62
2014-07-15,8.84,8.84,8.84,8.84,8.84,0
2014-07-16,8.84,8.84,8.53,8.53,8.53,117
2014-07-17,8.65,8.65,8.31,8.31,8.31,2
2014-07-18,8.53,8.6,8.53,8.6,8.6,34
2014-07-19,8.6,8.93,8.6,8.93,8.93,34
2014-07-20,8.31,10.75,8.31,10.75,10.75,29
2014-07-21,10.75,10.75,10.75,10.75,10.75,0
2014-07-22,10.75,10.75,8.41,8.41,8.41,0
2014-07-23,8.41,8.41,8.41,8.41,8.41,0
2014-07-24,8.93,8.52,8.0,8.25,8.25,1439
2014-07-25,8.25,8.34,7.49,7.56,7.56,4677
2014-07-26,7.56,7.68,7.55,7.61,7.61,8390
2014-07-27,7.61,7.87,7.59,7.81,7.81,20790
2014-07-28,7.81,7.89,7.52,7.62,7.62,17340
2014-07-29,7.62,7.71,7.56,7.68,7.68,10329
2014-07-30,7.68,7.76,7.29,7.29,7.29,11893
2014-07-31,7.29,7.66,7.1,7.61,7.61,10856
2014-08-01,7.61,7.79,7.45,7.71,7.71,7715
2014-08-02,7.71,7.8,7.59,7.65,7.65,8982
2014-08-03,7.65,7.67,7.52,7.58,7.58,8509
2014-08-04,7.58,7.58,7.34,7.41,7.41,14562
2014-08-05,7.41,7.43,7.2,7.23,7.23,9164
2014-08-06,7.23,7.34,7.14,7.21,7.21,9051
2014-08-07,7.21,7.27,6.81,7.16,7.16,12134
2014-08-08,7.16,7.37,7.06,7.11,7.11,11696
2014-08-09,7.11,7.15,6.92,7.01,7.01,7045
2014-08-10,7.01,7.04,6.92,6.95,6.95,1349
2014-08-11,6.95,7.01,5.72,6.01,6.01,14039
2014-08-12,6.01,6.08,5.47,5.59,5.59,209106
2014-08-13,5.59,5.64,4.88,5.06,5.06,318942
2014-08-14,5.06,5.25,4.71,5.03,5.03,41484
2014-08-15,5.03,5.2,4.97,5.04,5.04,5420
2014-08-16,5.04,5.15,4.83,5.1,5.1,3942
2014-08-17,5.1,5.03,4.17,4.34,4.34,17757
2014-08-18,4.34,4.35,3.59,3.79,3.79,29637
2014-08-19,3.79,4.77,3.73,4.56,4.56,32503
2014-08-20,4.56,5.69,4.42,5.5,5.5,152518
2014-08-21,5.5,6.27,5.43,5.78,5.78,81410
2014-08-22,5.78,5.84,4.99,5.33,5.33,46870
2014-08-23,5.33,5.33,4.73,4.79,4.79,27903
2014-08-24,4.79,5.63,4.78,5.43,5.43,64688
2014-08-25,5.43,5.46,5.12,5.18,5.18,22893
2014-08-26,5.18,5.6,5.16,5.52,5.52,28977
2014-08-27,5.52,5.82,5.29,5.41,5.41,27408
2014-08-28,5.41,5.48,5.13,5.29,5.29,44212
2014-08-29,5.29,5.42,5.17,5.38,5.38,3983
2014-08-30,5.38,5.42,5.17,5.24,5.24,33955
2014-08-31,5.24,5.26,4.74,4.92,4.92,84379
2014-09-01,4.92,4.98,4.65,4.72,4.72,112950
2014-09-02,4.72,4.94,4.59,4.82,4.82,123078
2014-09-03,4.82,4.94,4.74,4.86,4.86,86039
2014-09-04,4.86,5.3,4.85,5.21,5.21,110852
2014-09-05,5.21,5.22,4.92,4.99,4.99,103741
2014-09-06,4.99,5.11,4.9,5.01,5.01,102516
2014-09-07,5.01,5.25,4.97,5.17,5.17,120010
2014-09-08,5.17,5.23,4.94,5.07,5.07,109615
2014-09-09,5.07,5.13,4.96,5.04,5.04,101599
2014-09-10,5.04,5.42,5.02,5.32,5.32,132766
2014-09-11,5.32,5.57,5.27,5.31,5.31,98222
2014-09-12,5.31,5.49,5.3,5.41,5.41,115329
2014-09-13,5.41,5.5,5.32,5.44,5.44,104145
2014-09-14,5.44,5.5,5.37,5.43,5.43,106037
2014-09-15,5.43,5.46,5.15,5.2,5.2,115810
2014-09-16,5.2,5.2,5.04,5.07,5.07,93402
2014-09-17,5.07,5.18,5.0,5.06,5.06,146485
2014-09-18,5.06,5.1,4.61,4.72,4.72,153391
2014-09-19,4.72,4.78,4.29,4.37,4.37,212462
2014-09-20,4.37,4.63,4.17,4.28,4.28,410116
2014-09-21,4.28,4.34,4.17,4.26,4.26,198904
2014-09-22,4.26,4.47,4.25,4.29,4.29,173491
2014-09-23,4.29,4.89,4.19,4.81,4.81,291660
2014-09-24,4.81,4.82,4.65,4.69,4.69,554600
2014-09-25,4.69,4.71,4.44,4.54,4.54,319161
2014-09-26,4.54,4.57,4.39,4.45,4.45,471520
2014-09-27,4.45,4.52,4.39,4.42,4.42,989905
2014-09-28,4.42,4.47,4.19,4.23,4.23,1627677
2014-09-29,4.23,4.37,4.19,4.24,4.24,2745329
2014-09-30,4.24,4.58,4.22,4.48,4.48,3432242
2014-10-01,4.48,4.56,4.41,4.45,4.45,3821815
2014-10-02,4.45,4.51,4.31,4.31,4.31,2005949
2014-10-03,4.31,4.35,4.23,4.26,4.26,2574285
2014-10-04,4.26,4.35,3.9,3.98,3.98,4237615
2014-10-05,3.98,4.07,3.46,3.7,3.7,4022751
2014-10-06,3.7,3.92,3.57,3.83,3.83,6534479
2014-10-07,3.83,3.97,3.68,3.84,3.84,5494821
2014-10-08,3.84,3.93,3.74,3.9,3.9,3221979
2014-10-09,3.9,4.03,3.85,3.87,3.87,4434811
2014-10-10,3.87,3.93,3.77,3.81,3.81,4902945
2014-10-11,3.81,3.84,3.66,3.78,3.78,2209929
2014-10-12,3.78,3.84,3.68,3.82,3.82,1477840
2014-10-13,3.82,3.88,3.78,3.86,3.86,2389505
2014-10-14,3.86,4.24,3.85,4.07,4.07,4328840
2014-10-15,4.07,4.09,3.99,4.05,4.05,3135683
2014-10-16,4.05,4.1,3.96,4.0,4.0,2401876
2014-10-17,4.0,4.02,3.95,4.0,4.0,2637908
2014-10-18,4.0,4.09,3.94,4.06,4.06,1241445
2014-10-19,4.06,4.07,3.96,3.99,3.99,828299
2014-10-20,3.99,3.99,3.87,3.92,3.92,1219721
2014-10-21,3.92,3.96,3.89,3.94,3.94,1241902
2014-10-22,3.94,3.96,3.82,3.84,3.84,1164486
2014-10-23,3.84,3.86,3.72,3.74,3.74,2020583
2014-10-24,3.74,3.78,3.72,3.73,3.73,2853936
2014-10-25,3.73,3.76,3.62,3.67,3.67,1581686
2014-10-26,3.67,3.77,3.66,3.71,3.71,1351730
2014-10-27,3.71,3.91,3.7,3.8,3.8,1242834
2014-10-28,3.8,3.91,3.78,3.83,3.83,1162348
2014-10-29,3.83,3.84,3.73,3.73,3.73,1293150
2014-10-30,3.73,3.82,3.71,3.79,3.79,1659421
2014-10-31,3.79,3.8,3.74,3.76,3.76,1604847
2014-11-01,3.76,3.76,3.53,3.58,3.58,1209284
2014-11-02,3.58,3.64,3.54,3.59,3.59,1467036
2014-11-03,3.59,3.66,3.54,3.57,3.57,1164214
2014-11-04,3.57,3.61,3.52,3.59,3.59,1523544
2014-11-05,3.59,3.67,3.58,3.63,3.63,1997330
2014-11-06,3.63,3.66,3.61,3.64,3.64,1479808
2014-11-07,3.64,3.66,3.54,3.55,3.55,1511803
2014-11-08,3.55,3.58,3.52,3.55,3.55,887616
2014-11-09,3.55,3.62,3.54,3.62,3.62,894496
2014-11-10,3.62,3.72,3.58,3.68,3.68,2153759
2014-11-11,3.68,3.7,3.63,3.65,3.65,2153217
2014-11-12,3.65,4.28,3.65,4.11,4.11,3504226
2014-11-13,4.11,4.46,4.0,4.14,4.14,7837981
2014-11-14,4.14,4.14,3.85,3.98,3.98,5388922
2014-11-15,3.98,4.05,3.8,3.86,3.86,2207382
2014-11-16,3.86,3.9,3.81,3.87,3.87,1880026
2014-11-17,3.87,4.01,3.81,3.86,3.86,2476219
2014-11-18,3.86,3.91,3.74,3.79,3.79,3078559
2014-11-19,3.79,3.85,3.76,3.81,3.81,1826467
2014-11-20,3.81,3.82,3.58,3.6,3.6,1974850
2014-11-21,3.6,3.61,3.47,3.5,3.5,2608578
2014-11-22,3.5,3.62,3.48,3.51,3.51,1346610
2014-11-23,3.51,3.61,3.5,3.58,3.58,901020
2014-11-24,3.58,3.7,3.56,3.63,3.63,2047571
2014-11-25,3.63,3.7,3.53,3.58,3.58,2925973
2014-11-26,3.58,3.59,3.53,3.56,3.56,1987272
2014-11-27,3.56,3.58,3.55,3.56,3.56,1351361
2014-11-28,3.56,3.65,3.49,3.6,3.6,1226569
2014-11-29,3.6,3.65,3.57,3.59,3.59,1772069
2014-11-30,3.59,3.62,3.56,3.57,3.57,851237
2014-12-01,3.57,3.61,3.56,3.58,3.58,911742
2014-12-02,3.58,3.68,3.57,3.62,3.62,1395699
2014-12-03,3.62,3.68,3.57,3.62,3.62,1261896
2014-12-04,3.62,3.64,3.59,3.6,3.6,1654421
2014-12-05,3.6,3.63,3.58,3.62,3.62,1645242
2014-12-06,3.62,3.64,3.6,3.62,3.62,1037142
2014-12-07,3.62,3.8,3.61,3.72,3.72,715969
2014-12-08,3.72,3.77,3.67,3.68,3.68,1067524
2014-12-09,3.68,3.69,3.44,3.53,3.53,2405351
2014-12-10,3.53,3.55,3.47,3.5,3.5,1545276
2014-12-11,3.5,3.61,3.44,3.48,3.48,1875890
2014-12-12,3.48,3.51,3.45,3.49,3.49,1366913
2014-12-13,3.49,3.5,3.45,3.48,3.48,1639061
2014-12-14,3.48,3.5,3.46,3.48,3.48,1024198
2014-12-15,3.48,3.48,3.44,3.45,3.45,1724375
2014-12-16,3.45,3.46,2.98,3.04,3.04,2688486
2014-12-17,3.04,3.07,2.88,2.94,2.94,3066143
2014-12-18,2.94,3.01,2.67,2.79,2.79,3169350
2014-12-19,2.79,2.87,2.7,2.85,2.85,2067814
2014-12-20,2.85,2.94,2.85,2.92,2.92,2040253
2014-12-21,2.92,2.92,2.82,2.85,2.85,1645138
2014-12-22,2.85,2.92,2.81,2.87,2.87,1818295
2014-12-23,2.87,2.91,2.85,2.88,2.88,1504329
2014-12-24,2.88,2.88,2.72,2.74,2.74,1420721
2014-12-25,2.74,2.76,2.64,2.68,2.68,969574
2014-12-26,2.68,2.81,2.66,2.78,2.78,1500272
2014-12-27,2.78,2.79,2.68,2.7,2.7,1737369
2014-12-28,2.7,2.76,2.66,2.72,2.72,1230937
2014-12-29,2.72,2.75,2.67,2.69,2.69,979182
2014-12-30,2.69,2.72,2.65,2.69,2.69,1061157
2014-12-31,2.69,2.72,2.67,2.71,2.71,1100190
2015-01-01,2.71,2.72,2.67,2.69,2.69,623899
2015-01-02,2.69,2.69,2.64,2.66,2.66,501070
2015-01-03,2.66,2.66,2.17,2.18,2.18,1539198
2015-01-04,2.18,2.2,1.89,1.95,1.95,1748672
2015-01-05,1.95,2.17,1.94,2.11,2.11,2273109
2015-01-06,2.11,2.13,2.03,2.1,2.1,1791736
2015-01-07,2.1,2.16,2.06,2.11,2.11,2504600
2015-01-08,2.11,2.12,1.99,2.0,2.0,1977972
2015-01-09,2.0,2.01,1.94,1.98,1.98,1519433
2015-01-10,1.98,1.99,1.55,1.63,1.63,982939
2015-01-11,1.63,1.88,1.62,1.66,1.66,989462
2015-01-12,1.66,1.79,1.66,1.73,1.73,915666
2015-01-13,1.73,1.73,1.53,1.54,1.54,2214844
2015-01-14,1.54,1.57,1.12,1.12,1.12,1658128
2015-01-15,1.12,1.37,1.12,1.29,1.29,1438268
2015-01-16,1.29,1.48,1.26,1.4,1.4,1232640
2015-01-17,1.4,1.41,1.23,1.28,1.28,794535
2015-01-18,1.28,1.37,1.21,1.32,1.32,955410
2015-01-19,1.32,1.35,1.29,1.33,1.33,312979
2015-01-20,1.33,1.34,1.28,1.31,1.31,562766
2015-01-21,1.31,1.37,1.31,1.36,1.36,558384
2015-01-22,1.36,1.45,1.36,1.41,1.41,974081
2015-01-23,1.41,1.43,1.36,1.43,1.43,808739
2015-01-24,1.43,1.88,1.41,1.86,1.86,1030792
2015-01-25,1.86,2.39,1.83,2.22,2.22,1679424
2015-01-26,2.22,2.37,2.02,2.06,2.06,2988557
2015-01-27,2.06,2.18,1.88,2.08,2.08,1498406
2015-01-28,2.08,2.16,1.85,1.93,1.93,1396053
2015-01-29,1.93,1.98,1.84,1.89,1.89,651974
2015-01-30,1.89,2.0,1.89,1.92,1.92,1011844
2015-01-31,1.92,1.94,1.85,1.88,1.88,435849
2015-02-01,1.88,1.88,1.66,1.84,1.84,1002001
2015-02-02,1.84,1.85,1.73,1.78,1.78,874158
2015-02-03,1.78,1.97,1.78,1.83,1.83,1215922
2015-02-04,1.83,1.85,1.75,1.8,1.8,824996
2015-02-05,1.8,1.81,1.72,1.74,1.74,655479
2015-02-06,1.74,1.81,1.73,1.79,1.79,779537
2015-02-07,1.79,1.83,1.78,1.8,1.8,641337
2015-02-08,1.8,1.82,1.74,1.78,1.78,525318
2015-02-09,1.78,1.78,1.71,1.73,1.73,976072
2015-02-10,1.73,1.8,1.68,1.76,1.76,1387138
2015-02-11,1.76,1.8,1.71,1.73,1.73,979743
2015-02-12,1.73,1.76,1.71,1.75,1.75,799019
2015-02-13,1.75,1.86,1.74,1.82,1.82,1734501
2015-02-14,1.82,1.97,1.81,1.96,1.96,1982703
2015-02-15,1.96,2.03,1.8,1.83,1.83,2620818
2015-02-16,1.83,1.86,1.79,1.8,1.8,1497318
2015-02-17,1.8,1.89,1.78,1.85,1.85,1460652
2015-02-18,1.85,1.86,1.79,1.81,1.81,1256727
2015-02-19,1.81,1.85,1.8,1.85,1.85,832789
2015-02-20,1.85,1.87,1.83,1.84,1.84,1188912
2015-02-21,1.84,1.87,1.83,1.84,1.84,784465
2015-02-22,1.84,1.86,1.77,1.79,1.79,1081123
2015-02-23,1.79,1.83,1.79,1.81,1.81,885591
2015-02-24,1.81,1.84,1.8,1.82,1.82,681629
2015-02-25,1.82,1.83,1.79,1.8,1.8,640660
2015-02-26,1.8,1.81,1.79,1.81,1.81,764947
2015-02-27,1.81,1.88,1.79,1.84,1.84,1897056
2015-02-28,1.84,1.86,1.81,1.84,1.84,816007
2015-03-01,1.84,1.92,1.8,1.87,1.87,684066
2015-03-02,1.87,1.96,1.85,1.92,1.92,988152
2015-03-03,1.92,1.98,1.89,1.94,1.94,2276149
2015-03-04,1.94,1.98,1.91,1.93,1.93,1996816
2015-03-05,1.93,1.94,1.85,1.91,1.91,1712674
2015-03-06,1.91,1.93,1.87,1.89,1.89,1546836
2015-03-07,1.89,1.92,1.87,1.91,1.91,1013276
2015-03-08,1.91,1.92,1.87,1.89,1.89,976706
2015-03-09,1.89,1.95,1.88,1.94,1.94,1900016
2015-03-10,1.94,2.08,1.93,2.01,2.01,2619002
2015-03-11,2.01,2.04,1.98,2.02,2.02,1728302
2015-03-12,2.02,2.08,1.99,2.04,2.04,1422642
2015-03-13,2.04,2.05,2.0,2.01,2.01,1336319
2015-03-14,2.01,2.02,1.98,1.99,1.99,1264560
2015-03-15,1.99,2.04,1.99,2.01,2.01,862169
2015-03-16,2.01,2.07,2.01,2.03,2.03,1077340
2015-03-17,2.03,2.06,1.94,1.99,1.99,1218669
2015-03-18,1.99,1.99,1.71,1.74,1.74,2342235
2015-03-19,1.74,1.79,1.61,1.75,1.75,2365618
2015-03-20,1.75,1.8,1.74,1.76,1.76,736031
2015-03-21,1.76,1.76,1.71,1.74,1.74,816890
2015-03-22,1.74,1.8,1.73,1.79,1.79,852504
2015-03-23,1.79,1.8,1.74,1.77,1.77,1099394
2015-03-24,1.77,1.78,1.64,1.64,1.64,1625549
2015-03-25,1.64,1.8,1.6,1.66,1.66,1531606
2015-03-26,1.66,1.73,1.66,1.69,1.69,1244317
2015-03-27,1.69,1.7,1.66,1.68,1.68,920037
2015-03-28,1.68,1.71,1.67,1.7,1.7,749754
2015-03-29,1.7,1.7,1.64,1.65,1.65,1019854
2015-03-30,1.65,1.68,1.63,1.67,1.67,1044681
2015-03-31,1.67,1.68,1.64,1.65,1.65,960049
2015-04-01,1.65,1.68,1.62,1.66,1.66,946524
2015-04-02,1.66,1.69,1.65,1.68,1.68,1064405
2015-04-03,1.68,1.71,1.67,1.69,1.69,877307
2015-04-04,1.69,1.7,1.67,1.67,1.67,487242
2015-04-05,1.67,1.69,1.64,1.67,1.67,44050
2015-04-06,1.67,1.69,1.63,1.64,1.64,77296
2015-04-07,1.64,1.68,1.66,1.67,1.67,382974
2015-04-08,1.67,1.68,1.6,1.62,1.62,1289142
2015-04-09,1.62,1.63,1.53,1.58,1.58,1071719
2015-04-10,1.58,1.59,1.5,1.52,1.52,1285942
2015-04-11,1.52,1.54,1.41,1.45,1.45,948952
2015-04-12,1.45,1.49,1.44,1.46,1.46,553627
2015-04-13,1.46,1.49,1.35,1.36,1.36,1098825
2015-04-14,1.36,1.39,1.33,1.38,1.38,1325714
2015-04-15,1.38,1.43,1.32,1.38,1.38,950219
2015-04-16,1.38,1.43,1.36,1.41,1.41,841612
2015-04-17,1.41,1.44,1.39,1.4,1.4,978716
2015-04-18,1.4,1.42,1.38,1.39,1.39,588222
2015-04-19,1.39,1.41,1.38,1.38,1.38,46182
2015-04-20,1.38,1.4,1.37,1.39,1.39,30250
2015-04-21,1.39,1.43,1.39,1.42,1.42,171356
2015-04-22,1.42,1.48,1.42,1.46,1.46,893646
2015-04-23,1.46,1.46,1.43,1.45,1.45,540398
2015-04-24,1.45,1.46,1.41,1.42,1.42,847037
2015-04-25,1.42,1.43,1.32,1.39,1.39,692989
2015-04-26,1.39,1.4,1.29,1.32,1.32,1048985
2015-04-27,1.32,1.4,1.31,1.38,1.38,1147484
2015-04-28,1.38,1.39,1.34,1.36,1.36,730382
2015-04-29,1.36,1.39,1.34,1.36,1.36,987526
2015-04-30,1.36,1.46,1.35,1.43,1.43,1303148
2015-05-01,1.43,1.45,1.4,1.41,1.41,874326
2015-05-02,1.41,1.42,1.39,1.41,1.41,604268
2015-05-03,1.41,1.49,1.39,1.43,1.43,1061588
2015-05-04,1.43,1.44,1.39,1.41,1.41,1112940
2015-05-05,1.41,1.43,1.38,1.4,1.4,925591
2015-05-06,1.4,1.41,1.38,1.39,1.39,701677
2015-05-07,1.39,1.5,1.37,1.46,1.46,1058642
2015-05-08,1.46,1.5,1.44,1.47,1.47,1034792
2015-05-09,1.47,1.49,1.43,1.44,1.44,965586
2015-05-10,1.44,1.45,1.41,1.43,1.43,671751
2015-05-11,1.43,1.45,1.42,1.44,1.44,473180
2015-05-12,1.44,1.45,1.43,1.44,1.44,77093
2015-05-13,1.44,1.52,1.42,1.44,1.44,801237
2015-05-14,1.44,1.45,1.43,1.44,1.44,634822
2015-05-15,1.44,1.45,1.43,1.45,1.45,356367
2015-05-16,1.45,1.46,1.44,1.45,1.45,344086
2015-05-17,1.45,1.46,1.44,1.45,1.45,272862
2015-05-18,1.45,1.46,1.44,1.44,1.44,321418
2015-05-19,1.44,1.46,1.44,1.45,1.45,256274
2015-05-20,1.45,1.45,1.44,1.45,1.45,530181
2015-05-21,1.45,1.48,1.44,1.47,1.47,655880
2015-05-22,1.47,1.94,1.47,1.83,1.83,1535623
2015-05-23,1.83,1.92,1.76,1.78,1.78,981903
2015-05-24,1.78,1.84,1.77,1.81,1.81,638604
2015-05-25,1.81,1.87,1.78,1.8,1.8,159435
2015-05-26,1.8,1.81,1.77,1.81,1.81,692710
2015-05-27,1.81,1.88,1.8,1.84,1.84,732221
2015-05-28,1.84,1.85,1.8,1.83,1.83,579721
2015-05-29,1.83,1.84,1.79,1.82,1.82,612943
2015-05-30,1.82,1.82,1.78,1.8,1.8,640926
2015-05-31,1.8,1.81,1.62,1.63,1.63,955680
2015-06-01,1.63,1.68,1.58,1.61,1.61,1199074
2015-06-02,1.61,1.68,1.59,1.66,1.66,721082
2015-06-03,1.66,1.7,1.64,1.67,1.67,647615
2015-06-04,1.67,1.68,1.65,1.66,1.66,637414
2015-06-05,1.66,1.77,1.65,1.74,1.74,769169
2015-06-06,1.74,1.78,1.74,1.75,1.75,523901
2015-06-07,1.75,1.77,1.71,1.73,1.73,734286
2015-06-08,1.73,1.8,1.72,1.78,1.78,975088
2015-06-09,1.78,1.81,1.77,1.8,1.8,814455
2015-06-10,1.8,1.8,1.73,1.75,1.75,657822
2015-06-11,1.75,1.8,1.75,1.79,1.79,522939
2015-06-12,1.79,1.81,1.78,1.8,1.8,570206
2015-06-13,1.8,1.86,1.78,1.85,1.85,655093
2015-06-14,1.85,2.08,1.84,1.99,1.99,1452454
2015-06-15,1.99,2.03,1.99,2.01,2.01,882169
2015-06-16,2.01,2.88,2.0,2.83,2.83,4220913
2015-06-17,2.83,446.23999000000003,2.61,2.85,2.85,6516671
2015-06-18,2.85,3.14,2.85,3.09,3.09,3342922
2015-06-19,3.09,3.11,2.64,2.81,2.81,3291950
2015-06-20,2.81,3.11,2.7,3.04,3.04,2404196
2015-06-21,3.04,3.06,2.86,3.01,3.01,1150099
2015-06-22,3.01,3.07,2.92,3.02,3.02,1429951
2015-06-23,3.02,3.02,2.94,2.96,2.96,1123194
2015-06-24,2.96,2.97,2.76,2.8,2.8,1665327
2015-06-25,2.8,2.9,2.63,2.84,2.84,1817581
2015-06-26,2.84,2.92,2.79,2.86,2.86,973335
2015-06-27,2.86,3.11,2.83,3.08,3.08,2520814
2015-06-28,3.08,3.13,2.99,3.04,3.04,1708728
2015-06-29,3.04,3.91,3.01,3.76,3.76,6689391
2015-06-30,3.76,4.53,3.68,4.1,4.1,7880636
2015-07-01,4.1,4.14,3.77,3.96,3.96,3566910
2015-07-02,3.96,4.21,3.87,4.07,4.07,1411040
2015-07-03,4.07,4.13,4.01,4.09,4.09,1016970
2015-07-04,4.09,4.14,4.0,4.1,4.1,723873
2015-07-05,4.1,4.95,4.02,4.77,4.77,582003074
2015-07-06,4.77,5.66,4.65,5.32,5.32,2375059775
2015-07-07,5.32,5.51,4.53,5.33,5.33,3438441
2015-07-08,5.33,6.18,5.03,6.09,6.09,4982584
2015-07-09,6.09,7.97,5.82,7.6,7.6,11125005
2015-07-10,7.6,8.66,3.72,4.26,4.26,19929295
2015-07-11,4.26,4.99,3.61,4.28,4.28,4897478
2015-07-12,4.28,5.32,4.19,5.18,5.18,6847862
2015-07-13,5.18,5.24,4.08,4.54,4.54,7065549
2015-07-14,4.54,4.86,4.4,4.54,4.54,2674276
2015-07-15,4.54,4.66,3.93,4.11,4.11,3163062
2015-07-16,4.11,4.17,3.18,3.6,3.6,7395090
2015-07-17,3.6,4.0,3.51,3.74,3.74,1823207
2015-07-18,3.74,4.17,3.66,3.88,3.88,3586085
2015-07-19,3.88,3.97,3.45,3.6,3.6,1629169
2015-07-20,3.6,3.92,3.56,3.87,3.87,1512916
2015-07-21,3.87,3.98,3.68,3.7,3.7,1582566
2015-07-22,3.7,3.81,3.64,3.78,3.78,938570
2015-07-23,3.78,3.82,3.7,3.75,3.75,720457
2015-07-24,3.75,4.77,3.71,4.6,4.6,6762894
2015-07-25,4.6,4.89,4.37,4.59,4.59,4233562
2015-07-26,4.59,4.74,4.37,4.57,4.57,2379194
2015-07-27,4.57,4.68,4.49,4.59,4.59,1943011
2015-07-28,4.59,5.09,4.56,4.98,4.98,4653072
2015-07-29,4.98,5.03,4.62,4.73,4.73,2949620
2015-07-30,4.73,4.76,4.41,4.53,4.53,2644071
2015-07-31,4.53,4.73,4.44,4.56,4.56,1944153
2015-08-01,4.56,4.61,4.05,4.19,4.19,2792374
2015-08-02,4.19,4.2,3.84,4.14,4.14,2845855
2015-08-03,4.14,4.37,4.01,4.19,4.19,2325302
2015-08-04,4.19,4.45,4.1,4.34,4.34,1770507
2015-08-05,4.34,4.39,4.24,4.3,4.3,1080362
2015-08-06,4.3,4.32,3.94,4.01,4.01,1936234
2015-08-07,4.01,4.19,3.91,4.1,4.1,2250357
2015-08-08,4.1,4.18,3.71,3.77,3.77,2584745
2015-08-09,3.77,3.97,3.74,3.87,3.87,1728703
2015-08-10,3.87,3.97,3.83,3.88,3.88,1007557
2015-08-11,3.88,4.11,3.87,4.08,4.08,1549121
2015-08-12,4.08,4.19,3.92,3.98,3.98,1723453
2015-08-13,3.98,4.01,3.79,3.85,3.85,1239809
2015-08-14,3.85,4.08,3.82,3.99,3.99,1502936
2015-08-15,3.99,4.03,3.87,3.9,3.9,929563
2015-08-16,3.9,4.29,3.84,3.95,3.95,1563419
2015-08-17,3.95,4.03,3.91,3.97,3.97,993288
2015-08-18,3.97,3.99,3.79,3.82,3.82,1389559
2015-08-19,3.82,3.81,3.23,3.4,3.4,4217143
2015-08-20,3.4,3.64,3.39,3.57,3.57,1288665
2015-08-21,3.57,3.63,3.47,3.54,3.54,897477
2015-08-22,3.54,3.58,3.39,3.48,3.48,857886
2015-08-23,3.48,3.52,3.27,3.35,3.35,867793
2015-08-24,3.35,3.37,2.86,2.92,2.92,4453064
2015-08-25,2.92,3.05,2.49,2.93,2.93,6148515
2015-08-26,2.93,3.04,2.81,2.92,2.92,2236392
2015-08-27,2.92,2.97,2.78,2.8,2.8,890885
2015-08-28,2.8,2.94,2.63,2.86,2.86,1825482
2015-08-29,2.86,2.92,2.79,2.85,2.85,611562
2015-08-30,2.85,2.87,2.71,2.79,2.79,478216
2015-08-31,2.79,2.86,2.74,2.82,2.82,616639
2015-09-01,2.82,2.86,2.77,2.79,2.79,477902
2015-09-02,2.79,2.85,2.66,2.78,2.78,1186377
2015-09-03,2.78,2.78,2.52,2.59,2.59,1218169
2015-09-04,2.59,2.73,2.6,2.67,2.67,635465
2015-09-05,2.67,2.89,2.6,2.86,2.86,1081591
2015-09-06,2.86,3.08,2.87,3.05,3.05,1925345
2015-09-07,3.05,3.1,2.94,3.05,3.05,909341
2015-09-08,3.05,3.15,2.97,3.03,3.03,1291849
2015-09-09,3.03,3.05,2.86,2.89,2.89,1215475
2015-09-10,2.89,2.97,2.86,2.93,2.93,567574
2015-09-11,2.93,2.97,2.9,2.94,2.94,415116
2015-09-12,2.94,2.96,2.79,2.82,2.82,673042
2015-09-13,2.82,2.85,2.75,2.8,2.8,505264
2015-09-14,2.8,2.87,2.77,2.83,2.83,367168
2015-09-15,2.83,2.85,2.78,2.8,2.8,230285
2015-09-16,2.8,2.83,2.72,2.78,2.78,388643
2015-09-17,2.78,2.94,2.75,2.9,2.9,733925
2015-09-18,2.9,3.02,2.89,2.93,2.93,581442
2015-09-19,2.93,2.95,2.83,2.86,2.86,352716
2015-09-20,2.86,2.87,2.79,2.84,2.84,235886
2015-09-21,2.84,2.84,2.76,2.78,2.78,347842
2015-09-22,2.78,2.9,2.76,2.82,2.82,524779
2015-09-23,2.82,2.9,2.82,2.85,2.85,220065
2015-09-24,2.85,2.93,2.83,2.9,2.9,425911
2015-09-25,2.9,2.94,2.84,2.87,2.87,277774
2015-09-26,2.87,2.89,2.81,2.87,2.87,165735
2015-09-27,2.87,2.89,2.84,2.86,2.86,124336
2015-09-28,2.86,3.03,2.84,3.03,3.03,871561
2015-09-29,3.03,3.16,2.96,2.99,2.99,999601
2015-09-30,2.99,3.06,2.92,2.98,2.98,481847
2015-10-01,2.98,3.02,2.92,2.98,2.98,469208
2015-10-02,2.98,3.0,2.94,2.96,2.96,261755
2015-10-03,2.96,3.04,2.95,3.01,3.01,267337
2015-10-04,3.01,3.05,2.97,2.98,2.98,162373
2015-10-05,2.98,3.02,2.94,2.99,2.99,408252
2015-10-06,2.99,3.12,2.98,3.11,3.11,700985
2015-10-07,3.11,3.14,3.01,3.03,3.03,689592
2015-10-08,3.03,3.07,3.0,3.04,3.04,312896
2015-10-09,3.04,3.1,3.03,3.09,3.09,253035
2015-10-10,3.09,3.12,3.05,3.09,3.09,280598
2015-10-11,3.09,3.13,3.05,3.13,3.13,370821
2015-10-12,3.13,3.16,3.09,3.11,3.11,381502
2015-10-13,3.11,3.17,3.07,3.14,3.14,590998
2015-10-14,3.14,3.17,3.06,3.11,3.11,567059
2015-10-15,3.11,3.13,3.06,3.08,3.08,408305
2015-10-16,3.08,3.15,3.06,3.1,3.1,478177
2015-10-17,3.1,3.14,2.98,3.05,3.05,1110099
2015-10-18,3.05,3.08,2.96,3.0,3.0,317328
2015-10-19,3.0,3.05,2.94,3.03,3.03,390618
2015-10-20,3.03,3.09,3.02,3.06,3.06,328956
2015-10-21,3.06,3.11,3.04,3.06,3.06,239476
2015-10-22,3.06,3.13,3.04,3.1,3.1,514725
2015-10-23,3.1,3.11,3.06,3.08,3.08,286603
2015-10-24,3.08,3.11,3.06,3.09,3.09,267593
2015-10-25,3.09,3.15,3.04,3.07,3.07,595023
2015-10-26,3.07,3.11,2.98,3.08,3.08,337780
2015-10-27,3.08,3.12,3.06,3.08,3.08,318140
2015-10-28,3.08,3.13,3.06,3.07,3.07,331941
2015-10-29,3.07,3.88,2.99,3.81,3.81,4902150
2015-10-30,3.81,4.0,3.58,3.84,3.84,3617991
2015-10-31,3.84,3.84,3.47,3.55,3.55,1450428
2015-11-01,3.55,3.75,3.54,3.67,3.67,771220
2015-11-02,3.67,4.05,3.67,3.97,3.97,2424708
2015-11-03,3.97,4.63,3.83,4.28,4.28,8610727
2015-11-04,4.28,4.94,3.78,3.99,3.99,10121433
2015-11-05,3.99,4.27,3.56,3.76,3.76,4492513
2015-11-06,3.76,3.82,3.29,3.42,3.42,3322494
2015-11-07,3.42,3.6,3.41,3.48,3.48,709780
2015-11-08,3.48,3.55,3.27,3.34,3.34,785405
2015-11-09,3.34,3.41,3.13,3.33,3.33,1526759
2015-11-10,3.33,3.39,2.99,3.11,3.11,2262045
2015-11-11,3.11,3.13,2.85,2.92,2.92,1425302
2015-11-12,2.92,3.27,2.85,3.24,3.24,1510884
2015-11-13,3.24,3.33,3.12,3.21,3.21,517658
2015-11-14,3.21,3.25,3.15,3.17,3.17,308337
2015-11-15,3.17,3.21,3.0,3.04,3.04,715616
2015-11-16,3.04,3.18,3.01,3.17,3.17,477295
2015-11-17,3.17,3.23,3.13,3.18,3.18,481575
2015-11-18,3.18,3.2,3.13,3.17,3.17,341257
2015-11-19,3.17,3.2,3.08,3.11,3.11,438235
2015-11-20,3.11,3.13,3.02,3.1,3.1,628483
2015-11-21,3.1,3.16,3.09,3.13,3.13,247650
2015-11-22,3.13,3.15,3.08,3.11,3.11,246164
2015-11-23,3.11,3.15,3.07,3.11,3.11,162855
2015-11-24,3.11,3.12,3.06,3.1,3.1,265904
2015-11-25,3.1,3.37,3.05,3.3,3.3,1205585
2015-11-26,3.3,3.74,3.3,3.54,3.54,3174296
2015-11-27,3.54,3.61,3.46,3.55,3.55,907307
2015-11-28,3.55,3.58,3.43,3.49,3.49,453909
2015-11-29,3.49,3.68,3.43,3.64,3.64,945001
2015-11-30,3.64,3.75,3.52,3.6,3.6,1156787
2015-12-01,3.6,3.61,3.35,3.41,3.41,1190156
2015-12-02,3.41,3.43,3.27,3.34,3.34,796953
2015-12-03,3.34,3.42,3.29,3.35,3.35,610778
2015-12-04,3.35,3.38,3.3,3.33,3.33,310106
2015-12-05,3.33,3.53,3.33,3.48,3.48,984293
2015-12-06,3.48,3.58,3.38,3.44,3.44,1462477
2015-12-07,3.44,3.64,3.37,3.56,3.56,1499939
2015-12-08,3.56,3.64,3.48,3.63,3.63,622549
2015-12-09,3.63,3.71,3.53,3.62,3.62,2013330
2015-12-10,3.62,3.66,3.54,3.63,3.63,711180
2015-12-11,3.63,3.81,3.6,3.76,3.76,2114777
2015-12-12,3.76,3.91,3.44,3.54,3.54,2488966
2015-12-13,3.54,3.58,3.46,3.54,3.54,247176
2015-12-14,3.54,3.59,3.5,3.55,3.55,344302
2015-12-15,3.55,3.79,3.55,3.76,3.76,1381836
2015-12-16,3.76,3.79,3.55,3.63,3.63,1125346
2015-12-17,3.63,3.73,3.6,3.71,3.71,649234
2015-12-18,3.71,3.78,3.67,3.73,3.73,508845
2015-12-19,3.73,3.77,3.63,3.7,3.7,339087
2015-12-20,3.7,3.7,3.43,3.51,3.51,971737
2015-12-21,3.51,3.52,3.38,3.41,3.41,704823
2015-12-22,3.41,3.45,3.37,3.39,3.39,262880
2015-12-23,3.39,3.58,3.39,3.55,3.55,643111
2015-12-24,3.55,3.66,3.55,3.61,3.61,630958
2015-12-25,3.61,3.65,3.54,3.59,3.59,329124
2015-12-26,3.59,3.6,3.33,3.4,3.4,1505410
2015-12-27,3.4,3.51,3.36,3.48,3.48,572216
2015-12-28,3.48,3.53,3.44,3.46,3.46,332179
2015-12-29,3.46,3.53,3.42,3.5,3.5,595670
2015-12-30,3.5,3.52,3.42,3.46,3.46,332259
2015-12-31,3.46,3.49,3.39,3.47,3.47,327371
2016-01-01,3.47,3.52,3.44,3.49,3.49,234474
2016-01-02,3.49,3.51,3.43,3.49,3.49,183232
2016-01-03,3.49,3.49,3.42,3.47,3.47,307436
2016-01-04,3.47,3.5,3.45,3.49,3.49,269308
2016-01-05,3.49,3.49,3.44,3.46,3.46,209387
2016-01-06,3.46,3.47,3.43,3.45,3.45,169065
2016-01-07,3.45,3.59,3.44,3.59,3.59,917686
2016-01-08,3.59,3.61,3.51,3.56,3.56,542810
2016-01-09,3.56,3.57,3.52,3.54,3.54,341388
2016-01-10,3.54,3.56,3.46,3.53,3.53,392514
2016-01-11,3.53,3.63,3.51,3.55,3.55,584237
2016-01-12,3.55,3.57,3.5,3.52,3.52,244206
2016-01-13,3.52,3.55,3.43,3.48,3.48,800956
2016-01-14,3.48,3.49,3.44,3.45,3.45,215301
2016-01-15,3.45,3.47,3.1,3.14,3.14,1852465
2016-01-16,3.14,3.15,2.89,3.06,3.06,1711579
2016-01-17,3.06,3.13,3.01,3.02,3.02,499580
2016-01-18,3.02,3.06,2.95,3.04,3.04,678148
2016-01-19,3.04,3.05,2.97,3.02,3.02,343880
2016-01-20,3.02,3.44,2.96,3.36,3.36,1549233
2016-01-21,3.36,3.41,3.13,3.22,3.22,902528
2016-01-22,3.22,3.24,3.04,3.08,3.08,789895
2016-01-23,3.08,3.17,3.06,3.11,3.11,407628
2016-01-24,3.11,3.22,3.07,3.17,3.17,329817
2016-01-25,3.17,3.18,3.09,3.12,3.12,345043
2016-01-26,3.12,3.18,3.09,3.13,3.13,214504
2016-01-27,3.13,3.32,3.12,3.28,3.28,689955
2016-01-28,3.28,3.29,3.07,3.08,3.08,455758
2016-01-29,3.08,3.13,3.02,3.1,3.1,468161
2016-01-30,3.1,3.11,3.04,3.06,3.06,161823
2016-01-31,3.06,3.11,3.04,3.06,3.06,150133
2016-02-01,3.06,3.11,3.02,3.07,3.07,249117
2016-02-02,3.07,3.1,3.05,3.07,3.07,161779
2016-02-03,3.07,3.1,3.0,3.04,3.04,237226
2016-02-04,3.04,3.19,3.03,3.14,3.14,455976
2016-02-05,3.14,3.16,3.07,3.13,3.13,177114
2016-02-06,3.13,3.17,3.06,3.09,3.09,375727
2016-02-07,3.09,3.13,3.06,3.09,3.09,179472
2016-02-08,3.09,3.11,3.05,3.06,3.06,187126
2016-02-09,3.06,3.09,3.04,3.08,3.08,173971
2016-02-10,3.08,3.13,3.05,3.1,3.1,247212
2016-02-11,3.1,3.11,3.02,3.04,3.04,201884
2016-02-12,3.04,3.12,3.05,3.09,3.09,131886
2016-02-13,3.09,3.14,3.09,3.12,3.12,228949
2016-02-14,3.12,3.2,3.11,3.19,3.19,306615
2016-02-15,3.19,3.22,3.13,3.14,3.14,284556
2016-02-16,3.14,3.23,3.09,3.18,3.18,248410
2016-02-17,3.18,3.26,3.01,3.23,3.23,484331
2016-02-18,3.23,3.27,3.18,3.23,3.23,314637
2016-02-19,3.23,3.27,3.19,3.23,3.23,270050
2016-02-20,3.23,3.6,3.21,3.42,3.42,1006708
2016-02-21,3.42,3.54,3.29,3.41,3.41,852991
2016-02-22,3.41,3.5,3.37,3.45,3.45,397042
2016-02-23,3.45,3.51,3.31,3.38,3.38,485781
2016-02-24,3.38,3.41,3.29,3.35,3.35,284141
2016-02-25,3.35,3.4,3.3,3.35,3.35,196742
2016-02-26,3.35,3.39,3.27,3.38,3.38,292657
2016-02-27,3.38,3.42,3.34,3.38,3.38,238869
2016-02-28,3.38,3.47,3.32,3.4,3.4,306215
2016-02-29,3.4,3.48,3.38,3.4,3.4,387755
2016-03-01,3.4,3.45,3.36,3.41,3.41,274773
2016-03-02,3.41,3.42,3.33,3.36,3.36,247684
2016-03-03,3.36,3.38,3.28,3.31,3.31,457912
2016-03-04,3.31,3.34,3.2,3.23,3.23,389892
2016-03-05,3.23,3.25,3.1,3.18,3.18,491855
2016-03-06,3.18,3.25,3.13,3.2,3.2,278927
2016-03-07,3.2,3.26,3.16,3.24,3.24,272929
2016-03-08,3.24,3.25,3.18,3.22,3.22,233651
2016-03-09,3.22,3.34,3.19,3.25,3.25,387204
2016-03-10,3.25,3.29,3.22,3.27,3.27,186866
2016-03-11,3.27,3.38,3.26,3.35,3.35,402611
2016-03-12,3.35,3.37,3.24,3.28,3.28,197732
2016-03-13,3.28,3.32,3.25,3.28,3.28,136688
2016-03-14,3.28,3.32,3.26,3.29,3.29,174412
2016-03-15,3.29,3.31,3.22,3.29,3.29,176778
2016-03-16,3.29,3.32,3.26,3.29,3.29,123799
2016-03-17,3.29,3.32,3.26,3.28,3.28,205502
2016-03-18,3.28,3.29,3.13,3.16,3.16,610599
2016-03-19,3.16,3.21,3.13,3.17,3.17,191909
2016-03-20,3.17,3.21,3.15,3.19,3.19,147216
2016-03-21,3.19,3.22,3.15,3.19,3.19,117577
2016-03-22,3.19,3.24,3.18,3.22,3.22,164759
2016-03-23,3.22,3.26,3.18,3.22,3.22,220379
2016-03-24,3.22,3.25,3.16,3.18,3.18,172923
2016-03-25,3.18,3.23,3.17,3.21,3.21,202928
2016-03-26,3.21,3.24,3.19,3.21,3.21,112658
2016-03-27,3.21,3.34,3.18,3.28,3.28,427858
2016-03-28,3.28,3.28,3.23,3.25,3.25,259782
2016-03-29,3.25,3.28,3.14,3.22,3.22,278472
2016-03-30,3.22,3.23,3.17,3.21,3.21,183014
2016-03-31,3.21,3.25,3.2,3.23,3.23,253991
2016-04-01,3.23,3.25,3.19,3.22,3.22,201892
2016-04-02,3.22,3.27,3.2,3.24,3.24,149872
2016-04-03,3.24,3.25,3.21,3.25,3.25,145764
2016-04-04,3.25,3.26,3.21,3.23,3.23,111402
2016-04-05,3.23,3.26,3.22,3.25,3.25,119066
2016-04-06,3.25,3.27,3.22,3.24,3.24,116974
2016-04-07,3.24,3.25,3.2,3.22,3.22,118243
2016-04-08,3.22,3.26,3.18,3.21,3.21,177175
2016-04-09,3.21,3.23,3.16,3.21,3.21,107898
2016-04-10,3.21,3.26,3.18,3.21,3.21,340612
2016-04-11,3.21,3.24,3.2,3.22,3.22,101222
2016-04-12,3.22,3.28,3.21,3.25,3.25,179426
2016-04-13,3.25,3.28,3.22,3.24,3.24,95867
2016-04-14,3.24,3.25,3.22,3.24,3.24,95192
2016-04-15,3.24,3.31,3.22,3.27,3.27,174331
2016-04-16,3.27,3.32,3.25,3.27,3.27,111016
2016-04-17,3.27,3.29,3.23,3.25,3.25,104888
2016-04-18,3.25,3.26,3.22,3.24,3.24,162318
2016-04-19,3.24,3.29,3.23,3.27,3.27,139722
2016-04-20,3.27,3.31,3.24,3.27,3.27,277262
2016-04-21,3.27,3.34,3.26,3.33,3.33,316214
2016-04-22,3.33,3.36,3.28,3.3,3.3,256553
2016-04-23,3.3,3.37,3.29,3.34,3.34,180145
2016-04-24,3.34,3.59,3.29,3.57,3.57,865213
2016-04-25,3.57,3.84,3.47,3.77,3.77,1334704
2016-04-26,3.77,4.11,3.7,4.0,4.0,1801560
2016-04-27,4.0,4.21,3.69,3.96,3.96,2796592
2016-04-28,3.96,3.97,3.67,3.77,3.77,1158856
2016-04-29,3.77,3.89,3.69,3.78,3.78,524533
2016-04-30,3.78,3.83,3.64,3.65,3.65,594354
2016-05-01,3.65,3.73,3.63,3.7,3.7,255506
2016-05-02,3.7,3.78,3.61,3.67,3.67,557508
2016-05-03,3.67,3.77,3.63,3.73,3.73,589715
2016-05-04,3.73,3.78,3.7,3.73,3.73,186994
2016-05-05,3.73,3.76,3.68,3.7,3.7,228090
2016-05-06,3.7,3.8,3.69,3.78,3.78,259322
2016-05-07,3.78,4.02,3.75,3.93,3.93,767444
2016-05-08,3.93,3.96,3.86,3.91,3.91,253868
2016-05-09,3.91,4.07,3.87,4.03,4.03,732815
2016-05-10,4.03,4.13,3.77,3.78,3.78,835318
2016-05-11,3.78,3.93,3.78,3.86,3.86,599815
2016-05-12,3.86,3.93,3.75,3.84,3.84,402792
2016-05-13,3.84,3.95,3.81,3.91,3.91,589009
2016-05-14,3.91,4.09,3.9,4.01,4.01,559996
2016-05-15,4.01,4.12,3.95,4.05,4.05,422330
2016-05-16,4.05,4.18,3.94,4.0,4.0,858723
2016-05-17,4.0,4.1,3.93,4.0,4.0,514566
2016-05-18,4.0,4.08,3.95,4.0,4.0,479138
2016-05-19,4.0,4.08,3.83,3.88,3.88,974338
2016-05-20,3.88,3.96,3.78,3.87,3.87,1367386
2016-05-21,3.87,4.0,3.86,3.95,3.95,473574
2016-05-22,3.95,3.99,3.89,3.94,3.94,337948
2016-05-23,3.94,3.99,3.88,3.97,3.97,323810
2016-05-24,3.97,4.01,3.92,3.94,3.94,240517
2016-05-25,3.94,4.08,3.93,4.04,4.04,667691
2016-05-26,4.04,4.11,3.99,4.08,4.08,800531
2016-05-27,4.08,4.62,4.07,4.48,4.48,2833527
2016-05-28,4.48,4.7,4.3,4.41,4.41,2492574
2016-05-29,4.41,4.79,4.28,4.41,4.41,1893437
2016-05-30,4.41,4.6,4.33,4.54,4.54,666624
2016-05-31,4.54,4.67,4.43,4.56,4.56,1230665
2016-06-01,4.56,4.88,4.51,4.67,4.67,1057031
2016-06-02,4.67,4.73,4.63,4.67,4.67,393730
2016-06-03,4.67,4.83,4.65,4.8,4.8,912175
2016-06-04,4.8,4.87,4.69,4.75,4.75,1019619
2016-06-05,4.75,4.83,4.7,4.79,4.79,471877
2016-06-06,4.79,5.12,4.72,4.92,4.92,1026522
2016-06-07,4.92,4.97,4.66,4.74,4.74,1003668
2016-06-08,4.74,4.78,4.64,4.74,4.74,501221
2016-06-09,4.74,4.76,4.63,4.71,4.71,481322
2016-06-10,4.71,4.86,4.67,4.82,4.82,571981
2016-06-11,4.82,4.95,4.81,4.91,4.91,357554
2016-06-12,4.91,5.35,4.88,5.11,5.11,2595722
2016-06-13,5.11,5.57,4.96,5.21,5.21,2881011
2016-06-14,5.21,5.26,4.87,5.15,5.15,2793220
2016-06-15,5.15,5.22,5.08,5.17,5.17,1318793
2016-06-16,5.17,5.52,5.11,5.49,5.49,3155470
2016-06-17,5.49,5.8,5.02,5.44,5.44,3218040
2016-06-18,5.44,11.71,5.32,5.47,5.47,1749530
2016-06-19,5.47,5.55,5.39,5.48,5.48,547624
2016-06-20,5.48,5.5,5.11,5.22,5.22,1281505
2016-06-21,5.22,5.16,4.41,4.74,4.74,2426647
2016-06-22,4.74,4.86,3.73,3.77,3.77,3127340
2016-06-23,3.77,3.86,3.31,3.78,3.78,2715023
2016-06-24,3.78,4.34,3.74,4.15,4.15,2160937
2016-06-25,4.15,4.36,3.86,4.17,4.17,1110973
2016-06-26,4.17,4.19,3.89,4.0,4.0,764597
2016-06-27,4.0,4.15,3.96,4.07,4.07,460711
2016-06-28,4.07,4.15,4.01,4.06,4.06,560502
2016-06-29,4.06,4.09,3.99,4.03,4.03,312269
2016-06-30,4.03,4.23,3.88,4.16,4.16,651164
2016-07-01,4.16,4.32,4.13,4.23,4.23,795647
2016-07-02,4.23,4.63,4.19,4.56,4.56,889881
2016-07-03,4.56,4.58,4.14,4.29,4.29,1028654
2016-07-04,4.29,4.49,4.16,4.46,4.46,717735
2016-07-05,4.46,4.5,4.24,4.36,4.36,552987
2016-07-06,4.36,4.48,4.38,4.43,4.43,235769
2016-07-07,4.43,4.45,3.84,4.07,4.07,1734843
2016-07-08,4.07,4.21,3.98,4.18,4.18,624521
2016-07-09,4.18,4.2,3.9,4.12,4.12,782078
2016-07-10,4.12,4.13,4.02,4.09,4.09,188164
2016-07-11,4.09,4.2,4.0,4.07,4.07,372045
2016-07-12,4.07,4.19,4.04,4.16,4.16,455320
2016-07-13,4.16,4.18,4.11,4.14,4.14,229367
2016-07-14,4.14,4.3,4.1,4.13,4.13,227912
2016-07-15,4.13,4.16,4.11,4.13,4.13,200897
2016-07-16,4.13,4.14,4.08,4.11,4.11,177258
2016-07-17,4.11,4.23,4.08,4.14,4.14,307352
2016-07-18,4.14,4.18,4.1,4.13,4.13,235820
2016-07-19,4.13,4.16,4.1,4.14,4.14,176899
2016-07-20,4.14,4.14,4.08,4.11,4.11,341003
2016-07-21,4.11,4.13,4.08,4.12,4.12,209042
2016-07-22,4.12,4.12,3.95,4.02,4.02,495777
2016-07-23,4.02,4.05,3.98,4.04,4.04,150092
2016-07-24,4.04,4.07,4.0,4.05,4.05,314841
2016-07-25,4.05,4.06,4.01,4.03,4.03,196205
2016-07-26,4.03,4.04,3.88,3.95,3.95,482532
2016-07-27,3.95,4.0,3.9,3.96,3.96,204370
2016-07-28,3.96,3.98,3.93,3.96,3.96,182529
2016-07-29,3.96,4.11,3.93,4.05,4.05,218498
2016-07-30,4.05,4.12,4.05,4.07,4.07,214396
2016-07-31,4.07,4.07,3.94,3.94,3.94,404473
2016-08-01,3.94,3.95,3.86,3.88,3.88,430772
2016-08-02,3.88,3.88,3.25,3.5,3.5,1039767
2016-08-03,3.5,3.75,3.49,3.7,3.7,405037
2016-08-04,3.7,3.76,3.66,3.72,3.72,204086
2016-08-05,3.72,3.72,3.64,3.7,3.7,145391
2016-08-06,3.7,3.78,3.68,3.76,3.76,205068
2016-08-07,3.76,3.8,3.7,3.76,3.76,197479
2016-08-08,3.76,3.81,3.74,3.78,3.78,164160
2016-08-09,3.78,3.78,3.72,3.74,3.74,193166
2016-08-10,3.74,3.8,3.71,3.75,3.75,439688
2016-08-11,3.75,3.78,3.72,3.75,3.75,422731
2016-08-12,3.75,3.75,3.68,3.71,3.71,388961
2016-08-13,3.71,3.76,3.68,3.71,3.71,484446
2016-08-14,3.71,3.72,3.58,3.62,3.62,317684
2016-08-15,3.62,3.67,3.54,3.58,3.58,465920
2016-08-16,3.58,3.65,3.55,3.63,3.63,297997
2016-08-17,3.63,3.67,3.57,3.59,3.59,268121
2016-08-18,3.59,3.63,3.58,3.6,3.6,185001
2016-08-19,3.6,3.62,3.57,3.6,3.6,120222
2016-08-20,3.6,3.63,3.58,3.61,3.61,118537
2016-08-21,3.61,3.63,3.59,3.61,3.61,133942
2016-08-22,3.61,3.68,3.57,3.66,3.66,373663
2016-08-23,3.66,4.01,3.64,3.94,3.94,1649768
2016-08-24,3.94,3.96,3.79,3.84,3.84,578504
2016-08-25,3.84,3.89,3.75,3.79,3.79,421763
2016-08-26,3.79,3.85,3.77,3.81,3.81,341316
2016-08-27,3.81,3.82,3.69,3.74,3.74,235694
2016-08-28,3.74,3.77,3.71,3.73,3.73,196733
2016-08-29,3.73,3.8,3.7,3.77,3.77,260056
2016-08-30,3.77,3.84,3.75,3.8,3.8,264332
2016-08-31,3.8,3.82,3.76,3.79,3.79,169849
2016-09-01,3.79,3.87,3.75,3.82,3.82,237520
2016-09-02,3.82,3.86,3.79,3.81,3.81,254663
2016-09-03,3.81,3.93,3.8,3.9,3.9,252067
2016-09-04,3.9,4.04,3.87,4.01,4.01,370844
2016-09-05,4.01,4.01,3.93,3.96,3.96,212360
2016-09-06,3.96,3.98,3.91,3.95,3.95,170809
2016-09-07,3.95,3.97,3.89,3.95,3.95,176398
2016-09-08,3.95,4.03,3.93,3.97,3.97,274015
2016-09-09,3.97,3.99,3.92,3.96,3.96,201773
2016-09-10,3.96,3.99,3.93,3.96,3.96,124659
2016-09-11,3.96,3.98,3.8,3.85,3.85,325761
2016-09-12,3.85,3.86,3.73,3.81,3.81,260671
2016-09-13,3.81,3.84,3.76,3.81,3.81,137683
2016-09-14,3.81,3.85,3.79,3.82,3.82,139177
2016-09-15,3.82,3.84,3.78,3.8,3.8,122846
2016-09-16,3.8,3.83,3.79,3.82,3.82,170843
2016-09-17,3.82,3.83,3.78,3.8,3.8,127441
2016-09-18,3.8,3.83,3.79,3.83,3.83,168340
2016-09-19,3.83,3.85,3.8,3.82,3.82,194300
2016-09-20,3.82,3.84,3.8,3.83,3.83,137386
2016-09-21,3.83,3.94,3.73,3.77,3.77,328871
2016-09-22,3.77,3.89,3.74,3.76,3.76,118805
2016-09-23,3.76,3.84,3.74,3.81,3.81,189847
2016-09-24,3.81,3.86,3.79,3.8,3.8,166666
2016-09-25,3.8,3.82,3.77,3.8,3.8,128338
2016-09-26,3.8,3.88,3.78,3.85,3.85,246887
2016-09-27,3.85,3.88,3.82,3.84,3.84,127270
2016-09-28,3.84,3.86,3.82,3.83,3.83,102532
2016-09-29,3.83,3.85,3.82,3.84,3.84,111407
2016-09-30,3.84,3.85,3.79,3.83,3.83,172094
2016-10-01,3.83,3.85,3.8,3.83,3.83,207174
2016-10-02,3.83,3.85,3.81,3.84,3.84,87043
2016-10-03,3.84,3.85,3.81,3.83,3.83,109650
2016-10-04,3.83,3.85,3.81,3.83,3.83,107768
2016-10-05,3.83,3.86,3.81,3.84,3.84,107484
2016-10-06,3.84,3.84,3.81,3.82,3.82,111507
2016-10-07,3.82,3.85,3.81,3.84,3.84,176368
2016-10-08,3.84,3.85,3.8,3.82,3.82,120645
2016-10-09,3.82,3.83,3.76,3.81,3.81,92226
2016-10-10,3.81,3.85,3.72,3.77,3.77,216256
2016-10-11,3.77,3.85,3.77,3.81,3.81,296493
2016-10-12,3.81,3.82,3.77,3.8,3.8,146642
2016-10-13,3.8,3.96,3.79,3.88,3.88,256738
2016-10-14,3.88,3.91,3.84,3.87,3.87,170050
2016-10-15,3.87,3.9,3.84,3.86,3.86,80224
2016-10-16,3.86,3.89,3.85,3.86,3.86,96832
2016-10-17,3.86,3.88,3.82,3.84,3.84,146097
2016-10-18,3.84,3.87,3.8,3.82,3.82,166429
2016-10-19,3.82,3.84,3.74,3.79,3.79,188456
2016-10-20,3.79,3.8,3.71,3.77,3.77,152561
2016-10-21,3.77,3.83,3.75,3.8,3.8,204291
2016-10-22,3.8,3.91,3.79,3.85,3.85,478672
2016-10-23,3.85,3.92,3.84,3.88,3.88,288579
2016-10-24,3.88,3.91,3.83,3.84,3.84,405128
2016-10-25,3.84,3.9,3.84,3.85,3.85,206571
2016-10-26,3.85,3.99,3.86,3.92,3.92,609978
2016-10-27,3.92,4.05,3.92,3.98,3.98,362303
2016-10-28,3.98,4.0,3.91,3.95,3.95,252281
2016-10-29,3.95,4.1,3.93,4.05,4.05,429124
2016-10-30,4.05,4.05,3.95,3.96,3.96,374082
2016-10-31,3.96,4.02,3.94,3.96,3.96,184781
2016-11-01,3.96,4.15,3.92,4.06,4.06,498357
2016-11-02,4.06,4.12,4.01,4.08,4.08,273378
2016-11-03,4.08,4.17,3.73,3.83,3.83,707021
2016-11-04,3.83,3.89,3.78,3.86,3.86,317922
2016-11-05,3.86,3.88,3.82,3.86,3.86,135156
2016-11-06,3.86,3.9,3.8,3.87,3.87,187205
2016-11-07,3.87,3.88,3.58,3.84,3.84,213277
2016-11-08,3.84,3.86,3.8,3.82,3.82,163855
2016-11-09,3.82,3.93,3.63,3.85,3.85,466008
2016-11-10,3.85,3.85,3.76,3.8,3.8,207089
2016-11-11,3.8,3.83,3.78,3.8,3.8,106056
2016-11-12,3.8,3.81,3.71,3.75,3.75,257265
2016-11-13,3.75,3.94,3.63,3.85,3.85,392837
2016-11-14,3.85,3.9,3.83,3.86,3.86,165640
2016-11-15,3.86,3.96,3.83,3.87,3.87,318443
2016-11-16,3.87,4.02,3.85,3.89,3.89,389962
2016-11-17,3.89,3.99,3.85,3.88,3.88,324501
2016-11-18,3.88,3.98,3.87,3.93,3.93,231253
2016-11-19,3.93,3.95,3.87,3.92,3.92,208135
2016-11-20,3.92,3.95,3.83,3.88,3.88,273815
2016-11-21,3.88,3.93,3.86,3.92,3.92,208297
2016-11-22,3.92,3.96,3.86,3.91,3.91,248055
2016-11-23,3.91,3.96,3.85,3.9,3.9,209524
2016-11-24,3.9,3.92,3.83,3.86,3.86,196514
2016-11-25,3.86,3.89,3.84,3.88,3.88,138529
2016-11-26,3.88,3.89,3.82,3.85,3.85,102925
2016-11-27,3.85,3.89,3.83,3.86,3.86,111797
2016-11-28,3.86,3.89,3.85,3.87,3.87,157410
2016-11-29,3.87,3.9,3.82,3.84,3.84,344442
2016-11-30,3.84,3.9,3.82,3.87,3.87,198508
2016-12-01,3.87,3.9,3.85,3.89,3.89,231755
2016-12-02,3.89,3.94,3.87,3.9,3.9,375142
2016-12-03,3.9,3.92,3.84,3.89,3.89,216200
2016-12-04,3.89,3.92,3.87,3.89,3.89,169545
2016-12-05,3.89,3.9,3.28,3.49,3.49,1947847
2016-12-06,3.49,3.53,3.42,3.5,3.5,312872
2016-12-07,3.5,3.64,3.46,3.63,3.63,223784
2016-12-08,3.63,3.71,3.6,3.67,3.67,209077
2016-12-09,3.67,3.69,3.64,3.67,3.67,142859
2016-12-10,3.67,3.69,3.65,3.67,3.67,117779
2016-12-11,3.67,3.67,3.59,3.63,3.63,137904
2016-12-12,3.63,3.68,3.61,3.65,3.65,196251
2016-12-13,3.65,3.68,3.58,3.63,3.63,137976
2016-12-14,3.63,3.65,3.56,3.61,3.61,136325
2016-12-15,3.61,3.66,3.57,3.63,3.63,150793
2016-12-16,3.63,3.66,3.56,3.62,3.62,120004
2016-12-17,3.62,3.68,3.58,3.67,3.67,218200
2016-12-18,3.67,3.7,3.64,3.66,3.66,116105
2016-12-19,3.66,3.71,3.61,3.64,3.64,110688
2016-12-20,3.64,3.65,3.61,3.64,3.64,127716
2016-12-21,3.64,3.79,3.61,3.63,3.63,353241
2016-12-22,3.63,3.75,3.58,3.67,3.67,388063
2016-12-23,3.67,4.45,3.63,4.41,4.41,1864968
2016-12-24,4.41,4.68,4.25,4.38,4.38,1325476
2016-12-25,4.38,4.43,4.03,4.22,4.22,824522
2016-12-26,4.22,4.33,4.08,4.2,4.2,481223
2016-12-27,4.2,4.44,4.16,4.3,4.3,601397
2016-12-28,4.3,4.54,4.28,4.42,4.42,922988
2016-12-29,4.42,4.54,4.33,4.47,4.47,795682
2016-12-30,4.47,4.5,4.14,4.35,4.35,1711452
2016-12-31,4.35,4.42,4.22,4.32,4.32,532524
2017-01-01,4.32,4.5,4.26,4.42,4.42,621447
2017-01-02,4.42,4.69,4.37,4.54,4.54,1197397
2017-01-03,4.54,4.63,4.42,4.51,4.51,494437
2017-01-04,4.51,4.73,4.36,4.42,4.42,1866468
2017-01-05,4.42,4.63,3.95,4.16,4.16,2312058
2017-01-06,4.16,4.29,3.61,3.76,3.76,1628401
2017-01-07,3.76,3.93,3.48,3.82,3.82,790065
2017-01-08,3.82,3.96,3.8,3.91,3.91,496653
2017-01-09,3.91,4.32,3.78,4.25,4.25,867517
2017-01-10,4.25,4.58,4.15,4.47,4.47,1178608
2017-01-11,4.47,4.57,3.69,3.84,3.84,2266585
2017-01-12,3.84,4.05,3.68,3.94,3.94,910975
2017-01-13,3.94,4.02,3.76,3.86,3.86,562336
2017-01-14,3.86,4.0,3.8,3.89,3.89,348900
2017-01-15,3.89,3.9,3.79,3.85,3.85,210515
2017-01-16,3.85,3.88,3.79,3.82,3.82,271061
2017-01-17,3.82,3.94,3.79,3.89,3.89,692992
2017-01-18,3.89,3.92,3.7,3.8,3.8,576939
2017-01-19,3.8,3.91,3.75,3.82,3.82,485428
2017-01-20,3.82,3.92,3.78,3.84,3.84,460705
2017-01-21,3.84,3.9,3.84,3.85,3.85,201134
2017-01-22,3.85,3.88,3.77,3.81,3.81,282998
2017-01-23,3.81,3.84,3.77,3.82,3.82,233992
2017-01-24,3.82,3.83,3.74,3.75,3.75,249022
2017-01-25,3.75,3.78,3.64,3.66,3.66,307296
2017-01-26,3.66,3.85,3.63,3.81,3.81,419901
2017-01-27,3.81,3.86,3.74,3.85,3.85,222518
2017-01-28,3.85,3.86,3.79,3.84,3.84,179309
2017-01-29,3.84,3.86,3.8,3.82,3.82,116219
2017-01-30,3.82,4.06,3.82,3.99,3.99,951809
2017-01-31,3.99,4.15,3.96,4.02,4.02,1105686
2017-02-01,4.02,4.06,3.96,4.0,4.0,476370
2017-02-02,4.0,4.04,3.93,4.03,4.03,468931
2017-02-03,4.03,4.06,3.91,3.99,3.99,567884
2017-02-04,3.99,4.02,3.89,3.96,3.96,365624
2017-02-05,3.96,4.03,3.9,3.97,3.97,209078
2017-02-06,3.97,3.96,3.89,3.93,3.93,177895
2017-02-07,3.93,3.98,3.89,3.93,3.93,384195
2017-02-08,3.93,3.98,3.84,3.93,3.93,360107
2017-02-09,3.93,3.95,3.49,3.67,3.67,1671232
2017-02-10,3.67,3.79,3.56,3.76,3.76,610452
2017-02-11,3.76,3.83,3.75,3.81,3.81,140264
2017-02-12,3.81,3.79,3.71,3.73,3.73,157667
2017-02-13,3.73,3.76,3.67,3.74,3.74,217411
2017-02-14,3.74,3.8,3.69,3.8,3.8,264094
2017-02-15,3.8,3.84,3.75,3.81,3.81,328590
2017-02-16,3.81,3.89,3.79,3.84,3.84,292751
2017-02-17,3.84,3.88,3.75,3.83,3.83,282965
2017-02-18,3.83,3.86,3.75,3.78,3.78,203825
2017-02-19,3.78,3.79,3.72,3.75,3.75,283336
2017-02-20,3.75,3.79,3.69,3.73,3.73,510892
2017-02-21,3.73,3.81,3.72,3.78,3.78,587831
2017-02-22,3.78,3.84,3.45,3.8,3.8,689241
2017-02-23,3.8,3.9,3.78,3.8,3.8,426643
2017-02-24,3.8,3.91,3.72,3.87,3.87,671749
2017-02-25,3.87,3.91,3.81,3.85,3.85,317380
2017-02-26,3.85,3.87,3.78,3.82,3.82,243572
2017-02-27,3.82,3.87,3.79,3.83,3.83,511172
2017-02-28,3.83,3.87,3.76,3.77,3.77,278574
2017-03-01,3.77,3.87,3.75,3.8,3.8,421116
2017-03-02,3.8,4.35,3.78,3.96,3.96,2290554
2017-03-03,3.96,4.13,3.94,4.02,4.02,860578
2017-03-04,4.02,4.06,3.91,3.98,3.98,300507
2017-03-05,3.98,4.0,3.9,3.97,3.97,283504
2017-03-06,3.97,4.07,3.93,4.05,4.05,396126
2017-03-07,4.05,4.09,3.9,3.96,3.96,470587
2017-03-08,3.96,3.98,3.78,3.8,3.8,393467
2017-03-09,3.8,3.92,3.8,3.89,3.89,407486
2017-03-10,3.89,4.0,3.7,3.78,3.78,1319675
2017-03-11,3.78,3.89,3.73,3.8,3.8,468488
2017-03-12,3.8,3.91,3.78,3.87,3.87,468607
2017-03-13,3.87,5.23,3.82,4.36,4.36,3571611
2017-03-14,4.36,4.38,4.03,4.17,4.17,1615122
2017-03-15,4.17,4.37,4.02,4.26,4.26,1586269
2017-03-16,4.26,4.59,4.16,4.33,4.33,3217666
2017-03-17,4.33,4.42,4.07,4.2,4.2,2058054
2017-03-18,4.2,4.35,3.85,4.05,4.05,2694649
2017-03-19,4.05,4.17,3.92,3.98,3.98,1049375
2017-03-20,3.98,4.15,3.9,4.12,4.12,659202
2017-03-21,4.12,4.15,4.01,4.09,4.09,784264
2017-03-22,4.09,4.11,3.88,3.98,3.98,1320995
2017-03-23,3.98,4.1,3.94,4.02,4.02,505477
2017-03-24,4.02,4.37,3.98,4.18,4.18,2497555
2017-03-25,4.18,4.28,4.01,4.13,4.13,1412989
2017-03-26,4.13,4.19,4.04,4.1,4.1,605827
2017-03-27,4.1,4.2,4.06,4.1,4.1,818822
2017-03-28,4.1,4.33,4.08,4.2,4.2,630059
2017-03-29,4.2,4.41,4.14,4.32,4.32,1075702
2017-03-30,4.32,8.23,4.29,7.5,7.5,41126154
2017-03-31,7.5,7.81,5.89,7.1,7.1,21628256
2017-04-01,7.1,7.61,6.47,7.48,7.48,11297597
2017-04-02,7.48,8.56,7.04,8.22,8.22,21416364
2017-04-03,8.22,9.27,7.48,8.57,8.57,22252992
2017-04-04,8.57,9.48,8.19,8.97,8.97,21289275
2017-04-05,8.97,12.85,8.82,12.39,12.39,52482355
2017-04-06,12.39,12.62,9.83,10.7,10.7,49620286
2017-04-07,10.7,11.27,9.4,9.89,9.89,22285843
2017-04-08,9.89,11.22,9.78,10.66,10.66,12488907
2017-04-09,10.66,10.94,8.71,9.21,9.21,21616917
2017-04-10,9.21,10.12,8.84,9.8,9.8,13718090
2017-04-11,9.8,10.32,9.37,9.66,9.66,8935940
2017-04-12,9.66,12.16,9.62,11.6,11.6,35836545
2017-04-13,11.6,11.72,10.69,11.06,11.06,12232849
2017-04-14,11.06,11.91,10.99,11.67,11.67,11641589
2017-04-15,11.67,12.2,10.99,11.67,11.67,11482683
2017-04-16,11.67,11.86,11.51,11.73,11.73,3985606
2017-04-17,11.73,12.81,10.54,11.26,11.26,23954844
2017-04-18,11.26,11.59,10.48,11.06,11.06,19065508
2017-04-19,11.06,11.21,9.98,10.29,10.29,12092129
2017-04-20,10.29,11.45,10.1,10.97,10.97,13181862
2017-04-21,10.97,12.47,10.84,12.0,12.0,23765409
2017-04-22,12.0,14.51,11.83,14.05,14.05,41723989
2017-04-23,14.05,15.74,13.86,15.15,15.15,53805875
2017-04-24,15.15,15.31,14.13,14.87,14.87,21087846
2017-04-25,14.87,15.26,14.08,15.06,15.06,19065935
2017-04-26,15.06,15.86,14.48,14.89,14.89,26712135
2017-04-27,14.89,15.16,13.35,14.66,14.66,25883706
2017-04-28,14.66,14.83,13.81,14.25,14.25,12777385
2017-04-29,14.25,15.79,14.28,15.75,15.75,15133267
2017-04-30,15.75,16.09,15.29,15.63,15.63,15498677
2017-05-01,15.63,16.25,14.95,15.74,15.74,21067993
2017-05-02,15.74,15.88,14.94,15.57,15.57,10808154
2017-05-03,15.57,26.52,15.51,20.530001000000002,20.530001000000002,87432364
2017-05-04,20.530001000000002,26.68,20.35,22.950001,22.950001,101954652
2017-05-05,22.950001,27.16,22.41,25.200001,25.200001,81502296
2017-05-06,25.200001,27.93,24.809998999999998,27.459999,27.459999,38740868
2017-05-07,27.459999,30.91,27.299999,29.5,29.5,64930012
2017-05-08,29.5,29.83,27.110001,28.1,28.1,42746336
2017-05-09,28.1,32.439999,23.280001000000002,31.77,31.77,88418239
2017-05-10,31.77,36.470001,29.040001,31.280001000000002,31.280001000000002,124969930
2017-05-11,31.280001000000002,32.080002,26.98,29.879998999999998,29.879998999999998,63878910
2017-05-12,29.879998999999998,30.780001000000002,25.559998999999998,26.76,26.76,48199985
2017-05-13,26.76,28.18,24.469998999999998,28.139999,28.139999,34940101
2017-05-14,28.139999,29.860001,26.790001,28.07,28.07,27363120
2017-05-15,28.07,28.09,23.23,24.5,24.5,37537464
2017-05-16,24.5,25.15,20.92,22.83,22.83,53456345
2017-05-17,22.83,26.0,20.32,25.059998999999998,25.059998999999998,59239250
2017-05-18,25.059998999999998,28.790001,24.440001000000002,27.879998999999998,27.879998999999998,46063027
2017-05-19,27.879998999999998,28.200001,26.190001000000002,27.27,27.27,37085394
2017-05-20,27.27,28.17,26.66,27.42,27.42,20413017
2017-05-21,27.42,28.540001,25.26,26.02,26.02,33593334
2017-05-22,26.02,26.700001,22.82,24.790001,24.790001,53140116
2017-05-23,24.790001,31.719998999999998,24.4,31.360001,31.360001,69453835
2017-05-24,31.360001,35.939999,29.85,34.799999,34.799999,76427969
2017-05-25,34.799999,35.759997999999996,26.07,28.32,28.32,82873114
2017-05-26,28.32,31.35,23.35,24.450001,24.450001,62136621
2017-05-27,24.450001,25.940001000000002,18.129998999999998,22.83,22.83,63559697
2017-05-28,22.83,25.92,21.790001,23.889999,23.889999,37736853
2017-05-29,23.889999,25.99,23.01,25.33,25.33,25039934
2017-05-30,25.33,26.33,23.540001,23.889999,23.889999,28996976
2017-05-31,23.889999,25.99,23.51,25.91,25.91,25232341
2017-06-01,25.91,29.610001,25.77,27.549999,27.549999,49800957
2017-06-02,27.549999,28.65,26.780001000000002,28.27,28.27,22513588
2017-06-03,28.27,28.559998999999998,26.809998999999998,27.27,27.27,16824195
2017-06-04,27.27,27.93,26.860001,27.889999,27.889999,15762467
2017-06-05,27.889999,31.620001000000002,27.85,30.780001000000002,30.780001000000002,40548644
2017-06-06,30.780001000000002,31.190001000000002,28.32,30.07,30.07,42992959
2017-06-07,30.07,30.57,27.879998999999998,28.469998999999998,28.469998999999998,25712956
2017-06-08,28.469998999999998,30.389999,27.799999,29.9,29.9,24919274
2017-06-09,29.9,30.629998999999998,29.51,29.540001,29.540001,21986499
2017-06-10,29.540001,30.309998999999998,29.389999,30.059998999999998,30.059998999999998,24059480
2017-06-11,30.059998999999998,34.43,29.65,33.630001,33.630001,52704206
2017-06-12,33.630001,33.700001,27.09,28.98,28.98,55552187
2017-06-13,28.98,30.610001,28.74,30.379998999999998,30.379998999999998,22434912
2017-06-14,30.379998999999998,31.809998999999998,27.959999,29.190001000000002,29.190001000000002,40744168
2017-06-15,29.190001000000002,29.790001,25.450001,29.290001,29.290001,42738176
2017-06-16,29.290001,34.18,28.32,34.119999,34.119999,53638308
2017-06-17,34.119999,47.700001,34.119999,45.799999,45.799999,204842940
2017-06-18,45.799999,45.810001,39.490002000000004,43.799999,43.799999,106024449
2017-06-19,43.799999,50.139998999999996,42.450001,47.369999,47.369999,134413488
2017-06-20,47.369999,48.32,43.290001000000004,45.68,45.68,68659918
2017-06-21,45.68,46.75,42.849998,44.5,44.5,53663961
2017-06-22,44.5,47.91,43.209998999999996,46.16,46.16,44885019
2017-06-23,46.16,46.98,45.48,46.0,46.0,24046249
2017-06-24,46.0,46.09,42.040001000000004,42.700001,42.700001,35158428
2017-06-25,42.700001,44.02,39.330002,41.279999,41.279999,40946994
2017-06-26,41.279999,42.209998999999996,34.43,38.529999,38.529999,67058517
2017-06-27,38.529999,40.240002000000004,34.189999,40.240002000000004,40.240002000000004,51972842
2017-06-28,40.240002000000004,43.099998,37.950001,41.889998999999996,41.889998999999996,47463923
2017-06-29,41.889998999999996,41.939999,39.450001,40.130001,40.130001,25918352
2017-06-30,40.130001,41.220001,39.290001000000004,39.48,39.48,20906005
2017-07-01,39.48,39.700001,37.119999,38.080002,38.080002,19837650
2017-07-02,38.080002,41.650002,36.869999,41.259997999999996,41.259997999999996,26758013
2017-07-03,41.259997999999996,47.560001,40.360001000000004,45.34,45.34,82237199
2017-07-04,45.34,54.82,45.34,54.509997999999996,54.509997999999996,136045162
2017-07-05,54.509997999999996,56.580002,49.110001000000004,52.919998,52.919998,97598572
2017-07-06,52.919998,52.98,49.790001000000004,51.040001000000004,51.040001000000004,42796216
2017-07-07,51.040001000000004,51.18,44.470001,46.099998,46.099998,82111789
2017-07-08,46.099998,52.110001000000004,44.330002,51.220001,51.220001,62095488
2017-07-09,51.220001,52.400002,48.32,48.630001,48.630001,43087563
2017-07-10,48.630001,49.66,42.68,45.0,45.0,66471287
2017-07-11,45.0,46.689999,41.84,43.98,43.98,66201265
2017-07-12,43.98,48.380001,42.400002,47.139998999999996,47.139998999999996,60143698
2017-07-13,47.139998999999996,47.66,44.07,45.689999,45.689999,33745880
2017-07-14,45.689999,45.959998999999996,39.959998999999996,42.459998999999996,42.459998999999996,53012174
2017-07-15,42.459998999999996,42.68,37.700001,38.41,38.41,55602665
2017-07-16,38.41,41.810001,35.490002000000004,40.700001,40.700001,65293460
2017-07-17,40.700001,42.98,39.91,42.169998,42.169998,60156241
2017-07-18,42.169998,44.84,40.740002000000004,43.349998,43.349998,57140834
2017-07-19,43.349998,43.77,39.82,40.110001000000004,40.110001000000004,41443140
2017-07-20,40.110001000000004,45.23,40.110001000000004,44.349998,44.349998,61701476
2017-07-21,44.349998,47.310001,43.990002000000004,45.200001,45.200001,51397779
2017-07-22,45.200001,47.110001000000004,44.880001,46.470001,46.470001,22979927
2017-07-23,46.470001,46.669998,43.630001,44.669998,44.669998,28134127
2017-07-24,44.669998,45.279999,43.849998,44.77,44.77,20003120
2017-07-25,44.77,45.049999,40.52,42.299999,42.299999,42446216
2017-07-26,42.299999,43.09,40.470001,42.029999,42.029999,24636676
2017-07-27,42.029999,42.41,40.889998999999996,41.889998999999996,41.889998999999996,20292493
2017-07-28,41.889998999999996,42.189999,40.169998,40.43,40.43,25261842
2017-07-29,40.43,41.400002,38.549999,41.07,41.07,21624892
2017-07-30,41.07,42.049999,39.82,40.610001000000004,40.610001000000004,14790620
2017-07-31,40.610001000000004,43.57,38.450001,42.380001,42.380001,36896252
2017-08-01,42.380001,43.93,41.110001000000004,43.16,43.16,39690704
2017-08-02,43.16,43.189999,41.66,41.919998,41.919998,20133705
2017-08-03,41.919998,43.18,41.799999,42.75,42.75,14029809
2017-08-04,42.75,43.77,42.41,43.310001,43.310001,16242345
2017-08-05,43.310001,47.23,43.209998999999996,46.240002000000004,46.240002000000004,40240694
2017-08-06,46.240002000000004,46.880001,45.16,45.560001,45.560001,20509678
2017-08-07,45.560001,46.700001,45.209998999999996,46.110001000000004,46.110001000000004,19821566
2017-08-08,46.110001000000004,49.93,45.689999,49.130001,49.130001,38124611
2017-08-09,49.130001,50.200001,46.900002,47.779999,47.779999,36171405
2017-08-10,47.779999,48.68,46.970001,46.970001,46.970001,18788211
2017-08-11,46.970001,47.619999,46.630001,47.110001000000004,47.110001000000004,21086959
2017-08-12,47.110001000000004,47.77,46.0,46.27,46.27,26154345
2017-08-13,46.27,47.43,44.0,45.490002000000004,45.490002000000004,35331475
2017-08-14,45.490002000000004,46.560001,45.150002,45.700001,45.700001,19459261
2017-08-15,45.700001,45.799999,41.779999,43.169998,43.169998,33786160
2017-08-16,43.169998,44.939999,42.099998,43.970001,43.970001,22142597
2017-08-17,43.970001,44.740002000000004,43.130001,43.830002,43.830002,18733697
2017-08-18,43.830002,47.919998,43.23,46.740002000000004,46.740002000000004,40574149
2017-08-19,46.740002000000004,46.889998999999996,43.389998999999996,45.189999,45.189999,20514354
2017-08-20,45.189999,47.389998999999996,44.07,45.810001,45.810001,17689808
2017-08-21,45.810001,48.939999,45.27,48.09,48.09,30030772
2017-08-22,48.09,48.099998,44.849998,46.400002,46.400002,28209467
2017-08-23,46.400002,55.43,46.049999,53.439999,53.439999,83643726
2017-08-24,53.439999,53.580002,50.34,50.360001000000004,50.360001000000004,56389670
2017-08-25,50.360001000000004,52.299999,49.779999,51.09,51.09,30861268
2017-08-26,51.09,52.130001,50.09,51.580002,51.580002,22089859
2017-08-27,51.580002,64.489998,51.369999,61.080002,61.080002,121485913
2017-08-28,61.080002,64.949997,58.869999,62.360001000000004,62.360001000000004,81891911
2017-08-29,62.360001000000004,64.199997,61.169998,63.759997999999996,63.759997999999996,58218596
2017-08-30,63.759997999999996,66.57,61.860001000000004,65.970001,65.970001,52584713
2017-08-31,65.970001,74.589996,65.120003,73.029999,73.029999,129559211
2017-09-01,73.029999,92.769997,71.5,87.879997,87.879997,316464574
2017-09-02,87.879997,93.66999799999999,73.290001,79.18,79.18,260187395
2017-09-03,79.18,84.07,74.949997,79.040001,79.040001,124890039
2017-09-04,79.040001,79.059998,62.970001,68.889999,68.889999,197880261
2017-09-05,68.889999,74.690002,63.290001000000004,73.730003,73.730003,137991645
2017-09-06,73.730003,82.16999799999999,73.690002,81.440002,81.440002,147734449
2017-09-07,81.440002,82.839996,77.400002,80.25,80.25,96855844
2017-09-08,80.25,82.199997,68.41999799999999,73.190002,73.190002,187197024
2017-09-09,73.190002,73.949997,69.0,71.089996,71.089996,76615292
2017-09-10,71.089996,71.110001,63.330002,67.08000200000001,67.08000200000001,105909535
2017-09-11,67.08000200000001,71.209999,65.550003,68.129997,68.129997,73656622
2017-09-12,68.129997,71.970001,64.720001,65.889999,65.889999,97264307
2017-09-13,65.889999,66.339996,57.869999,61.779999,61.779999,140918803
2017-09-14,61.779999,62.66,44.900002,45.200001,45.200001,205038177
2017-09-15,45.200001,55.650002,33.380001,52.0,52.0,343835193
2017-09-16,52.0,57.34,50.540001000000004,52.099998,52.099998,120177655
2017-09-17,52.099998,53.18,47.73,51.0,51.0,73060667
2017-09-18,51.0,57.490002000000004,50.98,56.16,56.16,111381221
2017-09-19,56.16,56.700001,51.27,52.799999,52.799999,89515520
2017-09-20,52.799999,54.369999,51.07,51.560001,51.560001,46361439
2017-09-21,51.560001,52.48,45.110001000000004,46.459998999999996,46.459998999999996,100420510
2017-09-22,46.459998999999996,49.029999,44.799999,47.669998,47.669998,76916515
2017-09-23,47.669998,50.009997999999996,46.380001,49.290001000000004,49.290001000000004,44793106
2017-09-24,49.290001000000004,49.400002,47.18,47.5,47.5,29589565
2017-09-25,47.5,53.16,47.470001,52.27,52.27,66087743
2017-09-26,52.27,54.369999,51.419998,52.27,52.27,48431172
2017-09-27,52.27,57.389998999999996,52.240002000000004,56.900002,56.900002,75024623
2017-09-28,56.900002,57.16,54.0,54.91,54.91,64516773
2017-09-29,54.91,54.93,50.439999,52.799999,52.799999,64227763
2017-09-30,52.799999,55.91,52.75,55.41,55.41,36860837
2017-10-01,55.41,55.549999,53.580002,54.799999,54.799999,30401267
2017-10-02,54.799999,54.970001,52.93,53.290001000000004,53.290001000000004,30684048
2017-10-03,53.290001000000004,53.540001000000004,51.34,52.150002,52.150002,30707803
2017-10-04,52.150002,52.98,50.529999,51.220001,51.220001,31053173
2017-10-05,51.220001,51.869999,50.169998,51.639998999999996,51.639998999999996,26593841
2017-10-06,51.639998999999996,52.75,51.34,52.080002,52.080002,21668387
2017-10-07,52.080002,52.900002,51.610001000000004,52.57,52.57,19001783
2017-10-08,52.57,54.790001000000004,52.32,53.299999,53.299999,36217438
2017-10-09,53.299999,53.439999,48.119999,50.080002,50.080002,54786620
2017-10-10,50.080002,51.630001,49.689999,50.580002,50.580002,31741909
2017-10-11,50.580002,51.049999,50.18,50.790001000000004,50.790001000000004,19957142
2017-10-12,50.790001000000004,59.720001,50.73,59.720001,59.720001,121666559
2017-10-13,59.720001,60.759997999999996,55.110001000000004,59.049999,59.049999,122355541
2017-10-14,59.049999,66.480003,58.34,63.939999,63.939999,111286807
2017-10-15,63.939999,69.949997,62.080002,65.57,65.57,136097133
2017-10-16,65.58000200000001,66.410004,62.279999,64.760002,64.760002,57750104
2017-10-17,64.760002,64.970001,58.5,59.189999,59.189999,62123185
2017-10-18,59.189999,61.889998999999996,53.049999,60.549999,60.549999,98042683
2017-10-19,60.549999,61.389998999999996,58.349998,59.68,59.68,59145290
2017-10-20,59.68,62.169998,58.310001,60.09,60.09,55677469
2017-10-21,60.080002,60.360001000000004,56.169998,58.09,58.09,47776832
2017-10-22,58.09,58.669998,55.73,56.509997999999996,56.509997999999996,30628993
2017-10-23,56.52,56.57,51.919998,54.630001,54.630001,63386543
2017-10-24,54.630001,58.98,52.349998,55.560001,55.560001,69816687
2017-10-25,55.560001,56.400002,53.52,56.189999,56.189999,36591936
2017-10-26,56.189999,56.950001,54.900002,55.549999,55.549999,25040264
2017-10-27,55.549999,55.990002000000004,54.689999,55.02,55.02,19515585
2017-10-28,55.02,55.790001000000004,53.950001,54.220001,54.220001,16837184
2017-10-29,54.220001,57.830002,53.860001000000004,56.75,56.75,41624090
2017-10-30,56.75,58.66,55.810001,56.220001,56.220001,32778628
2017-10-31,56.220001,56.740002000000004,55.490002000000004,55.5,55.5,24119437
2017-11-01,55.5,55.619999,52.720001,52.830002,52.830002,34633306
2017-11-02,52.82,54.900002,50.029999,54.189999,54.189999,68822709
2017-11-03,54.189999,56.130001,53.790001000000004,55.98,55.98,44375580
2017-11-04,55.98,56.119999,54.619999,54.830002,54.830002,23813377
2017-11-05,54.84,55.450001,54.43,54.599998,54.599998,22789832
2017-11-06,54.599998,55.790001000000004,53.43,54.5,54.5,35930222
2017-11-07,54.5,63.490002000000004,54.470001,60.52,60.52,117999766
2017-11-08,60.52,64.07,59.59,62.380001,62.380001,119045612
2017-11-09,62.380001,66.900002,61.59,64.150002,64.150002,96467373
2017-11-10,64.150002,65.75,56.02,58.990002000000004,58.990002000000004,112277387
2017-11-11,59.07,63.77,58.639998999999996,62.139998999999996,62.139998999999996,71691165
2017-11-12,62.139998999999996,62.259997999999996,56.73,58.540001000000004,58.540001000000004,90545722
2017-11-13,58.529999,61.84,58.07,61.0,61.0,63578216
2017-11-14,61.0,63.41,60.119999,62.130001,62.130001,57740143
2017-11-15,62.130001,76.099998,62.080002,63.16,63.16,62683272
2017-11-16,63.150002,72.5,62.5,70.699997,70.699997,108893924
2017-11-17,70.699997,71.290001,65.33000200000001,67.360001,67.360001,117701637
2017-11-18,67.360001,69.769997,65.410004,69.41999799999999,69.41999799999999,54642292
2017-11-19,69.41999799999999,73.239998,68.470001,71.760002,71.760002,77870138
2017-11-20,71.760002,73.160004,70.900002,72.379997,72.379997,70492845
2017-11-21,72.379997,72.849998,68.089996,69.910004,69.910004,90392116
2017-11-22,69.910004,72.040001,69.879997,72.029999,72.029999,48021169
2017-11-23,72.029999,76.769997,70.739998,72.940002,72.940002,107737051
2017-11-24,72.970001,77.610001,72.339996,77.540001,77.540001,82185081
2017-11-25,77.529999,89.470001,77.07,88.790001,88.790001,158025655
2017-11-26,88.769997,88.769997,83.730003,86.239998,86.239998,79938117
2017-11-27,86.199997,93.110001,86.120003,90.989998,90.989998,142772956
2017-11-28,90.989998,94.529999,89.529999,94.220001,94.220001,111647453
2017-11-29,94.220001,103.029999,78.120003,85.410004,85.410004,283266729
2017-11-30,85.400002,92.230003,76.949997,85.940002,85.940002,159892481
2017-12-01,85.940002,100.220001,81.110001,99.150002,99.150002,201759858
2017-12-02,99.150002,103.410004,97.519997,99.32,99.32,142658345
2017-12-03,99.32,106.769997,96.870003,100.699997,100.699997,138622765
2017-12-04,100.709999,103.949997,95.389999,103.870003,103.870003,107176440
2017-12-05,103.860001,103.910004,100.370003,100.489998,100.489998,92720782
2017-12-06,100.489998,103.0,95.110001,98.970001,98.970001,146319763
2017-12-07,98.940002,99.809998,86.93,96.0,96.0,165747903
2017-12-08,95.989998,136.399994,93.370003,125.239998,125.239998,473760093
2017-12-09,125.339996,179.53999299999998,125.339996,155.979996,155.979996,853646807
2017-12-10,155.979996,156.720001,130.389999,147.83999599999999,147.83999599999999,361899241
2017-12-11,147.46000700000002,225.55000299999998,146.970001,214.539993,214.539993,806672044
2017-12-12,214.52999900000003,401.76001,210.36000099999998,328.519989,328.519989,1712426348
2017-12-13,327.959991,347.799988,276.119995,305.269989,305.269989,1198402020
2017-12-14,305.02999900000003,314.77999900000003,268.119995,279.809998,279.809998,584754476
2017-12-15,280.019989,317.690002,249.24000499999997,300.269989,300.269989,828163804
2017-12-16,299.980011,311.179993,285.559998,302.040009,302.040009,389831717
2017-12-17,302.040009,332.089996,300.589996,319.570007,319.570007,511044214
2017-12-18,319.570007,364.339996,300.880005,357.51001,357.51001,626661390
2017-12-19,357.51001,376.100006,324.369995,346.869995,346.869995,814023803
2017-12-20,346.730011,346.730011,286.540009,304.809998,304.809998,752136890
2017-12-21,304.769989,327.26001,286.390015,307.690002,307.690002,422642587
2017-12-22,307.690002,309.109985,158.96000700000002,262.089996,262.089996,1167484790
2017-12-23,262.149994,312.709991,256.309998,284.109985,284.109985,433571769
2017-12-24,283.690002,285.399994,244.13999900000002,272.23999,272.23999,314928561
2017-12-25,272.23999,283.459991,262.390015,268.209991,268.209991,154893244
2017-12-26,268.02999900000003,283.859985,267.579987,279.48999,279.48999,190763629
2017-12-27,279.47000099999997,285.320007,252.86999500000002,264.070007,264.070007,219103646
2017-12-28,264.070007,265.649994,224.07000699999998,249.86000099999998,249.86000099999998,281385850
2017-12-29,249.83999599999999,258.359985,236.38999900000002,243.13000499999998,243.13000499999998,207115905
2017-12-30,243.13000499999998,243.419998,202.020004,212.07000699999998,212.07000699999998,268737310
2017-12-31,212.07000699999998,235.399994,207.949997,226.520004,226.520004,187138183
2018-01-01,226.520004,232.25999500000003,216.419998,224.33999599999999,224.33999599999999,115831512
2018-01-02,224.33999599999999,260.52999900000003,224.27999900000003,251.809998,251.809998,314730425
2018-01-03,251.809998,256.809998,241.11000099999998,244.63000499999998,244.63000499999998,211596420
2018-01-04,244.63000499999998,244.88000499999998,225.58999599999999,238.30000299999998,238.30000299999998,206659684
2018-01-05,238.30000299999998,251.559998,235.0,244.50999500000003,244.50999500000003,262545479
2018-01-06,244.50999500000003,305.209991,243.559998,278.920013,278.920013,511915657
2018-01-07,278.920013,287.269989,265.369995,271.570007,271.570007,212682356
2018-01-08,271.570007,273.47000099999997,231.210007,254.25,254.25,270377483
2018-01-09,254.24000499999997,258.589996,237.979996,246.039993,246.039993,184228877
2018-01-10,246.020004,249.309998,230.66000400000001,249.100006,249.100006,207658680
2018-01-11,249.11000099999998,252.88999900000002,217.850006,226.52999900000003,226.52999900000003,262771223
2018-01-12,226.52999900000003,241.830002,219.61999500000002,235.350006,235.350006,140305335
2018-01-13,235.350006,262.869995,235.30000299999998,257.940002,257.940002,176341211
2018-01-14,257.940002,268.809998,231.42999300000002,236.86000099999998,236.86000099999998,189083699
2018-01-15,236.86000099999998,244.399994,230.789993,231.88999900000002,231.88999900000002,110848991
2018-01-16,231.88999900000002,232.399994,147.779999,183.860001,183.860001,473245937
2018-01-17,183.699997,204.559998,136.449997,188.21000700000002,188.21000700000002,458374670
2018-01-18,188.139999,208.369995,175.46000700000002,191.029999,191.029999,274884322
2018-01-19,191.029999,201.25,185.779999,192.270004,192.270004,132586901
2018-01-20,192.270004,214.72000099999997,192.259995,210.67999300000002,210.67999300000002,133356395
2018-01-21,210.67999300000002,210.809998,182.880005,190.729996,190.729996,118925936
2018-01-22,190.720001,194.33999599999999,165.419998,179.419998,179.419998,141918011
2018-01-23,179.419998,186.110001,164.759995,177.919998,177.919998,119223032
2018-01-24,177.91000400000001,184.699997,172.419998,180.58999599999999,180.58999599999999,86367198
2018-01-25,180.58999599999999,184.690002,175.21000700000002,178.970001,178.970001,73767401
2018-01-26,178.929993,182.149994,165.759995,175.649994,175.649994,84960279
2018-01-27,175.649994,182.919998,173.880005,180.71000700000002,180.71000700000002,68085098
2018-01-28,180.71000700000002,194.479996,180.28999299999998,193.229996,193.229996,81443118
2018-01-29,193.229996,193.419998,177.369995,180.449997,180.449997,73715876
2018-01-30,180.449997,180.610001,159.770004,165.380005,165.380005,126940449
2018-01-31,165.360001,166.860001,156.369995,162.929993,162.929993,92416470
2018-02-01,162.929993,165.71000700000002,127.75,141.369995,141.369995,177798590
2018-02-02,141.360001,142.0,102.510002,131.169998,131.169998,264489437
2018-02-03,131.169998,166.330002,120.410004,161.0,161.0,220733569
2018-02-04,161.0,174.66000400000001,136.96000700000002,147.550003,147.550003,348903981
2018-02-05,147.550003,153.899994,114.720001,125.040001,125.040001,328173135
2018-02-06,125.019997,147.259995,105.5,141.850006,141.850006,397024992
2018-02-07,141.850006,159.110001,130.740005,137.83999599999999,137.83999599999999,252715544
2018-02-08,137.83999599999999,151.139999,136.970001,149.479996,149.479996,135986158
2018-02-09,149.53999299999998,164.240005,142.139999,163.899994,163.899994,148089557
2018-02-10,163.919998,169.320007,147.970001,154.91000400000001,154.91000400000001,176947228
2018-02-11,154.91000400000001,155.860001,141.800003,149.059998,149.059998,93014379
2018-02-12,149.059998,163.300003,149.029999,161.399994,161.399994,103639383
2018-02-13,161.399994,162.190002,153.0,159.050003,159.050003,64925748
2018-02-14,159.050003,217.419998,159.050003,212.00999500000003,212.00999500000003,583527603
2018-02-15,212.00999500000003,237.149994,206.770004,221.080002,221.080002,503035315
2018-02-16,221.080002,234.830002,210.25,228.38999900000002,228.38999900000002,285095066
2018-02-17,228.38999900000002,232.710007,224.11000099999998,229.41000400000001,229.41000400000001,136508884
2018-02-18,229.42999300000002,231.97000099999997,211.899994,214.22000099999997,214.22000099999997,221587127
2018-02-19,214.16000400000001,226.210007,213.50999500000003,221.97000099999997,221.97000099999997,124644378
2018-02-20,221.97000099999997,252.19999700000002,221.38999900000002,229.38000499999998,229.38000499999998,448688720
2018-02-21,229.42999300000002,231.69999700000002,204.809998,210.25999500000003,210.25999500000003,324317151
2018-02-22,210.25999500000003,221.440002,188.809998,192.91000400000001,192.91000400000001,269393148
2018-02-23,192.91000400000001,215.83999599999999,182.369995,206.600006,206.600006,253168167
2018-02-24,206.600006,218.44999700000002,194.860001,206.350006,206.350006,206867570
2018-02-25,206.380005,223.100006,200.059998,218.309998,218.309998,202904391
2018-02-26,218.520004,231.600006,214.74000499999997,218.61999500000002,218.61999500000002,283282159
2018-02-27,218.61999500000002,223.210007,212.13000499999998,215.149994,215.149994,145775086
2018-02-28,215.149994,223.61000099999998,201.58999599999999,202.139999,202.139999,153831817
2018-03-01,202.139999,214.67999300000002,200.470001,209.320007,209.320007,111779752
2018-03-02,209.309998,213.419998,204.5,212.58999599999999,212.58999599999999,84393296
2018-03-03,212.61000099999998,217.99000499999997,209.029999,210.289993,210.289993,112747585
2018-03-04,210.289993,214.649994,205.179993,213.36000099999998,213.36000099999998,67818928
2018-03-05,213.36000099999998,215.97000099999997,209.190002,210.80000299999998,210.80000299999998,69862750
2018-03-06,210.80000299999998,210.809998,191.699997,196.580002,196.580002,136364561
2018-03-07,196.580002,199.470001,174.320007,186.03999299999998,186.03999299999998,196927717
2018-03-08,186.050003,188.179993,174.690002,175.820007,175.820007,124496969
2018-03-09,175.820007,189.979996,158.820007,186.380005,186.380005,248799371
2018-03-10,186.380005,194.729996,175.550003,177.300003,177.300003,125536991
2018-03-11,177.300003,193.190002,171.600006,188.389999,188.389999,130493862
2018-03-12,188.380005,193.03999299999998,174.639999,177.850006,177.850006,123163748
2018-03-13,177.850006,181.940002,171.330002,175.470001,175.470001,97844283
2018-03-14,175.470001,178.03999299999998,157.78999299999998,160.770004,160.770004,116916175
2018-03-15,160.770004,167.809998,150.300003,164.279999,164.279999,152065919
2018-03-16,164.279999,172.020004,158.559998,164.949997,164.949997,97457804
2018-03-17,164.949997,165.619995,151.009995,152.649994,152.649994,87970243
2018-03-18,152.649994,157.440002,137.509995,153.940002,153.940002,166006029
2018-03-19,153.940002,163.91000400000001,151.020004,161.509995,161.509995,125855703
2018-03-20,161.509995,173.800003,155.78999299999998,169.08999599999999,169.08999599999999,113739250
2018-03-21,169.08999599999999,175.41000400000001,165.509995,168.71000700000002,168.71000700000002,100728004
2018-03-22,168.740005,172.529999,160.169998,163.929993,163.929993,85077161
2018-03-23,163.919998,169.03999299999998,157.050003,168.850006,168.850006,74392970
2018-03-24,168.850006,169.690002,158.41000400000001,159.050003,159.050003,62032422
2018-03-25,159.050003,163.220001,157.610001,160.309998,160.309998,45066192
2018-03-26,160.309998,160.96000700000002,142.08999599999999,148.279999,148.279999,113770581
2018-03-27,148.279999,149.330002,134.75,134.880005,134.880005,100360248
2018-03-28,134.860001,139.78999299999998,130.240005,131.66000400000001,131.66000400000001,73816273
2018-03-29,131.66000400000001,132.520004,112.650002,114.660004,114.660004,159535092
2018-03-30,114.660004,126.57,109.610001,118.489998,118.489998,142506855
2018-03-31,118.489998,125.209999,115.68,116.32,116.32,69205423
2018-04-01,116.32,118.370003,110.029999,115.110001,115.110001,61953932
2018-04-02,115.110001,121.720001,114.410004,119.260002,119.260002,55199053
2018-04-03,119.260002,137.399994,118.470001,134.229996,134.229996,94696369
2018-04-04,134.229996,134.929993,115.58000200000001,118.360001,118.360001,111839267
2018-04-05,118.360001,122.690002,113.889999,118.760002,118.760002,74831516
2018-04-06,118.760002,120.470001,112.120003,113.18,113.18,51417781
2018-04-07,113.190002,119.849998,112.970001,116.199997,116.199997,48395805
2018-04-08,116.199997,118.650002,115.58000200000001,117.870003,117.870003,35572589
2018-04-09,117.879997,123.209999,112.949997,115.019997,115.019997,72718908
2018-04-10,115.019997,115.459999,111.790001,114.410004,114.410004,42165656
2018-04-11,114.410004,119.93,113.300003,118.400002,118.400002,44183675
2018-04-12,118.32,130.91000400000001,113.269997,129.71000700000002,129.71000700000002,175105506
2018-04-13,129.71000700000002,133.669998,124.07,125.57,125.57,133115960
2018-04-14,125.57,129.759995,124.43,126.529999,126.529999,45425829
2018-04-15,126.550003,132.919998,126.529999,132.699997,132.699997,54928885
2018-04-16,132.71000700000002,133.389999,125.279999,128.83999599999999,128.83999599999999,60722721
2018-04-17,128.83999599999999,140.41000400000001,128.809998,132.33999599999999,132.33999599999999,114879247
2018-04-18,132.33999599999999,141.679993,132.229996,140.479996,140.479996,73579068
2018-04-19,140.490005,147.720001,138.990005,146.580002,146.580002,83357914
2018-04-20,146.580002,156.559998,143.449997,155.729996,155.729996,109540332
2018-04-21,155.729996,157.080002,141.08999599999999,148.5,148.5,106943733
2018-04-22,148.5,153.179993,145.0,146.669998,146.669998,58383011
2018-04-23,146.669998,153.520004,146.479996,152.639999,152.639999,63992360
2018-04-24,152.639999,165.979996,152.610001,164.690002,164.690002,155649983
2018-04-25,164.690002,164.880005,140.669998,144.990005,144.990005,178366490
2018-04-26,145.0,154.580002,142.279999,153.220001,153.220001,74752098
2018-04-27,153.190002,153.679993,145.350006,145.869995,145.869995,76713116
2018-04-28,145.869995,153.190002,145.070007,151.96000700000002,151.96000700000002,51094847
2018-04-29,151.96000700000002,156.399994,148.16000400000001,153.429993,153.429993,54397059
2018-04-30,153.429993,154.259995,147.139999,148.270004,148.270004,45542973
2018-05-01,148.270004,148.720001,142.970001,147.990005,147.990005,61164623
2018-05-02,148.020004,153.300003,146.360001,151.21000700000002,151.21000700000002,43485994
2018-05-03,151.21000700000002,164.020004,150.699997,161.220001,161.220001,110154634
2018-05-04,161.220001,171.389999,157.580002,168.729996,168.729996,101035488
2018-05-05,168.759995,182.990005,167.770004,178.16000400000001,178.16000400000001,122414027
2018-05-06,178.16000400000001,183.070007,165.229996,171.66000400000001,171.66000400000001,104848948
2018-05-07,171.83999599999999,172.070007,157.509995,164.229996,164.229996,97537791
2018-05-08,164.240005,168.16000400000001,157.309998,159.03999299999998,159.03999299999998,77383969
2018-05-09,159.03999299999998,160.139999,150.96000700000002,156.779999,156.779999,64840032
2018-05-10,156.779999,160.720001,147.860001,148.240005,148.240005,55767733
2018-05-11,148.240005,148.520004,133.559998,136.470001,136.470001,116335404
2018-05-12,136.470001,144.75,131.529999,141.820007,141.820007,64058613
2018-05-13,141.820007,146.820007,136.96000700000002,144.41000400000001,144.41000400000001,47969261
2018-05-14,144.41000400000001,152.800003,134.529999,147.389999,147.389999,124684754
2018-05-15,147.389999,149.649994,137.919998,139.559998,139.559998,74327593
2018-05-16,139.559998,140.979996,134.679993,139.320007,139.320007,50432313
2018-05-17,139.320007,141.5,131.479996,132.630005,132.630005,43571216
2018-05-18,132.630005,137.580002,129.130005,136.190002,136.190002,55740005
2018-05-19,136.190002,137.899994,133.130005,135.139999,135.139999,31865673
2018-05-20,135.139999,140.630005,132.630005,139.580002,139.580002,36674558
2018-05-21,139.580002,140.029999,133.729996,134.279999,134.279999,36979560
2018-05-22,134.279999,135.83999599999999,127.629997,128.130005,128.130005,39718676
2018-05-23,128.130005,129.369995,116.370003,118.699997,118.699997,70801644
2018-05-24,118.720001,124.959999,115.019997,122.879997,122.879997,56072299
2018-05-25,122.879997,124.32,117.18,119.07,119.07,38995787
2018-05-26,119.07,122.440002,117.540001,118.440002,118.440002,27760304
2018-05-27,118.440002,119.08000200000001,116.720001,117.959999,117.959999,27455036
2018-05-28,117.959999,119.010002,110.5,111.16999799999999,111.16999799999999,48882435
2018-05-29,111.16999799999999,122.709999,109.900002,119.5,119.5,55588062
2018-05-30,119.489998,122.849998,115.019997,117.230003,117.230003,42373472
2018-05-31,117.230003,120.900002,116.440002,118.379997,118.379997,37147157
2018-06-01,118.379997,120.529999,116.900002,120.199997,120.199997,33361533
2018-06-02,120.199997,124.41999799999999,118.82,123.620003,123.620003,35986922
2018-06-03,123.620003,128.050003,122.300003,125.18,125.18,32685265
2018-06-04,125.18,126.720001,118.379997,119.959999,119.959999,29898012
2018-06-05,119.959999,122.410004,116.309998,122.08000200000001,122.08000200000001,32609984
2018-06-06,122.08000200000001,122.66999799999999,118.529999,121.489998,121.489998,28354244
2018-06-07,121.489998,123.559998,119.66999799999999,121.629997,121.629997,29585122
2018-06-08,121.629997,122.059998,118.449997,119.989998,119.989998,21602360
2018-06-09,119.989998,120.959999,117.110001,117.459999,117.459999,17196076
2018-06-10,117.459999,117.459999,103.190002,106.75,106.75,89238775
2018-06-11,106.730003,108.730003,103.08000200000001,107.220001,107.220001,47301326
2018-06-12,107.220001,107.91999799999999,97.440002,100.040001,100.040001,54531308
2018-06-13,100.040001,100.379997,89.279999,93.739998,93.739998,68066180
2018-06-14,93.709999,102.91999799999999,92.839996,101.019997,101.019997,54886993
2018-06-15,101.019997,101.019997,94.769997,95.550003,95.550003,29612043
2018-06-16,95.550003,97.58000200000001,92.779999,96.699997,96.699997,20925978
2018-06-17,96.699997,98.220001,94.66999799999999,94.980003,94.980003,15068744
2018-06-18,94.980003,99.809998,93.16999799999999,98.730003,98.730003,31106171
2018-06-19,98.730003,101.58000200000001,97.029999,98.660004,98.660004,24653268
2018-06-20,98.660004,98.949997,95.400002,97.849998,97.849998,17993415
2018-06-21,97.849998,99.199997,96.050003,96.699997,96.699997,16913063
2018-06-22,96.699997,96.800003,80.25,84.959999,84.959999,67626758
2018-06-23,84.970001,86.949997,81.559998,82.970001,82.970001,26051707
2018-06-24,82.959999,83.66999799999999,73.43,80.620003,80.620003,57122872
2018-06-25,80.620003,84.370003,78.730003,81.610001,81.610001,35940220
2018-06-26,81.610001,82.5,75.379997,75.83000200000001,75.83000200000001,25910816
2018-06-27,75.82,81.82,74.970001,80.730003,80.730003,28520796
2018-06-28,80.730003,81.260002,74.07,74.190002,74.190002,28660312
2018-06-29,74.18,80.510002,72.529999,79.040001,79.040001,39528213
2018-06-30,79.040001,84.339996,79.029999,81.120003,81.120003,34771578
2018-07-01,81.120003,81.470001,77.75,79.889999,79.889999,17128443
2018-07-02,79.889999,86.739998,78.279999,85.489998,85.489998,31692258
2018-07-03,85.489998,89.839996,84.040001,84.989998,84.989998,36685141
2018-07-04,84.989998,89.040001,83.470001,85.400002,85.400002,23444801
2018-07-05,85.400002,86.889999,81.93,83.300003,83.300003,29563885
2018-07-06,83.300003,84.089996,80.779999,83.08000200000001,83.08000200000001,18789194
2018-07-07,83.08000200000001,85.389999,79.470001,84.879997,84.879997,20619467
2018-07-08,84.879997,85.639999,81.93,82.220001,82.220001,19643413
2018-07-09,82.220001,83.08000200000001,80.08000200000001,80.470001,80.470001,20788466
2018-07-10,80.470001,80.519997,74.489998,75.940002,75.940002,36901216
2018-07-11,75.940002,80.93,75.559998,78.300003,78.300003,29056363
2018-07-12,78.300003,78.32,74.43,76.989998,76.989998,24018017
2018-07-13,76.989998,78.589996,75.209999,76.620003,76.620003,24157905
2018-07-14,76.620003,77.459999,75.589996,76.269997,76.269997,13110692
2018-07-15,76.269997,79.389999,75.349998,78.629997,78.629997,18017491
2018-07-16,78.629997,84.139999,77.83000200000001,83.66999799999999,83.66999799999999,34823097
2018-07-17,83.66999799999999,90.089996,81.550003,89.050003,89.050003,43888986
2018-07-18,89.050003,94.400002,85.160004,86.32,86.32,54461532
2018-07-19,86.32,88.91999799999999,85.07,86.199997,86.199997,25284176
2018-07-20,86.199997,86.610001,81.08000200000001,81.82,81.82,30958978
2018-07-21,81.82,84.769997,79.739998,83.610001,83.610001,17040213
2018-07-22,83.559998,84.07,81.870003,82.300003,82.300003,16559526
2018-07-23,82.300003,85.870003,81.239998,81.25,81.25,28295705
2018-07-24,81.25,89.550003,80.839996,89.160004,89.160004,44747408
2018-07-25,89.190002,90.480003,84.889999,86.339996,86.339996,25220487
2018-07-26,86.339996,87.800003,82.860001,83.540001,83.540001,17925965
2018-07-27,83.540001,85.010002,81.599998,84.449997,84.449997,21464619
2018-07-28,84.449997,84.639999,82.470001,84.019997,84.019997,9079264
2018-07-29,84.019997,85.16999799999999,83.389999,83.949997,83.949997,8510256
2018-07-30,83.949997,84.629997,79.779999,82.190002,82.190002,20544419
2018-07-31,82.190002,82.41999799999999,76.050003,78.839996,78.839996,26505388
2018-08-01,78.839996,79.019997,75.989998,77.639999,77.639999,20876041
2018-08-02,77.639999,78.379997,75.550003,76.199997,76.199997,12805088
2018-08-03,76.199997,77.790001,74.970001,77.589996,77.589996,15839820
2018-08-04,77.589996,78.029999,72.309998,73.019997,73.019997,15255841
2018-08-05,73.019997,74.660004,72.400002,74.650002,74.650002,10567346
2018-08-06,74.650002,76.790001,72.470001,73.58000200000001,73.58000200000001,13165465
2018-08-07,73.58000200000001,75.040001,66.66999799999999,67.33000200000001,67.33000200000001,28846084
2018-08-08,67.33000200000001,67.470001,60.970001,62.220001,62.220001,43140754
2018-08-09,62.220001,65.059998,60.189999,63.009997999999996,63.009997999999996,24042619
2018-08-10,63.02,63.209998999999996,58.110001000000004,59.139998999999996,59.139998999999996,23475581
2018-08-11,59.139998999999996,59.200001,55.080002,55.34,55.34,14216190
2018-08-12,55.34,55.34,55.34,55.34,55.34,0
2018-08-13,59.369999,60.580002,55.720001,56.470001,56.470001,17307509
2018-08-14,56.490002000000004,56.490002000000004,49.310001,54.369999,54.369999,38140859
2018-08-15,54.369999,59.349998,53.959998999999996,54.41,54.41,44720269
2018-08-16,54.41,57.630001,54.150002,55.389998999999996,55.389998999999996,15751740
2018-08-17,55.389998999999996,61.830002,55.139998999999996,61.790001000000004,61.790001000000004,25170257
2018-08-18,61.790001000000004,62.419998,55.48,57.240002000000004,57.240002000000004,19299587
2018-08-19,57.240002000000004,58.970001,56.349998,57.82,57.82,11648423
2018-08-20,57.82,58.529999,53.25,53.400002,53.400002,29232592
2018-08-21,53.400002,56.779999,53.220001,56.400002,56.400002,13242617
2018-08-22,56.400002,59.200001,53.959998999999996,55.18,55.18,27522586
2018-08-23,55.18,57.880001,54.939999,57.279999,57.279999,12764146
2018-08-24,57.279999,58.349998,55.630001,57.919998,57.919998,10872548
2018-08-25,57.919998,58.380001,57.099998,57.939999,57.939999,7189841
2018-08-26,57.939999,58.139998999999996,55.98,57.080002,57.080002,7597575
2018-08-27,57.09,61.099998,56.66,60.689999,60.689999,14751667
2018-08-28,60.689999,63.77,59.77,63.16,63.16,22900898
2018-08-29,63.16,63.380001,60.330002,61.540001000000004,61.540001000000004,15761195
2018-08-30,61.540001000000004,61.68,58.619999,60.23,60.23,14352084
2018-08-31,60.220001,62.720001,59.57,62.130001,62.130001,11993871
2018-09-01,62.119999,67.879997,62.110001000000004,66.470001,66.470001,25828917
2018-09-02,66.470001,66.989998,64.199997,66.220001,66.220001,14702952
2018-09-03,66.230003,66.5,64.410004,65.379997,65.379997,12060075
2018-09-04,65.379997,69.379997,65.349998,67.68,67.68,23820410
2018-09-05,67.68,68.33000200000001,57.52,57.73,57.73,44300364
2018-09-06,57.73,57.799999,53.98,57.490002000000004,57.490002000000004,39640901
2018-09-07,57.490002000000004,58.669998,55.080002,55.549999,55.549999,16390251
