Date,Gold_am,Gold_pm,Silver
2010-07-19,1190.25,1181,17.78
2010-07-20,1181.5,1183,17.55
2010-07-21,1191.25,1191.5,17.88
2010-07-22,1187,1199.5,17.82
2010-07-23,1198.75,1190.5,18.17
2010-07-26,1189,1183.5,18.01
2010-07-27,1184,1168,18.16
2010-07-28,1164,1157,17.63
2010-07-29,1166,1162.5,17.6
2010-07-30,1168,1169,17.66
2010-08-02,1178,1188.5,18.11
2010-08-03,1184,1187.5,18.42
2010-08-04,1194.5,1199.5,18.5
2010-08-05,1195.5,1192.5,18.35
2010-08-06,1194.5,1207.75,18.3
2010-08-09,1206,1203,18.48
2010-08-10,1196.75,1192.5,18.09
2010-08-11,1198,1205.5,18.12
2010-08-12,1200,1213,17.92
2010-08-13,1215,1214.25,18.06
2010-08-16,1222,1223.5,18.2
2010-08-17,1226.25,1226,18.54
2010-08-18,1223,1218,18.36
2010-08-19,1228,1233.5,18.45
2010-08-20,1230.5,1223.5,18.14
2010-08-23,1227,1226,17.94
2010-08-24,1218,1222,17.88
2010-08-25,1237.5,1237.5,18.63
2010-08-26,1240.25,1237,19.11
2010-08-27,1234.5,1235,19.03
2010-08-31,1233.5,1246,18.87
2010-09-01,1250,1246.5,19.47
2010-09-02,1247.75,1248.5,19.45
2010-09-03,1252,1240.5,19.66
2010-09-06,1249.5,1249,19.86
2010-09-07,1247.25,1256.75,19.65
2010-09-08,1258,1255,20.02
2010-09-09,1253.5,1255,19.97
2010-09-10,1248.75,1246.5,19.9
2010-09-13,1243,1243.75,19.93
2010-09-14,1253.25,1265.5,20.31
2010-09-15,1270,1267,20.44
2010-09-16,1271.25,1272.5,20.76
2010-09-17,1281.5,1274,20.85
2010-09-20,1280.25,1279.25,20.91
2010-09-21,1278.75,1275,20.76
2010-09-22,1291.75,1293.5,21.08
2010-09-23,1291.5,1290.75,21.08
2010-09-24,1298,1297,21.35
2010-09-27,1298.25,1297,21.54
2010-09-28,1289,1294,21.165
2010-09-29,1307.5,1307.5,21.87
2010-09-30,1311,1307,22.07
2010-10-01,1313,1316.25,21.95
2010-10-04,1316,1313.5,22.03
2010-10-05,1325.75,1330.5,22.24
2010-10-06,1347,1346.5,22.92
2010-10-07,1359.5,1345,23.38
2010-10-08,1330.5,1341.5,22.37
2010-10-11,1348.5,1351.5,23.31
2010-10-12,1343.5,1348.5,23.03
2010-10-13,1358.5,1365.5,23.53
2010-10-14,1380.75,1373.25,24.49
2010-10-15,1377.25,1367.5,24.42
2010-10-18,1359.75,1367.25,24.02
2010-10-19,1367.75,1339,24.26
2010-10-20,1340.5,1339,23.71
2010-10-21,1345.25,1343.5,23.9
2010-10-22,1319,1322.5,23.05
2010-10-25,1345,1337.5,23.71
2010-10-26,1334,1329.5,23.48
2010-10-27,1332.25,1324.5,23.77
2010-10-28,1326.5,1333.5,23.73
2010-10-29,1336.75,1346.75,23.96
2010-11-01,1361.5,1354.5,24.91
2010-11-02,1358,1351,24.73
2010-11-03,1358.5,1345.5,25
2010-11-04,1361,1381,25.38
2010-11-05,1384.25,1395.5,26.14
2010-11-08,1390,1388.5,26.72
2010-11-09,1416.25,1421,28.55
2010-11-10,1402,1390.5,27.53
2010-11-11,1413,1398.5,27.75
2010-11-12,1387,1388.5,26.79
2010-11-15,1367,1368.5,26.01
2010-11-16,1363.25,1349,25.48
2010-11-17,1336.5,1337.5,25.2
2010-11-18,1356.75,1350.25,26.57
2010-11-19,1357.5,1342.5,27.07
2010-11-22,1357.5,1356.5,27.42
2010-11-23,1361,1377.5,27.31
2010-11-24,1376.25,1372.5,27.41
2010-11-25,1370.5,1373.25,27.44
2010-11-26,1366.5,1355,26.62
2010-11-29,1360,1357,26.74
2010-11-30,1375,1383.5,27.13
2010-12-01,1391.5,1385.5,28.74
2010-12-02,1390,1389,28.5
2010-12-03,1391.75,1403.5,28.74
2010-12-06,1411.5,1415.25,29.6
2010-12-07,1426,1420,30.5
2010-12-08,1395,1385.5,29.02
2010-12-09,1382,1391.25,28.41
2010-12-10,1390,1375.25,28.79
2010-12-13,1388.25,1399,29.33
2010-12-14,1405,1394.5,29.88
2010-12-15,1388.25,1388.75,29.06
2010-12-16,1384,1363,29.15
2010-12-17,1374.75,1368.5,28.78
2010-12-20,1381,1380,29.21
2010-12-21,1386,1383,29.25
2010-12-22,1389,1387,29.35
2010-12-23,1384,1373.5,29.18
2010-12-24,1380.5,,29.07
2010-12-29,1403.5,1412.5,30.44
2010-12-30,1411.5,1405.5,30.7
2010-12-31,1410.25,,30.63
2011-01-04,1405.5,1388.5,30.67
2011-01-05,1382.75,1368,29.21
2011-01-06,1376,1368.5,29.08
2011-01-07,1358,1367,28.39
2011-01-10,1368.25,1368.25,28.79
2011-01-11,1381,1374,29.54
2011-01-12,1383.5,1378.75,29.6
2011-01-13,1380.75,1381.5,29.22
2011-01-14,1369.25,1367,28.52
2011-01-17,1357.5,1360.5,28.19
2011-01-18,1368.75,1369.5,28.79
2011-01-19,1373.75,1372,29.32
2011-01-20,1364.5,1345.5,28.41
2011-01-21,1344,1343.5,27.14
2011-01-24,1347.5,1343,27.56
2011-01-25,1326,1324,26.7
2011-01-26,1335.5,1328,27.1
2011-01-27,1337.5,1334.5,27.39
2011-01-28,1316,1319,26.68
2011-01-31,1333.5,1327,27.75
2011-02-01,1337.5,1331.5,28.32
2011-02-02,1337,1337,28.27
2011-02-03,1332.5,1328,28.3
2011-02-04,1347.5,1355,28.91
2011-02-07,1347,1347.5,29.21
2011-02-08,1354,1363.5,29.42
2011-02-09,1362.5,1365,30.22
2011-02-10,1358.75,1353.25,29.8
2011-02-11,1359,1364,30
2011-02-14,1356.75,1365,30.16
2011-02-15,1372.25,1372.75,30.72
2011-02-16,1374.5,1371.25,30.77
2011-02-17,1377,1379,30.61
2011-02-18,1385.5,1383.5,31.94
2011-02-21,1399.5,1403,33.43
2011-02-22,1394.5,1401,32.89
2011-02-23,1401.25,1409.25,33.29
2011-02-24,1414.5,1411.5,33.28
2011-02-25,1405,1402.5,32.54
2011-02-28,1409.75,1411,33.49
2011-03-01,1414.5,1420.75,34.37
2011-03-02,1430.5,1435.5,34.75
2011-03-03,1430.5,1421.5,34.53
2011-03-04,1418,1427,34.43
2011-03-07,1437,1437.5,36.6
2011-03-08,1435,1426.25,36.37
2011-03-09,1431.5,1431,36.17
2011-03-10,1424.25,1413.25,35.19
2011-03-11,1409.75,1411.5,34.1
2011-03-14,1424.5,1422.25,36.18
2011-03-15,1407,1400.5,33.88
2011-03-16,1398.5,1402,34.73
2011-03-17,1403.5,1403.75,34.47
2011-03-18,1415.5,1420,35.15
2011-03-21,1427.75,1432,36.16
2011-03-22,1425.5,1426,35.95
2011-03-23,1433,1439.5,36.58
2011-03-24,1441.25,1447,37.78
2011-03-25,1434,1436,37.68
2011-03-28,1420,1417,36.62
2011-03-29,1414,1417.5,36.62
2011-03-30,1419,1425.5,37.53
2011-03-31,1431,1439,37.87
2011-04-01,1434.5,1418,37.63
2011-04-04,1432.5,1435.5,38.46
2011-04-05,1434.5,1433.5,38.08
2011-04-06,1457,1461.5,39.63
2011-04-07,1456.5,1459.5,39.51
2011-04-08,1470.5,1469.5,40.22
2011-04-11,1469.5,1468,41.37
2011-04-12,1461.25,1450.5,40.44
2011-04-13,1458,1457.5,40.22
2011-04-14,1457.5,1465.75,40.67
2011-04-15,1472.5,1476.75,42.61
2011-04-18,1484.5,1493,42.79
2011-04-19,1495,1490.5,43.22
2011-04-20,1505,1501,44.79
2011-04-21,1507,1504,46.26
2011-04-26,1505,1497.5,45.48
2011-04-27,1508,1511,45.3
2011-04-28,1531,1535.5,48.7
2011-05-03,1546.5,1540.25,43.61
2011-05-04,1536,1541,40.29
2011-05-05,1514.5,1511,37.84
2011-05-06,1487.75,1486.5,34.2
2011-05-09,1505,1502,38
2011-05-10,1517.25,1513.5,38.4
2011-05-11,1524.5,1508,39.18
2011-05-12,1488.25,1489.5,32.5
2011-05-13,1511,1505.75,36.2
2011-05-16,1495,1500.75,34.35
2011-05-17,1495.5,1478.5,34.28
2011-05-18,1491.25,1496.5,34.59
2011-05-19,1488.75,1493,35.75
2011-05-20,1502.75,1490.75,34.8
2011-05-23,1508.5,1510.5,34.7
2011-05-24,1520.75,1527,35.85
2011-05-25,1527,1526.25,37.17
2011-05-26,1521.5,1518.5,36.95
2011-05-27,1525,1533,37.69
2011-05-31,1537,1536.5,38.65
2011-06-01,1532.25,1533.75,37.95
2011-06-02,1540.75,1539.5,37.22
2011-06-03,1531,1540,35.19
2011-06-06,1542.75,1549,36.87
2011-06-07,1548.4,1545,37.41
2011-06-08,1535.5,1537.75,36.22
2011-06-09,1534,1537.75,37.03
2011-06-10,1541,1529.25,37.38
2011-06-13,1524.7,1526.25,35.51
2011-06-14,1519,1516,34.68
2011-06-15,1517.75,1529.75,35.26
2011-06-16,1525,1523.25,35.55
2011-06-17,1526.25,1537.5,35.39
2011-06-20,1537,1544,35.58
2011-06-21,1543,1544.75,36.22
2011-06-22,1546,1552.5,35.91
2011-06-23,1541.5,1523,36.01
2011-06-24,1521,1514.75,34.73
2011-06-27,1501,1498,34.01
2011-06-28,1502.5,1499,33.96
2011-06-29,1506,1504.25,34.39
2011-06-30,1508,1505.5,35.02
2011-07-01,1492.75,1483,33.85
2011-07-04,1495.25,1495,34.1
2011-07-05,1498.75,1510,34.76
2011-07-06,1515.8,1527.25,35.38
2011-07-07,1526.25,1527.5,35.86
2011-07-08,1526,1541.5,36.28
2011-07-11,1543.5,1555.5,36.36
2011-07-12,1544.5,1550.5,34.91
2011-07-13,1571.5,1579,36.75
2011-07-14,1592.5,1590.5,39.4
2011-07-15,1578.5,1587,38.17
2011-07-18,1598.25,1599,40.33
2011-07-19,1602,1601,40.32
2011-07-20,1584.25,1586,38.59
2011-07-21,1600.5,1601,39.78
2011-07-22,1588,1602,39.67
2011-07-25,1618.5,1613.5,40.78
2011-07-26,1610,1612.75,40.34
2011-07-27,1621,1625,40.81
2011-07-28,1617.5,1613.5,40.19
2011-07-29,1613.75,1628.5,39.63
2011-08-01,1613.5,1623,39.31
2011-08-02,1624,1637.75,39.73
2011-08-03,1667.5,1669.25,41.04
2011-08-04,1664.25,1679.5,41.62
2011-08-05,1665,1658.75,39.24
2011-08-08,1709.75,1693,39.86
2011-08-09,1770,1736,38.36
2011-08-10,1753.75,1772,38.31
2011-08-11,1786,1760,39.18
2011-08-12,1755,1736,38.29
2011-08-15,1738,1739,39.18
2011-08-16,1779,1782.5,39.36
2011-08-17,1792,1790,40.02
2011-08-18,1794.5,1824,40.32
2011-08-19,1862,1848,41.98
2011-08-22,1877.75,1877.5,43.49
2011-08-23,1886.5,1876,42.88
2011-08-24,1850,1770,42.08
2011-08-25,1716.5,1729,39
2011-08-26,1787,1788,41.06
2011-08-30,1791,1825,40.9
2011-08-31,1826,1813.5,41.35
2011-09-01,1815.5,1821,41.47
2011-09-02,1854,1875,42.5
2011-09-05,1896.5,1895,42.71
2011-09-06,1891,1895,41.85
2011-09-07,1844,1810,40.98
2011-09-08,1827,1855,42.14
2011-09-09,1879.5,1851,41.4
2011-09-12,1843,1834,40.81
2011-09-13,1806,1820,40.02
2011-09-14,1829,1818.5,41.23
2011-09-15,1806,1782,40.34
2011-09-16,1778,1794,39.97
2011-09-19,1817,1794,40.46
2011-09-20,1792,1799,39.18
2011-09-21,1810.25,1793,40.25
2011-09-22,1765.5,1722,37.85
2011-09-23,1730,1689,32.9
2011-09-26,1615,1598,28.16
2011-09-27,1671,1659,33.5
2011-09-28,1655,1643,31.04
2011-09-29,1620,1613,30.19
2011-09-30,1629,1620,30.45
2011-10-03,1660,1655.5,31.05
2011-10-04,1672,1638,30.6
2011-10-05,1600,1617,28.69
2011-10-06,1649.5,1635,31.8
2011-10-07,1651,1652,31.98
2011-10-10,1664,1661,32.23
2011-10-11,1662,1663,31.37
2011-10-12,1687,1682,32.89
2011-10-13,1673,1656,31.97
2011-10-14,1676,1678,31.82
2011-10-17,1689,1682,32.3
2011-10-18,1658,1631,31
2011-10-19,1651,1652.5,31.97
2011-10-20,1629,1620,30.79
2011-10-21,1623,1642.5,30.8
2011-10-24,1651,1652,31.7
2011-10-25,1656.25,1656,32
2011-10-26,1713,1715,33.3
2011-10-27,1708,1718,33.55
2011-10-28,1735,1741,35.42
2011-10-31,1718,1722,34.24
2011-11-01,1702,1699,32.97
2011-11-02,1731,1743,33.83
2011-11-03,1732.5,1758,34.72
2011-11-04,1756,1749,33.95
2011-11-07,1764,1782,34.48
2011-11-08,1794,1795,34.64
2011-11-09,1780,1784,34.58
2011-11-10,1766,1756,33.71
2011-11-11,1764,1773,33.77
2011-11-14,1780.5,1776,34.38
2011-11-15,1765,1785,34.02
2011-11-16,1773,1756,34.45
2011-11-17,1756,1742.5,33.3
2011-11-18,1730,1719,32.25
2011-11-21,1704,1702,30.9
2011-11-22,1697.5,1699,31.85
2011-11-23,1686,1681,31.51
2011-11-24,1699,1692.5,31.94
2011-11-25,1676,1688.5,31.24
2011-11-28,1714,1714,32
2011-11-29,1717,1717,31.96
2011-11-30,1704,1746,31.35
2011-12-01,1750,1752,33.28
2011-12-02,1751,1747,33.15
2011-12-05,1744,1744,32.48
2011-12-06,1720,1708,31.85
2011-12-07,1731,1735.5,32.45
2011-12-08,1739,1715,32.64
2011-12-09,1712,1709,32
2011-12-12,1680,1659.5,31.22
2011-12-13,1665,1672.5,31.34
2011-12-14,1635,1603,29.92
2011-12-15,1590,1574,28.8
2011-12-16,1589.5,1594,29.78
2011-12-19,1593,1598,28.78
2011-12-20,1605,1613.5,29.28
2011-12-21,1637.5,1608,29.75
2011-12-22,1609,1606.5,29.3
2011-12-23,1607.5,,29.22
2011-12-28,1584,1571,28.65
2011-12-29,1537.5,1531,26.16
2011-12-30,1574.5,,28.18
2012-01-03,1590,1598,28.78
2012-01-04,1603,1613,29.18
2012-01-05,1614.5,1599,28.92
2012-01-06,1621,1616.5,29.4
2012-01-09,1618,1615,28.85
2012-01-10,1627,1637,29.69
2012-01-11,1641,1634.5,29.81
2012-01-12,1652.5,1661,30.58
2012-01-13,1642,1635.5,29.64
2012-01-16,1643.5,1641,29.9
2012-01-17,1662,1656,30.41
2012-01-18,1657,1647,30.15
2012-01-19,1664,1655,30.79
2012-01-20,1646,1653,30.36
2012-01-23,1675,1675.5,32.45
2012-01-24,1669,1665.5,31.95
2012-01-25,1659,1650,31.67
2012-01-26,1713,1727,33.35
2012-01-27,1722,1726,33.48
2012-01-30,1720.5,1729,33.18
2012-01-31,1738,1744,33.6
2012-02-01,1744,1740,33.8
2012-02-02,1747.5,1751,33.67
2012-02-03,1759.5,1734,33.93
2012-02-06,1717,1719,33.52
2012-02-07,1720,1724,33.28
2012-02-08,1743,1746,34.37
2012-02-09,1733,1748,33.8
2012-02-10,1715.5,1711.5,33.55
2012-02-13,1727,1720,33.84
2012-02-14,1721,1722,33.51
2012-02-15,1725.5,1733,33.69
2012-02-16,1716,1713,33.18
2012-02-17,1732,1723,33.48
2012-02-20,1729.5,1733,33.56
2012-02-21,1737,1748,33.65
2012-02-22,1754.75,1752,34.08
2012-02-23,1776.5,1777,34.55
2012-02-24,1778.5,1777.5,35.57
2012-02-27,1765,1772,35.09
2012-02-28,1774.75,1781,35.6
2012-02-29,1788,1770,37.23
2012-03-01,1721,1714,34.56
2012-03-02,1714.5,1707,35.21
2012-03-05,1698,1705,34.18
2012-03-06,1685.5,1669,33.22
2012-03-07,1682.5,1677.5,33.17
2012-03-08,1701.5,1690,34.09
2012-03-09,1699.5,1687.5,33.87
2012-03-12,1705.25,1697.5,33.77
2012-03-13,1694.75,1690,33.58
2012-03-14,1662,1644.25,32.84
2012-03-15,1646.75,1648,32.36
2012-03-16,1649,1658,32.27
2012-03-19,1654,1661.5,32.44
2012-03-20,1648.5,1656.75,32.22
2012-03-21,1656,1649.25,31.97
2012-03-22,1636,1635.5,31.79
2012-03-23,1651,1664,31.54
2012-03-26,1658,1680.25,32.23
2012-03-27,1694,1692,33.01
2012-03-28,1677,1676,32.43
2012-03-29,1655.75,1657.5,31.79
2012-03-30,1660.75,1662.5,32.43
2012-04-02,1664,1677.5,32.42
2012-04-03,1674.75,1676.25,32.97
2012-04-04,1631.75,1621,31.98
2012-04-05,1622.5,1631,31.27
2012-04-10,1643.75,1644,31.55
2012-04-11,1654,1658,31.7
2012-04-12,1655.5,1668.5,31.47
2012-04-13,1670.5,1666.5,32.365
2012-04-16,1648.25,1653,31.32
2012-04-17,1652,1635.5,31.64
2012-04-18,1646.5,1644,31.61
2012-04-19,1642,1650,31.47
2012-04-20,1640,1641.5,31.79
2012-04-23,1632,1629,31.16
2012-04-24,1638.75,1649.5,30.86
2012-04-25,1641.25,1637.75,30.88
2012-04-26,1648.25,1653.5,30.7
2012-04-27,1654,1663.5,31.14
2012-04-30,1662.5,1651.25,31.2
2012-05-01,1661.25,1664,30.78
2012-05-02,1652.5,1648,30.52
2012-05-03,1642.5,1637.75,30.36
2012-05-04,1629.5,1643.75,29.9
2012-05-08,1627,1602.5,29.58
2012-05-09,1585.5,1582.5,28.77
2012-05-10,1590,1598.5,29.25
2012-05-11,1580.75,1583,28.58
2012-05-14,1563,1558.5,28.33
2012-05-15,1559,1556.5,28.28
2012-05-16,1537.5,1548.5,27.25
2012-05-17,1547,1554,27.48
2012-05-18,1588,1589.5,28.48
2012-05-21,1590.25,1592.5,28.39
2012-05-22,1575.75,1582.5,28.07
2012-05-23,1555,1549,27.76
2012-05-24,1558.5,1568.5,28.08
2012-05-25,1560.5,1569.5,28.24
2012-05-28,1579,1574.6,28.52
2012-05-29,1573.75,1579.5,28.25
2012-05-30,1548.75,1540,27.68
2012-05-31,1567.5,1558,28.1
2012-06-01,1552.5,1606,27.38
2012-06-06,1633.25,1635,29.36
2012-06-07,1620.75,1606,29.28
2012-06-08,1576,1576.5,28.17
2012-06-11,1593,1584,28.63
2012-06-12,1589.25,1603.5,28.54
2012-06-13,1612.75,1619.5,28.87
2012-06-14,1619,1613.5,28.88
2012-06-15,1622.25,1627.25,28.66
2012-06-18,1623.5,1615.5,28.43
2012-06-19,1628.5,1625.5,28.81
2012-06-20,1618.75,1601,28.31
2012-06-21,1600,1582,27.88
2012-06-22,1570.5,1565.5,26.81
2012-06-25,1569,1570,26.72
2012-06-26,1583.25,1576,27.44
2012-06-27,1567.5,1573.5,26.835
2012-06-28,1567.75,1558.5,26.81
2012-06-29,1569.5,1598.5,27.08
2012-07-02,1596.25,1592,27.36
2012-07-03,1608.5,1617.5,27.92
2012-07-04,1617,1613.5,28.11
2012-07-05,1616.75,1604,28.33
2012-07-06,1591.75,1587,27.32
2012-07-09,1581,1585,27.24
2012-07-10,1594.5,1595.25,27.57
2012-07-11,1576.5,1577,27.11
2012-07-12,1565.5,1556.25,26.67
2012-07-13,1579,1595.5,27.48
2012-07-16,1584,1589.75,27.05
2012-07-17,1595,1585.25,27.42
2012-07-18,1579.5,1575.25,27.03
2012-07-19,1580,1584,27.45
2012-07-20,1583,1576.25,27.07
2012-07-23,1571.5,1572.25,26.95
2012-07-24,1573,1583.25,26.93
2012-07-25,1587.5,1601,27.11
2012-07-26,1603,1618,27.81
2012-07-27,1618.75,1618.25,27.73
2012-07-30,1616.5,1617.75,27.64
2012-07-31,1622.75,1622,28.2
2012-08-01,1614.75,1599,27.87
2012-08-02,1604.5,1597,27.42
2012-08-03,1595,1602,27.25
2012-08-06,1606.75,1610,27.72
2012-08-07,1613,1611,28
2012-08-08,1607,1613.25,27.84
2012-08-09,1612.75,1615,28.02
2012-08-10,1608.5,1618.5,27.88
2012-08-13,1622.25,1622.5,28.05
2012-08-14,1614.5,1597.75,27.84
2012-08-15,1594.75,1601.75,27.64
2012-08-16,1603.5,1604.5,27.84
2012-08-17,1616.5,1614.75,28.2
2012-08-20,1615.25,1615,28.1
2012-08-21,1624,1639.5,28.92
2012-08-22,1640.5,1642,29.33
2012-08-23,1662.5,1665.25,30.32
2012-08-24,1666.5,1667,30.37
2012-08-28,1663.5,1668,30.81
2012-08-29,1664.25,1660,30.73
2012-08-30,1657,1660.5,30.66
2012-08-31,1657.75,1648.5,30.52
2012-09-03,1686,1691.5,31.74
2012-09-04,1691.5,1697,32.08
2012-09-05,1689.5,1690,32.1
2012-09-06,1708.5,1701,32.87
2012-09-07,1696,1728,32.22
2012-09-10,1732.75,1732,33.6
2012-09-11,1731,1736.75,33.52
2012-09-12,1742.75,1737,33.93
2012-09-13,1730.5,1733.25,33
2012-09-14,1772.5,1775.5,34.71
2012-09-17,1767.25,1770,34.53
2012-09-18,1756.75,1769.5,34.06
2012-09-19,1774.5,1766.75,34.65
2012-09-20,1760,1758.5,34.25
2012-09-21,1773.75,1784.5,34.69
2012-09-24,1758.5,1762.5,33.73
2012-09-25,1766.75,1771.5,34.01
2012-09-26,1763.75,1744.75,33.88
2012-09-27,1755.25,1763,33.95
2012-09-28,1781,1776,34.65
2012-10-01,1770.5,1787,34.35
2012-10-02,1778.5,1775.5,34.85
2012-10-03,1777.25,1775.25,34.72
2012-10-04,1786.5,1791.75,34.96
2012-10-05,1790,1784,34.85
2012-10-08,1769,1776.5,33.85
2012-10-09,1770.75,1774,33.87
2012-10-10,1763,1761.25,33.25
2012-10-11,1767.25,1769,34.25
2012-10-12,1767,1766.75,33.79
2012-10-15,1747.25,1736,33.22
2012-10-16,1737.5,1746.5,32.8
2012-10-17,1747.75,1749,33.03
2012-10-18,1748,1743,32.99
2012-10-19,1732.75,1737,32.33
2012-10-22,1725,1726.75,32.17
2012-10-23,1717,1711,31.71
2012-10-24,1708.5,1706.5,31.95
2012-10-25,1715,1715.5,32.08
2012-10-26,1704,1716,31.67
2012-10-29,1712,1707,31.82
2012-10-30,1713.5,1710,31.98
2012-10-31,1718,1719,32.28
2012-11-01,1723.25,1716.25,32.66
2012-11-02,1708.25,1685,31.92
2012-11-05,1679,1683.5,30.91
2012-11-06,1691.75,1691,31.4
2012-11-07,1730.5,1715.25,32.14
2012-11-08,1715,1717,31.7
2012-11-09,1732.75,1738.25,32.16
2012-11-12,1735.75,1735.25,32.63
2012-11-13,1724.75,1726.25,32.58
2012-11-14,1724.5,1725.75,32.48
2012-11-15,1723.5,1710,32.57
2012-11-16,1710,1713.5,32.27
2012-11-19,1723.25,1730.5,32.67
2012-11-20,1734,1732.25,33.19
2012-11-21,1726.75,1724,33.01
2012-11-22,1729.75,1731,33.29
2012-11-23,1734.75,1734.5,33.41
2012-11-26,1747.25,1750.5,34.08
2012-11-27,1747.25,1746.25,34.05
2012-11-28,1741,1708,33.85
2012-11-29,1724.5,1725,33.76
2012-11-30,1728.25,1728.25,34.28
2012-12-03,1718,1720,33.42
2012-12-04,1706.75,1697.75,33.3
2012-12-05,1703,1694,33.07
2012-12-06,1693,1694.25,32.83
2012-12-07,1697,1701.5,32.85
2012-12-10,1708.5,1712.5,33.34
2012-12-11,1709.75,1710,33.17
2012-12-12,1712.5,1616.25,33.1
2012-12-13,1694.75,1692.75,32.69
2012-12-14,1696.5,1696.25,32.52
2012-12-17,1690,1695.75,32.21
2012-12-18,1699.5,1694,32.38
2012-12-19,1674.5,1665,31.37
2012-12-20,1667,1650.5,31.12
2012-12-21,1648.25,1655.5,29.89
2012-12-24,1662.5,,30.19
2012-12-27,1655.25,1655.5,29.75
2012-12-28,1658.75,1657.5,30.15
2012-12-31,1664,,29.95
2013-01-02,1681.5,1693.75,30.87
2013-01-03,1684.5,1679.5,30.91
2013-01-04,1632.25,1648,29.32
2013-01-07,1653.75,1645.25,30.14
2013-01-08,1653.75,1656,30.39
2013-01-09,1663.5,1657.75,30.39
2013-01-10,1663,1675,30.49
2013-01-11,1669.5,1657.5,30.67
2013-01-14,1667.75,1666.5,30.76
2013-01-15,1681,1680.5,31.19
2013-01-16,1679.75,1676.25,31.23
2013-01-17,1683.25,1675,31.5
2013-01-18,1690,1688.5,31.82
2013-01-21,1688,1687.5,31.9
2013-01-22,1692.5,1690.5,31.94
2013-01-23,1692.25,1690.25,32.23
2013-01-24,1677,1671,31.85
2013-01-25,1670.25,1660,31.56
2013-01-28,1656.75,1656.5,30.87
2013-01-29,1660.5,1663.5,31.06
2013-01-30,1666.25,1677.5,31.35
2013-01-31,1674.5,1664.75,32.03
2013-02-01,1665,1669,31.43
2013-02-04,1664.25,1666,31.51
2013-02-05,1678,1673.5,32.01
2013-02-06,1670,1674.25,31.7
2013-02-07,1675.75,1668,31.75
2013-02-08,1669.75,1668.25,31.52
2013-02-11,1663.5,1652,31.16
2013-02-12,1641.75,1647.5,30.84
2013-02-13,1648,1645,31.035
2013-02-14,1644,1646,30.88
2013-02-15,1629.25,1612.25,30.18
2013-02-18,1611.25,1610.75,30
2013-02-19,1613.5,1607.75,30
2013-02-20,1602,1588.5,29.11
2013-02-21,1568.5,1577,28.72
2013-02-22,1580,1576.5,28.79
2013-02-25,1592.5,1586.25,29.17
2013-02-26,1597.25,1590.5,28.75
2013-02-27,1608.5,1604.25,29.07
2013-02-28,1591,1588.5,28.95
2013-03-01,1570,1582.25,28.01
2013-03-04,1578,1574.25,28.69
2013-03-05,1584.25,1579.75,28.93
2013-03-06,1574,1574,28.74
2013-03-07,1580.5,1579.5,29.01
2013-03-08,1577,1581.75,28.78
2013-03-11,1577.5,1579,28.9
2013-03-12,1582.5,1594,29.25
2013-03-13,1591.5,1589.25,29.12
2013-03-14,1585,1586,28.64
2013-03-15,1593.25,1595.5,28.91
2013-03-18,1599.5,1603.75,28.8
2013-03-19,1602.5,1610.75,28.85
2013-03-20,1611.5,1607.5,28.9
2013-03-21,1608.75,1613.75,28.91
2013-03-22,1611.5,1607.75,29.06
2013-03-25,1602.25,1599.25,28.67
2013-03-26,1597.25,1598,28.83
2013-03-27,1591,1603,28.33
2013-03-28,1602.5,1598.25,28.64
2013-04-02,1597.75,1583.5,27.96
2013-04-03,1568.5,1574.75,27.19
2013-04-04,1545.25,1546.5,26.8
2013-04-05,1552.75,1568,26.97
2013-04-08,1577.25,1575,27.27
2013-04-09,1572.5,1577.25,27.25
2013-04-10,1581.5,1575,27.74
2013-04-11,1555.75,1565,27.57
2013-04-12,1548,1535.5,27.4
2013-04-15,1416,1395,23.54
2013-04-16,1378,1380,23.47
2013-04-17,1379,1392,23.31
2013-04-18,1397,1393.75,23.51
2013-04-19,1414,1405.5,23.66
2013-04-22,1425,1424.5,23.6
2013-04-23,1417.25,1408,23.01
2013-04-24,1424.5,1428.5,22.91
2013-04-25,1446.5,1451,23.3
2013-04-26,1462.25,1471.5,24.02
2013-04-29,1472.5,1467.5,24.27
2013-04-30,1472.75,1469,24.42
2013-05-01,1469.5,1454.75,23.97
2013-05-02,1456,1469.25,23.69
2013-05-03,1476.5,1469.25,24.25
2013-05-07,1463,1444.25,23.75
2013-05-08,1454,1468,23.86
2013-05-09,1469.5,1465.5,24.07
2013-05-10,1449.25,1426.5,23.37
2013-05-13,1429.75,1430.75,23.66
2013-05-14,1436.5,1433.75,23.44
2013-05-15,1412.25,1410,22.87
2013-05-16,1377,1381,22.26
2013-05-17,1376.75,1368.75,22.52
2013-05-20,1353.75,1354.75,21.66
2013-05-21,1378.75,1360.75,22.44
2013-05-22,1385.25,1408.5,22.62
2013-05-23,1386,1380.5,22.47
2013-05-24,1385.25,1390.25,22.38
2013-05-28,1379,1376.5,22.36
2013-05-29,1384.5,1382.5,22.36
2013-05-30,1406.25,1413.5,22.68
2013-05-31,1410.25,1402.5,22.57
2013-06-03,1396.75,1402.5,22.43
2013-06-04,1405.25,1399.5,22.51
2013-06-05,1396.5,1404,22.37
2013-06-06,1399.5,1400,22.62
2013-06-07,1410,1386,22.6
2013-06-10,1376.75,1383.25,21.81
2013-06-11,1369.5,1374.25,21.58
2013-06-12,1377.25,1382.75,21.78
2013-06-13,1386.25,1385,21.83
2013-06-14,1379.75,1391.25,21.69
2013-06-17,1386,1384.75,21.87
2013-06-18,1378.5,1366.75,21.8
2013-06-19,1366,1372.75,21.62
2013-06-20,1303.25,1292.5,20.24
2013-06-21,1290.25,1295.25,19.87
2013-06-24,1283.25,1286.75,19.65
2013-06-25,1285,1279,19.77
2013-06-26,1229,1236.25,18.67
2013-06-27,1232,1232.75,18.61
2013-06-28,1203.25,1192,18.86
2013-07-01,1243.5,1242.75,19.44
2013-07-02,1260.75,1252.5,19.62
2013-07-03,1246,1250,19.55
2013-07-04,1249.5,1251.75,19.57
2013-07-05,1232.75,1212.75,19.32
2013-07-08,1225.5,1235.25,19.16
2013-07-09,1252,1255.5,19.1
2013-07-10,1252.25,1256,19.37
2013-07-11,1280.75,1285,19.85
2013-07-12,1275,1279.75,19.66
2013-07-15,1281.25,1284.75,19.82
2013-07-16,1286,1291.5,19.95
2013-07-17,1284.25,1297.25,19.83
2013-07-18,1279.75,1283.25,19.49
2013-07-19,1286,1295.75,19.42
2013-07-22,1313.75,1327,19.95
2013-07-23,1326.75,1333.5,20.18
2013-07-24,1340,1335,20.395
2013-07-25,1312,1326,19.92
2013-07-26,1327.75,1331,20.02
2013-07-29,1330.75,1329.75,20.1
2013-07-30,1322.25,1324.15,19.68
2013-07-31,1331.5,1314.5,19.94
2013-08-01,1323.75,1315,19.72
2013-08-02,1285.75,1309.25,19.46
2013-08-05,1311,1304.75,19.76
2013-08-06,1292,1280.5,19.78
2013-08-07,1275.5,1282.5,19.27
2013-08-08,1287.75,1298.25,19.73
2013-08-09,1305.5,1309,20.31
2013-08-12,1325.75,1341,20.835
2013-08-13,1334,1328.5,21.46
2013-08-14,1323.25,1326.5,21.5
2013-08-15,1339.5,1329.75,22
2013-08-16,1360.75,1369.25,22.83
2013-08-19,1375.25,1365,23.23
2013-08-20,1365.75,1372.5,22.87
2013-08-21,1360,1363,22.94
2013-08-22,1370.5,1375.5,23.07
2013-08-23,1374.5,1377.5,23.06
2013-08-27,1411,1419.25,24.29
2013-08-28,1425.5,1419.5,24.74
2013-08-29,1406.25,1407.75,24.11
2013-08-30,1392.75,1394.75,23.64
2013-09-02,1391.25,1392.25,23.97
2013-09-03,1391.25,1399.5,24.21
2013-09-04,1403.75,1390,23.71
2013-09-05,1391.75,1385,23.52
2013-09-06,1368.25,1387,23.05
2013-09-09,1386,1390,23.64
2013-09-10,1373,1358.25,23.32
2013-09-11,1365.25,1363.75,22.91
2013-09-12,1340.25,1328,22.67
2013-09-13,1308.25,1318.5,21.72
2013-09-16,1314.75,1324,21.88
2013-09-17,1317.25,1312.25,21.97
2013-09-18,1299.75,1301,21.47
2013-09-19,1363.5,1365.5,23
2013-09-20,1355.25,1349.25,22.74
2013-09-23,1321.75,1323,21.68
2013-09-24,1316.5,1314.25,21.44
2013-09-25,1320.25,1322.75,21.68
2013-09-26,1332.5,1333,21.97
2013-09-27,1321.5,1341,21.61
2013-09-30,1335.75,1326.5,21.68
2013-10-01,1332.25,1290.75,21.7
2013-10-02,1293.75,1306.25,21.14
2013-10-03,1309,1316,21.57
2013-10-04,1316,1309.75,21.65
2013-10-07,1311,1323.5,21.77
2013-10-08,1321,1329.5,22.3
2013-10-09,1309.5,1304,22.1
2013-10-10,1298,1298.5,21.93
2013-10-11,1285.75,1265.5,21.52
2013-10-14,1276,1285.5,21.52
2013-10-15,1255.5,1270.5,20.49
2013-10-16,1278.25,1273.5,21.32
2013-10-17,1308.5,1319.25,21.72
2013-10-18,1317,1316.5,21.87
2013-10-21,1316,1317.5,22.09
2013-10-22,1311.75,1333,22.06
2013-10-23,1333,1331.25,22.53
2013-10-24,1336.25,1344.75,22.67
2013-10-25,1341.75,1347.75,22.35
2013-10-28,1351,1361,22.54
2013-10-29,1346.75,1349.25,22.31
2013-10-30,1349.5,1354.75,22.74
2013-10-31,1333.75,1324,22.2
2013-11-01,1314.75,1306.75,21.75
2013-11-04,1314.25,1320.5,21.85
2013-11-05,1311.25,1307.25,21.6
2013-11-06,1317,1319,21.94
2013-11-07,1316,1307.25,21.75
2013-11-08,1309,1285.5,21.7
2013-11-11,1283.75,1282.5,21.395
2013-11-12,1281,1281.25,21.1
2013-11-13,1276,1272.5,20.7
2013-11-14,1283.25,1286,20.78
2013-11-15,1281.75,1287.25,20.635
2013-11-18,1283.5,1283.5,20.64
2013-11-19,1272.25,1275.75,20.44
2013-11-20,1271.5,1257,20.24
2013-11-21,1248.5,1240,19.97
2013-11-22,1241.75,1246.25,19.93
2013-11-25,1231.75,1243,19.71
2013-11-26,1250.75,1247.5,20.11
2013-11-27,1250.75,1245,19.98
2013-11-28,1241.75,1245.5,19.76
2013-11-29,1245.25,1253,19.93
2013-12-02,1237.5,1229.5,19.75
2013-12-03,1219,1217.25,19.17
2013-12-04,1213,1227.5,19.05
2013-12-05,1234,1222.5,19.46
2013-12-06,1230.75,1233,19.49
2013-12-09,1228.5,1237,19.5
2013-12-10,1245.75,1266.25,20.05
2013-12-11,1255.25,1260.75,20.39
2013-12-12,1243.5,1225.25,19.8
2013-12-13,1222.75,1232,19.55
2013-12-16,1229.5,1234.75,19.5
2013-12-17,1237.25,1231.75,20.02
2013-12-18,1233.25,1230.5,19.94
2013-12-19,1205.25,1196,19.34
2013-12-20,1195,1195.25,19.33
2013-12-23,1192.75,1199,19.37
2013-12-24,1196.5,,19.4
2013-12-27,1209.25,1214.5,19.92
2013-12-30,1201.5,1204.5,19.65
2013-12-31,1201.5,,19.5
2014-01-02,1219.75,1225,19.94
2014-01-03,1232.25,1234.5,20.18
2014-01-06,1238,1246.25,20.04
2014-01-07,1237.5,1227.5,20.02
2014-01-08,1226.5,1221,19.52
2014-01-09,1226,1226,19.54
2014-01-10,1232.25,1244.25,19.8
2014-01-13,1246,1248,20.09
2014-01-14,1248.75,1251.5,20.27
2014-01-15,1238,1236,20.09
2014-01-16,1237.25,1241.5,20
2014-01-17,1241,1250,20.01
2014-01-20,1254.75,1255.75,20.29
2014-01-21,1247.75,1238,20.03
2014-01-22,1239.5,1241,19.87
2014-01-23,1244.25,1263,20.11
2014-01-24,1259.25,1267,20.19
2014-01-27,1270,1260.5,19.83
2014-01-28,1253.5,1251.25,19.72
2014-01-29,1254.75,1264,19.68
2014-01-30,1254,1242.5,19.41
2014-01-31,1246.5,1251,19.31
2014-02-03,1246.5,1262,19.27
2014-02-04,1253,1250.25,19.34
2014-02-05,1257,1254.5,19.63
2014-02-06,1258.5,1256.5,20.14
2014-02-07,1260,1259.25,19.87
2014-02-10,1273.5,1277,20.2
2014-02-11,1282.75,1282,20.17
2014-02-12,1286.5,1289.5,20.2
2014-02-13,1290.25,1296,20.27
2014-02-14,1308.5,1320,21.09
2014-02-17,1326,1327.5,21.65
2014-02-18,1314,1320.75,21.37
2014-02-19,1318.75,1320.5,21.75
2014-02-20,1313.75,1316.25,21.59
2014-02-21,1320.75,1323.25,21.74
2014-02-24,1333,1334.75,22.05
2014-02-25,1332.75,1339,21.73
2014-02-26,1340,1331.75,21.845
2014-02-27,1331,1332.25,21.38
2014-02-28,1327.75,1326.5,21.27
2014-03-03,1344.25,1349.5,21.46
2014-03-04,1339.5,1334.75,21.15
2014-03-05,1333.5,1337,21.32
2014-03-06,1334.25,1345.25,21.11
2014-03-07,1348.25,1335.25,21.38
2014-03-10,1334.25,1344,20.99
2014-03-11,1348,1346.25,21.25
2014-03-12,1355.75,1366,20.97
2014-03-13,1371,1368.75,21.24
2014-03-14,1370,1385,21.36
2014-03-17,1379,1378.5,21.22
2014-03-18,1362.5,1355.75,20.94
2014-03-19,1346,1338,20.75
2014-03-20,1327,1327,20.17
2014-03-21,1338.5,1336,20.55
2014-03-24,1322,1310.75,20.2
2014-03-25,1314.75,1313.5,20
2014-03-26,1314.5,1304,20.03
2014-03-27,1295,1296,19.68
2014-03-28,1295.75,1294.75,19.71
2014-03-31,1294,1291.75,19.97
2014-04-01,1286.5,1283.75,19.8
2014-04-02,1284,1292,19.82
2014-04-03,1287.25,1284,19.83
2014-04-04,1293.5,1297.25,19.93
2014-04-07,1299,1299,19.81
2014-04-08,1314.75,1309.5,20.15
2014-04-09,1309.75,1301.75,19.89
2014-04-10,1321.5,1320.5,20.24
2014-04-11,1317.25,1318,20.09
2014-04-14,1324.5,1325.75,19.74
2014-04-15,1311.5,1298,19.77
2014-04-16,1299,1301.5,19.6
2014-04-17,1299.25,1299,19.62
2014-04-22,1290.75,1286.75,19.51
2014-04-23,1283.5,1285.25,19.46
2014-04-24,1283.5,1291.5,19.06
2014-04-25,1294.25,1301.25,19.66
2014-04-28,1302,1299,19.6
2014-04-29,1289.75,1297.75,19.33
2014-04-30,1292,1288.5,19.28
2014-05-01,1283,1278.5,19.06
2014-05-02,1285,1281.25,19.17
2014-05-06,1308.5,1306.25,19.64
2014-05-07,1311,1296,19.64
2014-05-08,1291.25,1287,19.25
2014-05-09,1289,1291.25,19.25
2014-05-12,1292.75,1298.75,19.46
2014-05-13,1292.75,1296.5,19.44
2014-05-14,1300.25,1305.25,19.87
2014-05-15,1303.75,1299,19.66
2014-05-16,1293.75,1291.5,19.33
2014-05-19,1301,1302,19.55
2014-05-20,1291.5,1295.5,19.37
2014-05-21,1292,1287.25,19.31
2014-05-22,1294.5,1298.5,19.56
2014-05-23,1292,1291.5,19.42
2014-05-27,1283,1275.5,19.25
2014-05-28,1265.25,1263.5,19.125
2014-05-29,1254,1255,18.85
2014-05-30,1254,1250.5,19
2014-06-02,1244.75,1247.25,18.81
2014-06-03,1244.25,1242.75,18.87
2014-06-04,1246,1245.25,18.76
2014-06-05,1244.75,1252.5,18.81
2014-06-06,1254,1247.5,19.03
2014-06-09,1255,1253.5,19.11
2014-06-10,1253.5,1259.5,19
2014-06-11,1262.5,1262,19.2
2014-06-12,1261.75,1265.75,19.33
2014-06-13,1273,1273,19.58
2014-06-16,1281.75,1276.25,19.67
2014-06-17,1264.5,1267.5,19.55
2014-06-18,1269,1269.75,19.73
2014-06-19,1282,1293,19.94
2014-06-20,1310,1312.5,20.62
2014-06-23,1313.5,1313.5,20.75
2014-06-24,1323,1318.5,21.12
2014-06-25,1312,1316.75,20.78
2014-06-26,1311.5,1311.75,20.83
2014-06-27,1315.25,1317.5,21.04
2014-06-30,1313,1315,20.87
2014-07-01,1325.75,1327.5,21.08
2014-07-02,1326.75,1326.5,21.04
2014-07-03,1322.5,1317.5,21
2014-07-04,1321.5,1319.25,21.12
2014-07-07,1313.25,1313,20.95
2014-07-08,1318.25,1323,21.08
2014-07-09,1322.5,1322.75,21.13
2014-07-10,1343.25,1340.25,21.5
2014-07-11,1336.5,1335,21.415
2014-07-14,1321.25,1306,21.13
2014-07-15,1312,1310,20.93
2014-07-16,1297.5,1301,20.7
2014-07-17,1302.75,1302.5,20.78
2014-07-18,1310.25,1307.25,20.94
2014-07-21,1312.75,1311.5,20.93
2014-07-22,1307,1310.25,20.81
2014-07-23,1307.5,1308,20.93
2014-07-24,1300,1292.75,20.84
2014-07-25,1292.5,1294.75,20.46
2014-07-28,1305,1304.5,20.63
2014-07-29,1307.5,1299.25,20.64
2014-07-30,1297.5,1294.5,20.54
2014-07-31,1295,1285.25,20.69
2014-08-01,1284.5,1291.25,20.34
2014-08-04,1293.5,1290.5,20.35
2014-08-05,1292.75,1284.75,20.2
2014-08-06,1288.5,1306.5,19.78
2014-08-07,1302,1305.25,20.07
2014-08-08,1317.5,1309.75,20.13
2014-08-11,1308.25,1307.25,19.85
2014-08-12,1311,1315.75,20.08
2014-08-13,1309.25,1312,19.9
2014-08-14,1315,1313.5,19.86
2014-08-15,1313.6,1296,19.86
2014-08-18,1302.75,1296.75,19.59
2014-08-19,1300.25,1296.5,19.66
2014-08-20,1294.5,1295,19.42
2014-08-21,1280.5,1275.25,19.4
2014-08-22,1281,1277.25,19.49
2014-08-26,1286.5,1286,19.49
2014-08-27,1285,1282.75,19.32
2014-08-28,1288,1292,19.75
2014-08-29,1285.75,1285.75,19.47
2014-09-01,1287.25,1286.5,19.49
2014-09-02,1277.75,1267,19.2
2014-09-03,1268.5,1265.5,19.1
2014-09-04,1271,1271.5,19.21
2014-09-05,1264,1266,19.13
2014-09-08,1267.25,1259,19.19
2014-09-09,1256,1255.75,19
2014-09-10,1254.25,1251,19.01
2014-09-11,1247,1241.25,18.7
2014-09-12,1237.25,1231.5,18.64
2014-09-15,1234.75,1234.25,18.64
2014-09-16,1238.75,1232.25,18.75
2014-09-17,1236.5,1236,18.63
2014-09-18,1223,1220.5,18.5
2014-09-19,1222.5,1219.75,18.45
2014-09-22,1214,1213.5,17.74
2014-09-23,1225,1222,17.92
2014-09-24,1224,1217.25,17.76
2014-09-25,1210.5,1213.75,17.52
2014-09-26,1222.25,1213.75,17.54
2014-09-29,1217.75,1219.5,17.58
2014-09-30,1210,1216.5,17.11
2014-10-01,1208.5,1216.5,17.04
2014-10-02,1214.5,1211.75,17.09
2014-10-03,1207.5,1195,16.97
2014-10-06,1193.25,1195.75,17.02
2014-10-07,1207.5,1210.5,17.36
2014-10-08,1220,1217,17.35
2014-10-09,1227.5,1226.75,17.64
2014-10-10,1222.25,1219,17.26
2014-10-13,1228,1229,17.41
2014-10-14,1233,1234.75,17.5
2014-10-15,1223.5,1237.5,17.01
2014-10-16,1241,1237.75,17.46
2014-10-17,1238,1234.25,17.36
2014-10-20,1241,1244.5,17.38
2014-10-21,1251.75,1250.25,17.36
2014-10-22,1246.75,1243.75,17.36
2014-10-23,1240.5,1232.75,17.07
2014-10-24,1231.75,1232.75,17.19
2014-10-27,1230.5,1228.75,17.18
2014-10-28,1228.25,1229.25,17.18
2014-10-29,1228,1223.5,17.2
2014-10-30,1205.75,1202,16.78
2014-10-31,1173.25,1164.25,16.2
2014-11-03,1170.75,1167.75,16.15
2014-11-04,1169.25,1166.5,16.12
2014-11-05,1145.25,1142,15.32
2014-11-06,1144.5,1145,15.28
2014-11-07,1145,1154.5,15.42
2014-11-10,1172,1162,15.67
2014-11-11,1151.25,1156.5,15.57
2014-11-12,1163.25,1164.5,15.62
2014-11-13,1161,1161.75,15.74
2014-11-14,1154,1169,15.35
2014-11-17,1187,1182.5,16.2
2014-11-18,1202,1192.75,16.27
2014-11-19,1200.75,1196,16.26
2014-11-20,1194,1190,16.2
2014-11-21,1193.25,1203.75,16.3
2014-11-24,1196,1197.5,16.33
2014-11-25,1202.25,1199,16.66
2014-11-26,1195.75,1197.5,16.61
2014-11-27,1196.5,1194.75,16.42
2014-11-28,1184.5,1182.75,15.97
2014-12-01,1178.75,1194,15.73
2014-12-02,1197,1195,16.16
2014-12-03,1203.25,1204.75,16.3
2014-12-04,1204,1209,16.42
2014-12-05,1204.5,1194,16.33
2014-12-08,1195.25,1193,16.26
2014-12-09,1206.5,1227,16.37
2014-12-10,1228.25,1229,17.06
2014-12-11,1219.5,1216.25,16.98
2014-12-12,1223.5,1217,17.07
2014-12-15,1210.75,1209.25,16.85
2014-12-16,1199.25,1202.5,16.29
2014-12-17,1199,1195.75,15.95
2014-12-18,1210.75,1199,16.08
2014-12-19,1197.5,1195.5,15.86
2014-12-22,1195.25,1195.25,16.09
2014-12-23,1179.5,1175.75,15.71
2014-12-24,1177,1175.75,15.77
2014-12-29,1194,1185.5,16
2014-12-30,1186.5,1206,15.79
2014-12-31,1199.25,,15.97
2015-01-02,1184.25,1172,15.71
2015-01-05,1192,1200,15.88
2015-01-06,1211,1210.25,16.29
2015-01-07,1213.75,1210.5,16.33
2015-01-08,1206.5,1215.5,16.37
2015-01-09,1211.25,1217.75,16.24
2015-01-12,1222,1226.5,16.52
2015-01-13,1239,1231.5,17
2015-01-14,1228.75,1235,16.64
2015-01-15,1235.25,1259,17.12
2015-01-16,1258.25,1277.5,16.92
2015-01-19,1275.5,1273.75,17.65
2015-01-20,1292.25,1288.75,17.8
2015-01-21,1298,1293.5,18.22
2015-01-22,1287,1295.75,18.08
2015-01-23,1293.5,1294.75,18.23
2015-01-26,1282.75,1281.25,17.83
2015-01-27,1279,1288.5,17.87
2015-01-28,1287,1288,18.01
2015-01-29,1275.5,1268.75,17.43
2015-01-30,1263.5,1260.25,16.92
2015-02-02,1274.25,1272.5,17.22
2015-02-03,1281,1264.25,17.59
2015-02-04,1269.25,1268.5,17.39
2015-02-05,1263.75,1259.25,17
2015-02-06,1264,1241,17.22
2015-02-09,1242.25,1238.5,16.97
2015-02-10,1237.5,1234.5,16.8
2015-02-11,1235.5,1223.75,16.95
2015-02-12,1225.25,1222.5,16.89
2015-02-13,1225.75,1232.5,16.86
2015-02-16,1233.5,1229.25,17.27
2015-02-17,1221.75,1209.5,16.82
2015-02-18,1206.5,1206,16.42
2015-02-19,1217.75,1209.5,16.73
2015-02-20,1203.5,1208.25,16.34
2015-02-23,1193.5,1204.5,16.2
2015-02-24,1195.5,1192.5,16.32
2015-02-25,1206.5,1204.75,16.51
2015-02-26,1220,1208.25,16.82
2015-02-27,1205,1214,16.53
2015-03-02,1216.75,1212.5,16.63
2015-03-03,1207.75,1212.75,16.42
2015-03-04,1204.25,1199.5,16.32
2015-03-05,1199.75,1202,16.19
2015-03-06,1196.5,1175.75,15.99
2015-03-09,1173.75,1168.5,15.92
2015-03-10,1161,1162,15.78
2015-03-11,1158.75,1150,15.64
2015-03-12,1161.25,1152.25,15.68
2015-03-13,1156.5,1152,15.5
2015-03-16,1157,1150.75,15.58
2015-03-17,1154.75,1150.75,15.56
2015-03-18,1149,1147.25,15.47
2015-03-19,1164,1166,15.88
2015-03-20,1171.75,1183.1,16.17
2015-03-23,1181.4,1186.25,16.73
2015-03-24,1193.25,1191.5,16.97
2015-03-25,1192.55,1195.6,16.94
2015-03-26,1209.4,1203.15,17.13
2015-03-27,1198,1195.75,17.14
2015-03-30,1187.4,1185.5,16.65
2015-03-31,1179.25,1187,16.6
2015-04-01,1181.25,1197,16.56
2015-04-02,1201.5,1198.5,16.84
2015-04-07,1208.5,1211,16.86
2015-04-08,1211.1,1207.25,16.84
2015-04-09,1196,1194.8,16.3
2015-04-10,1201.9,1207.35,16.55
2015-04-13,1197.85,1198.9,16.27
2015-04-14,1191.45,1194.75,16.08
2015-04-15,1189.85,1192.9,16.18
2015-04-16,1204.6,1204.35,16.47
2015-04-17,1204.55,1203.35,16.36
2015-04-20,1203.25,1196.5,16.09
2015-04-21,1197.7,1195.3,16.08
2015-04-22,1202.4,1189.25,16.05
2015-04-23,1187.75,1185.75,15.86
2015-04-24,1192.15,1183,15.83
2015-04-27,1182.75,1200,15.84
2015-04-28,1201.4,1209,16.32
2015-04-29,1204.8,1209,16.48
2015-04-30,1204.3,1180.25,16.52
2015-05-01,1179,1175.95,16.17
2015-05-05,1187.4,1197,16.42
2015-05-06,1191.25,1194.25,16.41
2015-05-07,1183,1187,16.35
2015-05-08,1185.25,1186,16.31
2015-05-11,1184.75,1189.25,16.39
2015-05-12,1184.45,1191.5,16.46
2015-05-13,1193,1210.5,16.65
2015-05-14,1214.75,1225,17.4
2015-05-15,1216.3,1220.5,17.25
2015-05-18,1228.15,1223.5,17.7
2015-05-19,1219.65,1214.3,17.4
2015-05-20,1206.75,1210.5,17.07
2015-05-21,1209.6,1205,17.18
2015-05-22,1211,1204.1,17.25
2015-05-26,1194,1185.4,16.79
2015-05-27,1187.85,1185.85,16.66
2015-05-28,1189.45,1185,16.68
2015-05-29,1190.4,1191.4,16.67
2015-06-01,1187.3,1199.9,16.61
2015-06-02,1188.75,1192.8,16.7
2015-06-03,1186.6,1190,16.6
2015-06-04,1182.45,1176,16.47
2015-06-05,1175.9,1164.6,16.15
2015-06-08,1173.4,1172.8,16.06
2015-06-09,1181,1177.4,16.13
2015-06-10,1186,1188.5,16.13
2015-06-11,1180.5,1178.5,15.87
2015-06-12,1179.25,1182.8,15.93
2015-06-15,1178.25,1181.4,15.93
2015-06-16,1182.1,1177.75,16.03
2015-06-17,1178.5,1178,15.98
2015-06-18,1198,1201.85,16.24
2015-06-19,1198.15,1203.4,16.12
2015-06-22,1193.7,1185.5,16.19
2015-06-23,1183.35,1178,15.96
2015-06-24,1175.75,1173.75,15.89
2015-06-25,1174.6,1172.65,15.77
2015-06-26,1174.4,1170.5,15.83
2015-06-29,1176.5,1176,15.83
2015-06-30,1175,1171,15.7
2015-07-01,1171.7,1168,15.63
2015-07-02,1164.3,1165.25,15.61
2015-07-03,1168.25,1167.95,15.64
2015-07-06,1164.25,1166,15.59
2015-07-07,1166.25,1156.25,15.61
2015-07-08,1154.25,1158.5,14.99
2015-07-09,1162.1,1164.25,15.38
2015-07-10,1162.4,1159.3,15.45
2015-07-13,1154.95,1154,15.45
2015-07-14,1153.2,1157.4,15.28
2015-07-15,1154.75,1147.4,15.31
2015-07-16,1145.1,1144.4,14.93
2015-07-17,1143,1132.8,15.01
2015-07-20,1115,1104.6,14.84
2015-07-21,1108,1105.6,14.75
2015-07-22,1096.8,1088.6,14.78
2015-07-23,1101.65,1097.4,14.88
2015-07-24,1083.75,1080.8,14.49
2015-07-27,1098.6,1100,14.69
2015-07-28,1095.6,1096.2,14.54
2015-07-29,1096.75,1090.25,14.61
2015-07-30,1085.65,1087.5,14.64
2015-07-31,1080.05,1098.4,14.56
2015-08-03,1093,1091.9,14.73
2015-08-04,1092.6,1090.65,14.54
2015-08-05,1086.5,1085.1,14.52
2015-08-06,1085,1089.75,14.59
2015-08-07,1091.35,1093.5,14.75
2015-08-10,1094.8,1097,14.88
2015-08-11,1113.25,1108.25,15.31
2015-08-12,1116.8,1119,15.36
2015-08-13,1117.35,1116.75,15.33
2015-08-14,1116.75,1118.25,15.55
2015-08-17,1117.3,1118.8,15.23
2015-08-18,1119.15,1111.45,15.23
2015-08-19,1123.2,1126.15,14.84
2015-08-20,1137.95,1147.7,15.5
2015-08-21,1149.35,1156.5,15.46
2015-08-24,1153.5,1166.5,14.94
2015-08-25,1154.25,1137.5,14.87
2015-08-26,1134.4,1120.75,14.41
2015-08-27,1128.5,1119,14.27
2015-08-28,1125.5,1135,14.44
2015-09-01,1141.9,1142.3,14.68
2015-09-02,1140,1137.75,14.56
2015-09-03,1130.05,1128,14.71
2015-09-04,1125,1118.25,14.69
2015-09-07,1121,1119.5,14.54
2015-09-08,1120.85,1121.15,14.63
2015-09-09,1122.3,1109.85,14.77
2015-09-10,1107.75,1109.5,14.72
2015-09-11,1106.35,1100.25,14.58
2015-09-14,1108,1104.8,14.43
2015-09-15,1105.5,1105.95,14.35
2015-09-16,1109.75,1117.6,14.51
2015-09-17,1118.15,1117.5,14.76
2015-09-18,1136,1141.5,15.26
2015-09-21,1136.85,1133.25,15.18
2015-09-22,1129.3,1122.9,14.94
2015-09-23,1124.6,1131.35,14.8
2015-09-24,1134.45,1154.5,14.79
2015-09-25,1145.5,1146.65,14.99
2015-09-28,1137.5,1131.05,14.7
2015-09-29,1124.6,1132.1,14.56
2015-09-30,1122.5,1114,14.65
2015-10-01,1114.2,1119,14.55
2015-10-02,1106.3,1140.75,14.43
2015-10-05,1134.35,1139.75,15.25
2015-10-06,1136.9,1147.5,15.67
2015-10-07,1147.9,1144.6,15.82
2015-10-08,1143.3,1140,15.61
2015-10-09,1151.5,1151.55,15.99
2015-10-12,1164.2,1164.9,15.96
2015-10-13,1154.4,1165.2,15.61
2015-10-14,1173.7,1173.9,15.84
2015-10-15,1183.35,1184.25,16.18
2015-10-16,1176.35,1180.85,16.04
2015-10-19,1171.65,1175.4,15.86
2015-10-20,1173.7,1177.75,15.86
2015-10-21,1174.4,1167.1,15.75
2015-10-22,1166.45,1167,15.77
2015-10-23,1171.55,1161.25,15.98
2015-10-26,1168.5,1166.4,16.1
2015-10-27,1165.75,1165.7,15.8
2015-10-28,1171.5,1179.6,16.03
2015-10-29,1159,1148.6,15.82
2015-10-30,1147.75,1142.35,15.63
2015-11-02,1135.8,1134,15.4
2015-11-03,1130.9,1123.1,15.38
2015-11-04,1118,1114.7,15.26
2015-11-05,1107.3,1106.3,15.02
2015-11-06,1107.7,1088.9,15.08
2015-11-09,1095.6,1089.6,14.78
2015-11-10,1092.5,1087.1,14.55
2015-11-11,1088.6,1085.9,14.44
2015-11-12,1087.6,1087.4,14.39
2015-11-13,1083.75,1081.5,14.39
2015-11-16,1094.5,1084.75,14.36
2015-11-17,1080.8,1079.2,14.25
2015-11-18,1070.5,1067.75,14.17
2015-11-19,1073.1,1082.6,14.21
2015-11-20,1085.15,1081.75,14.29
2015-11-23,1068.35,1070.5,13.98
2015-11-24,1073,1076.4,14.14
2015-11-25,1072.2,1068,14.07
2015-11-26,1070.5,1071,14.29
2015-11-27,1064.65,1057.4,14.11
2015-11-30,1055.65,1061.9,14.08
2015-12-01,1069.25,1065.4,14.21
2015-12-02,1066.9,1055.4,14.14
2015-12-03,1050.6,1055.45,13.93
2015-12-04,1063,1079.25,14.13
2015-12-07,1082.7,1075.8,14.49
2015-12-08,1071.75,1072.1,14.24
2015-12-09,1078.4,1081,14.27
2015-12-10,1072,1071,14.17
2015-12-11,1067.2,1072.5,13.92
2015-12-14,1068,1068.25,13.71
2015-12-15,1069.15,1061.5,13.74
2015-12-16,1065.75,1075.25,13.74
2015-12-17,1065.85,1049.4,14.08
2015-12-18,1055.25,1062.5,13.82
2015-12-21,1071.15,1078.75,14.2
2015-12-22,1077,1074.9,14.24
2015-12-23,1071.5,1068.25,14.33
2015-12-24,1071.9,,14.2
2015-12-29,1067.25,1070.1,13.93
2015-12-30,1067.8,1060,13.82
2015-12-31,1062.25,,13.82
2016-01-04,1072.7,1082.25,14
2016-01-05,1078,1077,14.01
2016-01-06,1083.85,1091.4,14.005
2016-01-07,1096,1106.35,14.03
2016-01-08,1097.45,1101.85,14.04
2016-01-11,1104.7,1100.75,13.97
2016-01-12,1094.85,1085.4,13.88
2016-01-13,1081.8,1088.15,13.83
2016-01-14,1090.75,1088.4,14.02
2016-01-15,1081.1,1093.75,13.8
2016-01-18,1090.45,1089.2,13.88
2016-01-19,1087,1086.25,14.03
2016-01-20,1093.2,1101.75,14.05
2016-01-21,1096.8,1096.5,14.01
2016-01-22,1097.65,1096.25,14.17
2016-01-25,1103.7,1106.6,14.22
2016-01-26,1114.7,1113.6,14.33
2016-01-27,1116.5,1116.25,14.38
2016-01-28,1119,1114,13.58
2016-01-29,1112.9,1111.8,14.08
2016-02-01,1122,1126.5,14.33
2016-02-02,1123.6,1128.5,14.26
2016-02-03,1130,1132,14.41
2016-02-04,1146.25,1156.35,14.74
2016-02-05,1158.5,1150.35,14.91
2016-02-08,1173.4,1193.25,14.94
2016-02-09,1188.9,1191,15.34
2016-02-10,1183.4,1190,15.12
2016-02-11,1223.25,1241,15.65
2016-02-12,1239.5,1239.75,15.64
2016-02-15,1208.45,1208.2,15.26
2016-02-16,1212,1209.5,15.35
2016-02-17,1202.4,1210,15.25
2016-02-18,1204.4,1210.1,15.25
2016-02-19,1221.5,1231.15,15.37
2016-02-22,1203.65,1211,15
2016-02-23,1218.75,1221.35,15.21
2016-02-24,1232.25,1250.75,15.32
2016-02-25,1235.4,1236,15.16
2016-02-26,1231,1226.5,15.17
2016-02-29,1234.15,1234.9,14.75
2016-03-01,1240,1236.5,14.99
2016-03-02,1229.35,1239.2,14.82
2016-03-03,1241.95,1250.25,14.97
2016-03-04,1271.5,1277.5,15.43
2016-03-07,1267.6,1267.9,15.66
2016-03-08,1274.1,1267,15.66
2016-03-09,1258.25,1246.4,15.27
2016-03-10,1247.25,1266.5,15.27
2016-03-11,1262.25,1264.75,15.5
2016-03-14,1256.55,1242.75,15.6
2016-03-15,1233.6,1232,15.32
2016-03-16,1233.1,1228.5,15.29
2016-03-17,1269.6,1266.5,15.73
2016-03-18,1254.5,1252.1,15.94
2016-03-21,1244.25,1244.9,15.81
2016-03-22,1251.8,1252.5,15.89
2016-03-23,1232.2,1217.6,15.58
2016-03-24,1216.45,1221,15.28
2016-03-29,1216.45,1226,15.06
2016-03-30,1238.2,1236.25,15.38
2016-03-31,1233.6,1237,15.38
2016-04-01,1232.1,1213.6,15.38
2016-04-04,1215,1219.75,14.96
2016-04-05,1231.5,1231.25,15.19
2016-04-06,1225.75,1221.4,15.07
2016-04-07,1237.5,1242.1,15.22
2016-04-08,1235,1239.5,15.16
2016-04-11,1247.25,1254.75,15.56
2016-04-12,1259.2,1254.6,15.96
2016-04-13,1245.75,1245.75,15.98
2016-04-14,1240.3,1233.85,16.13
2016-04-15,1229.75,1227.1,16.17
2016-04-18,1237.7,1234.3,16.2
2016-04-19,1241.7,1255.4,16.62
2016-04-20,1247.75,1252,16.97
2016-04-21,1257.65,1249.25,17.32
2016-04-22,1245.4,1243.25,17.19
2016-04-25,1230.85,1238.9,16.86
2016-04-26,1234.5,1241.7,16.95
2016-04-27,1244.75,1247.4,17.34
2016-04-28,1256.6,1256,17.35
2016-04-29,1274.5,1285.65,17.855
2016-05-03,1296.5,1294,17.49
2016-05-04,1280.3,1283,17.18
2016-05-05,1275.75,1280.25,17.38
2016-05-06,1280.25,1289,17.31
2016-05-09,1277.75,1265.25,17.33
2016-05-10,1264.85,1262.8,17.04
2016-05-11,1271.8,1276.85,17.51
2016-05-12,1268.3,1279.25,17.23
2016-05-13,1275.15,1265.9,17.09
2016-05-16,1281,1285.75,17.32
2016-05-17,1270.1,1277,17.08
2016-05-18,1270.9,1272.9,17.05
2016-05-19,1253.75,1246.25,16.6
2016-05-20,1256.5,1254.2,16.56
2016-05-23,1250.4,1245.9,16.31
2016-05-24,1242.65,1236.85,16.27
2016-05-25,1220.75,1220.6,16.205
2016-05-26,1226.65,1223.85,16.46
2016-05-27,1221.25,1216.25,16.3
2016-05-31,1210.5,1212.1,16.06
2016-06-01,1216.25,1214.5,15.95
2016-06-02,1215.5,1212.4,15.98
2016-06-03,1211,1240.5,16.1
2016-06-06,1240.55,1244,16.4
2016-06-07,1241.1,1241,16.31
2016-06-08,1252.4,1263,16.75
2016-06-09,1258.35,1263.9,17.05
2016-06-10,1266.6,1275.5,17.32
2016-06-13,1284.1,1280.8,17.32
2016-06-14,1279.4,1287.15,17.25
2016-06-15,1282,1283.3,17.41
2016-06-16,1307,1310.75,17.71
2016-06-17,1284.5,1290.7,17.37
2016-06-20,1283.25,1281.8,17.335
2016-06-21,1280.8,1272.6,17.36
2016-06-22,1265,1264.85,17.2
2016-06-23,1265.75,1262.15,17.29
2016-06-24,1313.85,1315.5,18.04
2016-06-27,1324.6,1324.55,17.7
2016-06-28,1312,1309.7,17.57
2016-06-29,1317.75,1321.5,18.21
2016-06-30,1317,1320.75,18.36
2016-07-01,1331.75,1340,19.24
2016-07-04,1348.75,1350.75,20.36
2016-07-05,1344.75,1350.75,19.73
2016-07-06,1370,1366.25,20.43
2016-07-07,1367.1,1356.7,19.95
2016-07-08,1356.1,1354.25,19.72
2016-07-11,1358.25,1357.1,20.47
2016-07-12,1352.85,1342.4,20.35
2016-07-13,1340.25,1342.75,20.29
2016-07-14,1325.7,1323.6,20.25
2016-07-15,1330.5,1327,20.14
2016-07-18,1326.15,1334.7,19.72
2016-07-19,1332.2,1330.9,19.99
2016-07-20,1325.6,1315.9,19.7
2016-07-21,1322,1321.15,19.34
2016-07-22,1323.2,1320.75,19.7
2016-07-25,1315,1313.15,19.41
2016-07-26,1321.25,1323,19.68
2016-07-27,1320.8,1329,19.58
2016-07-28,1341.3,1341.75,20.41
2016-07-29,1332.5,1342,20.04
2016-08-01,1348.85,1349.65,20.51
2016-08-02,1358.15,1363.75,20.71
2016-08-03,1364.4,1358.9,20.59
2016-08-04,1351.15,1362.75,20.16
2016-08-05,1362.6,1340.4,20.22
2016-08-08,1330,1336.8,19.66
2016-08-09,1332.9,1341,19.7
2016-08-10,1351.85,1347.7,20.335
2016-08-11,1344.55,1355,20.21
2016-08-12,1336.7,1352.2,19.87
2016-08-15,1339.2,1339.4,19.9
2016-08-16,1349.1,1344,20.035
2016-08-17,1342.75,1343.35,19.57
2016-08-18,1347.1,1350.05,19.78
2016-08-19,1346.85,1346.4,19.415
2016-08-22,1334.3,1335.9,18.91
2016-08-23,1338.5,1342,18.98
2016-08-24,1337.3,1327.25,18.84
2016-08-25,1324.5,1321.3,18.5
2016-08-26,1324.9,1318.75,18.67
2016-08-30,1318.85,1318.15,18.78
2016-08-31,1314.45,1309.25,18.74
2016-09-01,1305.7,1309.5,18.65
2016-09-02,1311.5,1325.7,18.75
2016-09-05,1328.3,1326.35,19.46
2016-09-06,1330.05,1337.25,19.6
2016-09-07,1348.75,1348.35,19.92
2016-09-08,1348,1343.4,19.93
2016-09-09,1335.65,1330.85,19.41
2016-09-12,1327.5,1324.6,18.72
2016-09-13,1328.5,1323.65,19.16
2016-09-14,1323.2,1321.75,19.04
2016-09-15,1320.1,1310.8,18.96
2016-09-16,1314.25,1308.35,18.91
2016-09-19,1315.05,1314.85,19.12
2016-09-20,1315.4,1313.8,19.17
2016-09-21,1319.6,1326.1,19.43
2016-09-22,1332.45,1339.1,19.875
2016-09-23,1335.9,1338.65,19.82
2016-09-26,1336.3,1340.5,19.44
2016-09-27,1335.85,1327,19.42
2016-09-28,1324.8,1322.5,19.12
2016-09-29,1320.85,1318.1,19.01
2016-09-30,1327.9,1322.5,19.35
2016-10-03,1318.65,1313.3,19.18
2016-10-04,1309.15,1283.3,18.74
2016-10-05,1274,1269.4,17.8
2016-10-06,1265.5,1254.5,17.76
2016-10-07,1255,1258.75,17.33
2016-10-10,1262.1,1259.5,17.78
2016-10-11,1256.4,1253.45,17.48
2016-10-12,1255.7,1256.5,17.44
2016-10-13,1258,1261.05,17.59
2016-10-14,1256.15,1251.75,17.47
2016-10-17,1252.7,1254.8,17.4
2016-10-18,1261.65,1258.2,17.65
2016-10-19,1269.75,1269.05,17.69
2016-10-20,1269.2,1271.65,17.6
2016-10-21,1263.95,1266.05,17.51
2016-10-24,1267,1265.55,17.64
2016-10-25,1269.3,1269.4,17.73
2016-10-26,1273.9,1270.5,17.66
2016-10-27,1269.3,1266.25,17.66
2016-10-28,1265.9,1273,17.61
2016-10-31,1274.2,1272,17.76
2016-11-01,1284.4,1288.45,18.24
2016-11-02,1295.85,1303.75,18.54
2016-11-03,1293,1301,18.07
2016-11-04,1301.7,1302.8,18.3
2016-11-07,1286.8,1283.05,18.22
2016-11-08,1284,1282.35,18.26
2016-11-09,1304.55,1281.4,18.81
2016-11-10,1280.9,1267.5,18.75
2016-11-11,1255.65,1236.45,18.59
2016-11-14,1222.6,1213.6,17.195
2016-11-15,1228.9,1226.95,17
2016-11-16,1225.7,1229.2,16.95
2016-11-17,1232,1226.75,17.04
2016-11-18,1206.1,1211,16.51
2016-11-21,1214.95,1214.25,16.68
2016-11-22,1217.55,1212.25,16.76
2016-11-23,1213.25,1185.35,16.56
2016-11-24,1187.25,1186.1,16.31
2016-11-25,1187.5,1187.7,16.465
2016-11-28,1189.1,1187,16.68
2016-11-29,1187.3,1186.55,16.54
2016-11-30,1187.4,1178.1,16.67
2016-12-01,1168.75,1161.85,16.3
2016-12-02,1171.65,1173.5,16.35
2016-12-05,1164.9,1162.2,16.62
2016-12-06,1171.15,1172.5,16.79
2016-12-07,1171.25,1177.65,16.77
2016-12-08,1174.75,1171.05,17.13
2016-12-09,1168.9,1163.6,16.95
2016-12-12,1154.4,1156.1,16.86
2016-12-13,1157.35,1158.55,17.01
2016-12-14,1160.95,1162.25,17.11
2016-12-15,1132.45,1126.95,16.14
2016-12-16,1134.85,1131.6,16.05
2016-12-19,1137.6,1136.25,16
2016-12-20,1132.75,1125.7,15.8
2016-12-21,1134.4,1133.65,16.03
2016-12-22,1130.55,1131.35,15.77
2016-12-23,1131,,15.74
2016-12-28,1139.75,1134.6,15.8
2016-12-29,1146.8,1145.9,16.06
2016-12-30,1159.1,,16.24
2017-01-03,1148.65,1151,15.95
2017-01-04,1165.9,1164.25,16.42
2017-01-05,1173.05,1176.7,16.59
2017-01-06,1178,1175.85,16.45
2017-01-09,1176.1,1178.5,16.52
2017-01-10,1183.2,1189.5,16.665
2017-01-11,1187.55,1178.55,16.79
2017-01-12,1206.65,1205.05,16.91
2017-01-13,1196.35,1190.35,16.76
2017-01-16,1202.75,1203,16.82
2017-01-17,1217.5,1216.05,17
2017-01-18,1212.5,1214.75,17.12
2017-01-19,1203.35,1196.05,16.95
2017-01-20,1199.1,1200.55,16.89
2017-01-23,1213.75,1212.85,17.14
2017-01-24,1213.3,1216.8,17.105
2017-01-25,1203.5,1195,16.93
2017-01-26,1191.55,1189.7,16.86
2017-01-27,1184.2,1184.85,16.7
2017-01-30,1189.85,1192.8,17.1
2017-01-31,1198.8,1212.8,17.29
2017-02-01,1210,1203.65,17.6
2017-02-02,1224.05,1221.95,17.71
2017-02-03,1213.05,1215.2,17.28
2017-02-06,1221.85,1226.75,17.6
2017-02-07,1231,1231,17.6
2017-02-08,1235.6,1242.1,17.74
2017-02-09,1241.75,1236.8,17.715
2017-02-10,1225.75,1228.3,17.62
2017-02-13,1229.4,1222.25,17.97
2017-02-14,1229.65,1230.75,17.905
2017-02-15,1225.15,1224.4,17.88
2017-02-16,1236.75,1240.55,18.1
2017-02-17,1241.4,1241.95,18.005
2017-02-20,1235.35,1237.3,17.98
2017-02-21,1228.7,1233.2,17.89
2017-02-22,1237.5,1236.65,18
2017-02-23,1237.35,1247.9,18
2017-02-24,1255.35,1253.65,18.27
2017-02-27,1256.25,1257.2,18.34
2017-02-28,1251.9,1255.6,18.28
2017-03-01,1246.05,1240.4,18.33
2017-03-02,1243.3,1238.1,18.33
2017-03-03,1228.75,1226.5,17.66
2017-03-06,1231.15,1230.95,17.81
2017-03-07,1223.7,1216.65,17.7
2017-03-08,1213.3,1209.2,17.4
2017-03-09,1204.6,1206.55,17.14
2017-03-10,1196.55,1202.65,16.89
2017-03-13,1207.8,1204.2,17.02
2017-03-14,1203.55,1204.6,17
2017-03-15,1202.25,1198.8,16.91
2017-03-16,1225.6,1229.35,17.46
2017-03-17,1228.75,1229.6,17.4
2017-03-20,1233,1232.4,17.23
2017-03-21,1232.05,1241.6,17.31
2017-03-22,1246.1,1249.05,17.58
2017-03-23,1247.9,1247.5,17.55
2017-03-24,1244,1247.5,17.63
2017-03-27,1256.9,1257.55,17.94
2017-03-28,1253.65,1257.25,17.94
2017-03-29,1252.9,1251.1,18.13
2017-03-30,1250.9,1248.8,18.1
2017-03-31,1241.7,1244.85,18.06
2017-04-03,1246.25,1247.25,18.16
2017-04-04,1258.65,1257.65,18.34
2017-04-05,1252.5,1245.8,18.26
2017-04-06,1253.75,1252.5,18.22
2017-04-07,1264.3,1266.45,18.4
2017-04-10,1253.6,1250.05,17.94
2017-04-11,1255.7,1252.9,17.94
2017-04-12,1272.3,1274.3,18.31
2017-04-13,1286.1,1284.15,18.56
2017-04-18,1285,1278.95,18.42
2017-04-19,1282.05,1279.05,18.22
2017-04-20,1279.9,1282.1,18.19
2017-04-21,1281.5,1281.85,17.98
2017-04-24,1271.8,1269.4,17.81
2017-04-25,1270.5,1267.8,17.84
2017-04-26,1264.95,1261.85,17.59
2017-04-27,1264.3,1262.8,17.46
2017-04-28,1265.55,1266.45,17.41
2017-05-02,1255.8,1255.45,16.95
2017-05-03,1253.95,1250.3,16.85
2017-05-04,1235.85,1228.45,16.5
2017-05-05,1239.4,1228.05,16.27
2017-05-08,1229.7,1229.8,16.38
2017-05-09,1225.15,1220.4,16.22
2017-05-10,1222.95,1222.95,16.29
2017-05-11,1221,1223.15,16.37
2017-05-12,1227.9,1231.25,16.3
2017-05-15,1231.5,1233.3,16.59
2017-05-16,1234.05,1234.2,16.72
2017-05-17,1244.6,1257.4,16.9
2017-05-18,1261.35,1255.9,16.81
2017-05-19,1251.85,1252,16.77
2017-05-22,1255.25,1258.85,16.95
2017-05-23,1259.9,1260.2,17.14
2017-05-24,1251.35,1252.55,17.03
2017-05-25,1257.1,1256.95,17.15
2017-05-26,1265,1265.05,17.29
2017-05-30,1262.8,1262.7,17.27
2017-05-31,1263.8,1266.2,17.31
2017-06-01,1266.15,1264.85,17.13
2017-06-02,1260.95,1274.95,17.19
2017-06-05,1280.7,1279.95,17.52
2017-06-06,1287.85,1293.5,17.56
2017-06-07,1292.7,1291,17.6
2017-06-08,1284.8,1273.1,17.6
2017-06-09,1274.25,1266.55,17.35
2017-06-12,1269.25,1266.4,17.13
2017-06-13,1261.3,1262,16.82
2017-06-14,1268.25,1275.5,16.96
2017-06-15,1260.25,1254.55,16.86
2017-06-16,1256.6,1255.4,16.76
2017-06-19,1251.1,1248.15,16.67
2017-06-20,1246.5,1242.2,16.59
2017-06-21,1247.05,1242.5,16.51
2017-06-22,1251.4,1250.8,16.58
2017-06-23,1256.3,1255.7,16.71
2017-06-26,1240.85,1245.25,16.53
2017-06-27,1250.4,1249.55,16.66
2017-06-28,1251.6,1248,16.78
2017-06-29,1246.6,1243.5,16.83
2017-06-30,1243.25,1242.25,16.47
2017-07-03,1235.2,1229.25,16.48
2017-07-04,1224.25,1223.75,16.15
2017-07-05,1221.9,1220.3,15.95
2017-07-06,1224.3,1224.9,16.01
2017-07-07,1220.4,1215.65,15.84
2017-07-10,1207.55,1211.9,15.22
2017-07-11,1211.9,1211.05,15.51
2017-07-12,1219.4,1218.8,15.83
2017-07-13,1221.4,1218.9,15.95
2017-07-14,1218.95,1230.3,15.71
2017-07-17,1229.85,1234.1,16.07
2017-07-18,1237.1,1240.75,16.17
2017-07-19,1239.85,1242.15,16.23
2017-07-20,1236.55,1238.7,16.18
2017-07-21,1247.25,1248.55,16.43
2017-07-24,1255.85,1255.55,16.5
2017-07-25,1252,1254.4,16.31
2017-07-26,1245.4,1248.1,16.37
2017-07-27,1262.05,1261.1,16.79
2017-07-28,1259.6,1264.9,16.56
2017-07-31,1266.35,1267.55,16.76
2017-08-01,1267.05,1270.95,16.74
2017-08-02,1266.65,1269.6,16.67
2017-08-03,1261.8,1268.1,16.47
2017-08-04,1269.3,1257.7,16.7
2017-08-07,1257.55,1258,16.13
2017-08-08,1261.45,1261.8,16.39
2017-08-09,1267.95,1271.05,16.59
2017-08-10,1278.9,1284.4,17.08
2017-08-11,1288.3,1286.1,17.09
2017-08-14,1281.1,1282.3,16.97
2017-08-15,1274.6,1270.3,16.89
2017-08-16,1270.15,1272.75,16.68
2017-08-17,1285.9,1285.15,17.02
2017-08-18,1295.25,1295.8,17.15
2017-08-21,1287.6,1292.9,17.02
2017-08-22,1285.1,1284.2,17.02
2017-08-23,1286.45,1286.65,17.06
2017-08-24,1285.9,1289,16.93
2017-08-25,1287.05,1285.3,17.02
2017-08-29,1323.4,1318.65,17.6
2017-08-30,1310.6,1308.5,17.44
2017-08-31,1305.8,1311.75,17.34
2017-09-01,1318.4,1320.4,17.5
2017-09-04,1334.6,1333.1,17.8
2017-09-05,1331.15,1335.55,17.88
2017-09-06,1340.15,1337.85,17.77
2017-09-07,1340.45,1343.5,17.79
2017-09-08,1350.9,1346.25,18.21
2017-09-11,1338.75,1334.2,17.85
2017-09-12,1326.25,1326.5,17.75
2017-09-13,1332.25,1327.55,17.91
2017-09-14,1323,1324.55,17.75
2017-09-15,1325,1322.85,17.7
2017-09-18,1314.4,1312.1,17.53
2017-09-19,1308.45,1309.6,17.15
2017-09-20,1314.9,1311.3,17.38
2017-09-21,1297.35,1292.1,16.95
2017-09-22,1297,1294.8,16.97
2017-09-25,1295.5,1293.3,16.95
2017-09-26,1306.9,1300.05,17.01
2017-09-27,1291.3,1282.55,16.89
2017-09-28,1284.3,1283.35,16.82
2017-09-29,1286.95,1283.1,16.86
2017-10-02,1273.1,1273.7,16.58
2017-10-03,1270.7,1271.25,16.61
2017-10-04,1275.55,1274.25,16.825
2017-10-05,1278.4,1274.5,16.66
2017-10-06,1268.2,1261.8,16.625
2017-10-09,1282.15,1278.75,16.92
2017-10-10,1289.6,1291.4,17.12
2017-10-11,1290.2,1289.25,17.15
2017-10-12,1294.45,1290.25,17.195
2017-10-13,1293.9,1299.6,17.2
2017-10-16,1305.15,1303.3,17.41
2017-10-17,1289.7,1284.75,17.11
2017-10-18,1280.65,1280.2,16.95
2017-10-19,1283.4,1286.4,17.025
2017-10-20,1280.25,1281.2,17.075
2017-10-23,1275.25,1274.9,16.995
2017-10-24,1278.3,1276.45,17.035
2017-10-25,1273,1275,16.89
2017-10-26,1278,1273.75,16.97
2017-10-27,1267.8,1266.45,16.72
2017-10-30,1272.75,1272,16.735
2017-10-31,1274.4,1270.15,16.82
2017-11-01,1279.25,1277.05,16.94
2017-11-02,1276.4,1279.2,17.08
2017-11-03,1275.3,1267.2,17.085
2017-11-06,1271.6,1270.9,16.915
2017-11-07,1276.35,1275.6,17.005
2017-11-08,1282.25,1284,16.995
2017-11-09,1284,1284.8,17.1
2017-11-10,1284.45,1284.3,17
2017-11-13,1278.4,1277.95,16.925
2017-11-14,1273.7,1274.6,16.935
2017-11-15,1285.7,1282.2,17.115
2017-11-16,1277.7,1280,17.04
2017-11-17,1283.85,1284.35,17.085
2017-11-20,1292.35,1286.2,17.145
2017-11-21,1280,1283.3,17
2017-11-22,1283.95,1286.95,16.965
2017-11-23,1290.15,1290.35,17.095
2017-11-24,1289.15,1290.5,17.05
2017-11-27,1294.7,1294.9,17.1
2017-11-28,1293.9,1291.85,17.07
2017-11-29,1294.85,1283.85,16.895
2017-11-30,1282.15,1280.2,16.57
2017-12-01,1277.25,1275.5,16.42
2017-12-04,1279.1,1273.45,16.33
2017-12-05,1275.9,1266.3,16.285
2017-12-06,1268.55,1263.7,16.115
2017-12-07,1256.8,1255,15.91
2017-12-08,1245.85,1250.65,15.825
2017-12-11,1251.4,1247.15,15.835
2017-12-12,1243.4,1240.9,15.78
2017-12-13,1241.6,1242.65,15.705
2017-12-14,1255.6,1251,16.01
2017-12-15,1257.25,1254.6,15.985
2017-12-18,1258.65,1260.6,16.09
2017-12-19,1263.1,1260.35,16.155
2017-12-20,1265.95,1264.55,16.185
2017-12-21,1265.85,1264.55,16.145
2017-12-22,1268.05,,16.175
2017-12-27,1285.4,1279.4,16.5
2017-12-28,1291.6,1291,16.74
2017-12-29,1296.5,,16.865
2018-01-02,1312.8,1312.05,17.06
2018-01-03,1314.6,1314.9,17.125
2018-01-04,1313.7,1314.5,17.13
2018-01-05,1317.9,1317.15,17.155
2018-01-08,1318.8,1319.95,17.17
2018-01-09,1314.95,1311,17.055
2018-01-10,1321.65,1319.75,17.135
2018-01-11,1319.85,1323.05,17.01
2018-01-12,1332.9,1326.8,17.12
2018-01-15,1343,1339.25,17.325
2018-01-16,1334.95,1333.85,17.095
2018-01-17,1337.35,1335.65,17.21
2018-01-18,1329.75,1332.2,17.09
2018-01-19,1335.8,1334.95,17.04
2018-01-22,1334.15,1332.6,17.035
2018-01-23,1337.1,1333.4,16.98
2018-01-24,1350.5,1353.7,17.19
2018-01-25,1360.25,1354.95,17.52
2018-01-26,1354.35,1353.15,17.4
2018-01-29,1348.4,1343.85,17.335
2018-01-30,1345.7,1344.9,17.295
2018-01-31,1343.35,1345.05,17.23
2018-02-01,1341.1,1341.35,17.19
2018-02-02,1345,1331.15,17.135
2018-02-05,1337.1,1333.6,16.875
2018-02-06,1344.65,1331.4,16.805
2018-02-07,1328.5,1324.65,16.69
2018-02-08,1311.05,1315.45,16.345
2018-02-09,1316.05,1314.1,16.355
2018-02-12,1321.7,1322.3,16.425
2018-02-13,1329.4,1325.35,16.605
2018-02-14,1330.75,1336.25,16.58
2018-02-15,1353.7,1352.45,16.825
2018-02-16,1358.6,1352.1,16.835
2018-02-19,1347.4,1346.6,16.72
2018-02-20,1337.4,1339.85,16.57
2018-02-21,1328.6,1330.5,16.435
2018-02-22,1323.5,1328.35,16.465
2018-02-23,1328.9,1327.95,16.61
2018-02-26,1339.05,1333.5,16.67
2018-02-27,1332.75,1325.75,16.61
2018-02-28,1320.3,1317.85,16.44
2018-03-01,1311.25,1307.75,16.315
2018-03-02,1316.75,1322.3,16.445
2018-03-05,1326.3,1320.4,16.51
2018-03-06,1324.95,1331.4,16.62
2018-03-07,1332.5,1329.4,16.645
2018-03-08,1325.4,1321,16.48
2018-03-09,1319.35,1320.6,16.485
2018-03-12,1317.25,1319.15,16.455
2018-03-13,1318.7,1322.75,16.51
2018-03-14,1324.95,1323.55,16.605
2018-03-15,1323.35,1318.75,16.52
2018-03-16,1320.05,1310.1,16.475
2018-03-19,1311.7,1312.4,16.285
2018-03-20,1312.75,1311,16.25
2018-03-21,1316.35,1321.35,16.245
2018-03-22,1328.85,1329.15,16.52
2018-03-23,1342.35,1346.6,16.53
2018-03-26,1348.4,1352.4,16.61
2018-03-27,1350.65,1341.45,16.64
2018-03-28,1341.05,1332.45,16.455
2018-03-29,1323.9,1323.85,16.28
2018-04-03,1336.6,1333.45,16.52
2018-04-04,1343.15,1337.3,16.46
2018-04-05,1327.05,1327.7,16.305
2018-04-06,1325.6,1331.2,16.275
2018-04-09,1328.5,1331.95,16.34
2018-04-10,1335.95,1338.95,16.49
2018-04-11,1345.2,1350.75,16.565
2018-04-12,1345.9,1341.35,16.655
2018-04-13,1340.75,1343.75,16.505
2018-04-16,1344.4,1349.35,16.6
2018-04-17,1342.95,1342.1,16.625
2018-04-18,1346.55,1351.45,16.945
2018-04-19,1347.9,1348.6,17.195
2018-04-20,1340.15,1336.75,17.11
2018-04-23,1328,1324.3,16.935
2018-04-24,1327.35,1328.85,16.595
2018-04-25,1325.7,1321.65,16.565
2018-04-26,1321.9,1320.7,16.575
2018-04-27,1317.7,1321.5,16.53
2018-04-30,1316.25,1313.2,16.38
2018-05-01,1309.2,1307.1,16.25
2018-05-02,1304.2,1304.25,16.35
2018-05-03,1313.3,1315.05,16.465
2018-05-04,1309.35,1309.4,16.415
2018-05-08,1310.05,1306.6,16.445
2018-05-09,1306.85,1313.85,16.44
2018-05-10,1314.8,1318.8,16.6
2018-05-11,1324.8,1324.35,16.76
2018-05-14,1320.7,1319.85,16.645
2018-05-15,1310.05,1295,16.41
2018-05-16,1291.75,1291.25,16.255
2018-05-17,1288.85,1289.5,16.385
2018-05-18,1287.2,1288.3,16.39
2018-05-21,1285.85,1288.35,16.34
2018-05-22,1293.9,1293.05,16.58
2018-05-23,1294,1289,16.53
2018-05-24,1296.35,1304.85,16.51
2018-05-25,1303.95,1303.5,16.67
2018-05-29,1302.05,1295.5,16.475
2018-05-30,1298.6,1300.7,16.37
2018-05-31,1303.5,1305.35,16.55
2018-06-01,1299.15,1294.6,16.42
2018-06-04,1294.65,1295.45,16.44
2018-06-05,1292.25,1292.05,16.385
2018-06-06,1295.25,1300.1,16.545
2018-06-07,1298.3,1297.25,16.745
2018-06-08,1299.2,1298.25,16.72
2018-06-11,1296.05,1299.6,16.76
2018-06-12,1298.3,1298.65,16.855
2018-06-13,1294.4,1296.15,16.905
2018-06-14,1305.3,1302.75,17.125
2018-06-15,1300.1,1285.25,17.225
2018-06-18,1281.25,1281.55,16.605
2018-06-19,1279,1276.15,16.355
2018-06-20,1273.25,1274.2,16.285
2018-06-21,1263.7,1266.15,16.245
2018-06-22,1269.7,1269.15,16.425
2018-06-25,1269.8,1268.7,16.375
2018-06-26,1257.15,1260.3,16.225
2018-06-27,1256.8,1254.6,16.21
2018-06-28,1250.5,1251.55,16.11
2018-06-29,1250.55,1250.45,16.03
2018-07-02,1249,1247.8,15.98
2018-07-03,1245.85,1251.75,15.93
2018-07-04,1256.9,1255.65,16.045
2018-07-05,1252.5,1255.5,15.95
2018-07-06,1254.2,1255.35,15.995
2018-07-09,1262.6,1262.05,16.205
2018-07-10,1253.7,1254,15.93
2018-07-11,1250,1251.4,15.915
2018-07-12,1244.85,1245.9,15.84
2018-07-13,1240.5,1241.7,15.81
2018-07-16,1244.9,1241.1,15.81
2018-07-17,1243.65,1232.8,15.77
2018-07-18,1223.45,1224.5,15.44
2018-07-19,1217.4,1217.55,15.26
2018-07-20,1224.85,1228.75,15.37
2018-07-23,1229.45,1224.95,15.485
2018-07-24,1224.3,1228.35,15.51
2018-07-25,1230.55,1231.5,15.565
2018-07-26,1228.35,1228.25,15.535
2018-07-27,1219.15,1223.95,15.355
2018-07-30,1222.05,1223.8,15.49
2018-07-31,1219.2,1220.95,15.43
2018-08-01,1222.75,1219,15.475
2018-08-02,1217.6,1215.45,15.45
2018-08-03,1207.7,1216.3,15.36
2018-08-06,1212,1209.65,15.345
2018-08-07,1215.4,1212.35,15.465
2018-08-08,1212.35,1209.55,15.345
2018-08-09,1215.5,1214.35,15.48
2018-08-10,1211.65,1214.4,15.375
2018-08-13,1204.4,1200.35,15.185
2018-08-14,1195.3,1197,15.035
2018-08-15,1186.7,1182,14.825
2018-08-16,1179.65,1180.4,14.605
2018-08-17,1176.7,1178.4,14.66
2018-08-20,1188.75,1184.35,14.755
2018-08-21,1194.1,1190.95,14.785
2018-08-22,1196.85,1196.65,14.81
2018-08-23,1187.3,1192.35,14.625
2018-08-24,1189.95,1197.7,14.62
2018-08-28,1212.75,1212.25,14.9
2018-08-29,1204.3,1204.2,14.69
2018-08-30,1202.35,1197.3,14.665
2018-08-31,1206.85,1202.45,14.655
2018-09-03,1201.7,1200.05,14.525
2018-09-04,1195.73,1190.85,14.25
2018-09-05,1194.7,1196.7,14.17
2018-09-06,1204.3,1205.15,14.265
2018-09-07,1200.75,1198.9,14.185
